Rk,Player,From,To,Age,G,GS,MP,FG,FGA,2P,2PA,3P,3PA,FT,FTA,ORB,DRB,TRB,AST,STL,BLK,TOV,PF,PTS,FG%,2P%,3P%,FT%,TS%,eFG%,Pos,Team,-9999
1,Ivica Zubac,2022-23,2022-23,25,76,76,28.6,4.3,6.8,4.3,6.7,0.0,0.0,2.2,3.1,3.1,6.8,9.9,1.0,0.4,1.3,1.5,2.9,10.8,.634,.637,.000,.697,.661,.634,C,LAC,zubaciv01
2,Cody Zeller,2022-23,2022-23,30,15,2,14.5,2.5,3.9,2.5,3.8,0.0,0.1,1.6,2.3,1.7,2.6,4.3,0.7,0.2,0.3,0.9,2.2,6.5,.627,.649,.000,.686,.659,.627,C-F,MIA,zelleco01
3,Omer Yurtseven,2022-23,2022-23,24,9,0,9.2,1.8,3.0,1.4,2.2,0.3,0.8,0.6,0.7,0.9,1.7,2.6,0.2,0.2,0.2,0.4,1.8,4.4,.593,.650,.429,.833,.675,.648,C,MIA,yurtsom01
4,Trae Young,2022-23,2022-23,24,73,73,34.8,8.2,19.0,6.1,12.7,2.1,6.3,7.8,8.8,0.8,2.2,3.0,10.2,1.1,0.1,4.1,1.4,26.2,.429,.476,.335,.886,.573,.485,G,ATL,youngtr01
5,Thaddeus Young,2022-23,2022-23,34,54,9,14.7,2.0,3.7,1.9,3.0,0.1,0.6,0.3,0.5,1.3,1.8,3.1,1.4,1.0,0.1,0.8,1.6,4.4,.545,.622,.176,.692,.573,.561,F,TOR,youngth01
6,Gabe York,2022-23,2022-23,29,3,0,18.7,2.7,7.0,0.7,1.0,2.0,6.0,0.7,0.7,0.0,2.0,2.0,1.7,0.7,0.0,0.0,1.7,8.0,.381,.667,.333,1.000,.548,.524,G,IND,yorkga01
7,McKinley Wright IV,2022-23,2022-23,24,27,1,12.4,1.7,3.6,1.4,2.6,0.3,1.0,0.5,0.7,0.3,1.4,1.7,2.1,0.3,0.2,0.7,0.9,4.2,.469,.529,.321,.684,.536,.515,G,DAL,wrighmc01
8,Delon Wright,2022-23,2022-23,30,50,14,24.4,2.8,5.8,1.9,3.4,0.8,2.4,1.0,1.2,1.2,2.4,3.6,3.9,1.8,0.3,0.9,1.2,7.4,.474,.564,.345,.867,.581,.545,G,WAS,wrighde01
9,Christian Wood,2022-23,2022-23,27,67,17,25.9,5.9,11.5,4.3,7.3,1.6,4.2,3.2,4.2,1.3,6.0,7.3,1.8,0.4,1.1,1.8,2.5,16.6,.515,.594,.376,.772,.624,.583,F,DAL,woodch01
10,James Wiseman,2022-23,2022-23,21,45,22,19.3,4.2,7.5,4.1,7.1,0.1,0.4,1.5,2.2,1.6,4.3,5.9,0.7,0.2,0.6,1.1,2.4,10.0,.558,.580,.200,.701,.589,.563,C,DETGSW,wisemja01
11,Justise Winslow,2022-23,2022-23,26,29,11,26.8,2.8,6.8,2.3,5.3,0.5,1.6,0.7,1.0,1.7,3.3,5.0,3.4,1.0,0.4,1.5,3.1,6.8,.409,.438,.311,.714,.466,.444,F,POR,winslju01
12,Dylan Windler,2022-23,2022-23,26,3,0,3.3,0.7,1.0,0.3,0.3,0.3,0.7,0.0,0.0,0.0,0.0,0.0,0.3,0.3,0.0,0.3,0.0,1.7,.667,1.000,.500,,.833,.833,G-F,CLE,windldy01
13,Zion Williamson,2022-23,2022-23,22,29,29,33.0,9.8,16.2,9.6,15.5,0.2,0.7,6.1,8.6,2.0,5.0,7.0,4.6,1.1,0.6,3.4,2.2,26.0,.608,.618,.368,.714,.652,.615,F-C,NOP,willizi01
14,Ziaire Williams,2022-23,2022-23,21,37,4,15.2,2.3,5.3,1.6,2.7,0.7,2.6,0.5,0.6,0.4,1.7,2.1,0.9,0.4,0.2,1.0,1.6,5.7,.429,.596,.258,.773,.511,.492,F,MEM,willizi02
15,Vince Williams Jr.,2022-23,2022-23,22,15,1,7.0,0.8,2.7,0.5,0.8,0.3,1.9,0.1,0.1,0.3,0.7,1.0,0.3,0.4,0.1,0.3,0.8,2.0,.300,.667,.143,1.000,.367,.350,F,MEM,willivi01
16,Robert Williams,2022-23,2022-23,25,35,20,23.5,3.6,4.9,3.6,4.8,0.0,0.0,0.7,1.2,3.0,5.4,8.3,1.4,0.6,1.4,1.0,1.9,8.0,.747,.751,.000,.610,.742,.747,C-F,BOS,williro04
17,Patrick Williams,2022-23,2022-23,21,82,65,28.3,3.8,8.3,2.4,4.9,1.4,3.4,1.1,1.3,1.0,3.0,4.0,1.2,0.9,0.9,1.2,1.8,10.2,.464,.498,.415,.857,.576,.549,F,CHI,willipa01
18,Mark Williams,2022-23,2022-23,21,43,17,19.3,3.7,5.8,3.7,5.8,0.0,0.0,1.6,2.3,2.2,4.9,7.1,0.4,0.7,1.0,0.9,2.2,9.0,.637,.637,,.691,.659,.637,C,CHO,willima07
19,Kenrich Williams,2022-23,2022-23,28,53,10,22.8,3.4,6.5,2.4,4.0,0.9,2.5,0.3,0.7,1.8,3.1,4.9,2.0,0.8,0.3,0.6,2.1,8.0,.517,.608,.373,.436,.585,.590,G-F,OKC,willike04
20,Jeenathan Williams,2022-23,2022-23,23,5,4,25.4,4.8,7.8,4.2,6.2,0.6,1.6,0.4,0.6,2.0,1.0,3.0,2.0,0.6,0.4,0.8,2.6,10.6,.615,.677,.375,.667,.657,.654,G,POR,willije02
21,Jaylin Williams,2022-23,2022-23,20,49,36,18.7,2.1,4.8,1.1,2.5,0.9,2.3,0.8,1.1,0.9,4.0,4.9,1.6,0.6,0.2,0.8,2.3,5.9,.436,.463,.407,.704,.559,.534,F,OKC,willija07
22,Jalen Williams,2022-23,2022-23,21,75,62,30.3,5.5,10.6,4.5,7.9,1.0,2.7,2.1,2.5,1.1,3.4,4.5,3.3,1.4,0.5,1.6,2.5,14.1,.521,.579,.356,.812,.601,.567,G,OKC,willija06
23,Grant Williams,2022-23,2022-23,24,79,23,25.9,2.7,6.0,1.3,2.3,1.5,3.7,1.2,1.5,1.1,3.5,4.6,1.7,0.5,0.4,1.0,2.4,8.1,.454,.546,.395,.770,.605,.575,F,BOS,willigr01
24,Donovan Williams,2022-23,2022-23,21,2,0,2.0,1.0,2.5,1.0,1.5,0.0,1.0,0.0,0.0,0.0,1.0,1.0,0.0,0.0,0.0,0.0,0.0,2.0,.400,.667,.000,,.400,.400,F,ATL,willido02
25,Alondes Williams,2022-23,2022-23,23,1,0,5.0,0.0,0.0,0.0,0.0,0.0,0.0,0.0,0.0,0.0,1.0,1.0,0.0,0.0,0.0,2.0,1.0,0.0,,,,,,,G,BRK,willial06
26,Lindell Wigginton,2022-23,2022-23,24,7,1,12.4,2.6,5.3,1.7,2.7,0.9,2.6,1.1,1.3,0.0,1.0,1.0,2.0,0.0,0.3,1.7,1.0,7.1,.486,.632,.333,.889,.610,.568,G,MIL,wiggili01
27,Andrew Wiggins,2022-23,2022-23,27,37,37,32.2,6.8,14.3,4.4,8.2,2.4,6.1,1.2,1.9,1.6,3.4,5.0,2.3,1.2,0.8,1.3,2.9,17.1,.473,.530,.396,.611,.564,.557,F-G,GSW,wiggian01
28,Aaron Wiggins,2022-23,2022-23,24,70,14,18.5,2.7,5.2,2.0,3.4,0.7,1.7,0.8,1.0,1.0,2.0,3.0,1.1,0.6,0.2,0.8,1.6,6.8,.512,.573,.393,.831,.607,.579,G,OKC,wiggiaa01
29,Joe Wieskamp,2022-23,2022-23,23,9,0,5.6,0.3,1.6,0.0,0.2,0.3,1.3,0.0,0.0,0.0,0.4,0.4,0.3,0.0,0.0,0.1,0.3,1.0,.214,.000,.250,,.321,.321,G,TOR,wieskjo01
30,Jack White,2022-23,2022-23,25,17,0,3.9,0.5,1.1,0.3,0.6,0.2,0.5,0.1,0.2,0.4,0.6,1.0,0.2,0.2,0.1,0.1,0.5,1.2,.421,.500,.333,.667,.517,.500,F,DEN,whiteja03
31,Derrick White,2022-23,2022-23,28,82,70,28.3,4.3,9.2,2.5,4.5,1.8,4.8,2.0,2.3,0.6,2.9,3.6,3.9,0.7,0.9,1.2,2.2,12.4,.462,.548,.381,.875,.604,.560,G,BOS,whitede01
32,Coby White,2022-23,2022-23,22,74,2,23.4,3.6,8.0,1.8,3.4,1.7,4.6,0.8,0.9,0.2,2.6,2.9,2.8,0.7,0.1,1.0,1.6,9.7,.443,.540,.372,.871,.572,.551,G,CHI,whiteco01
33,Russell Westbrook,2022-23,2022-23,34,73,24,29.1,5.9,13.6,4.7,9.7,1.2,3.9,2.8,4.3,1.2,4.6,5.8,7.5,1.0,0.5,3.5,2.2,15.9,.436,.487,.311,.656,.513,.481,G,LACLAL,westbru01
34,Blake Wesley,2022-23,2022-23,19,37,1,18.1,1.9,5.8,1.3,4.4,0.5,1.4,0.7,1.2,0.3,1.9,2.2,2.7,0.7,0.1,1.8,1.8,5.0,.321,.301,.385,.591,.393,.367,G,SAS,weslebl01
35,Peyton Watson,2022-23,2022-23,20,23,2,8.1,1.3,2.6,1.0,2.0,0.3,0.6,0.5,0.9,0.3,1.3,1.6,0.5,0.1,0.5,0.3,0.6,3.3,.492,.511,.429,.550,.553,.542,G-F,DEN,watsope01
36,Trendon Watford,2022-23,2022-23,22,62,12,19.1,2.9,5.2,2.5,4.2,0.4,1.0,1.2,1.6,0.7,3.2,3.8,2.1,0.5,0.2,1.1,1.9,7.4,.560,.602,.391,.720,.625,.599,F,POR,watfotr01
37,Lindy Waters III,2022-23,2022-23,25,41,0,13.0,1.7,4.3,0.3,0.4,1.4,4.0,0.4,0.5,0.4,1.4,1.8,0.7,0.3,0.3,0.2,1.0,5.2,.393,.750,.358,.800,.573,.556,G,OKC,waterli01
38,Yuta Watanabe,2022-23,2022-23,28,58,1,16.0,2.0,4.0,0.9,1.7,1.0,2.3,0.6,0.8,0.5,1.9,2.4,0.8,0.4,0.3,0.4,1.4,5.6,.491,.557,.444,.723,.637,.621,F,BRK,watanyu01
39,TyTy Washington Jr.,2022-23,2022-23,21,31,2,14.0,1.9,5.2,1.3,2.6,0.6,2.6,0.3,0.6,0.1,1.4,1.5,1.5,0.5,0.1,0.5,0.9,4.7,.363,.488,.238,.556,.432,.422,G,HOU,washity02
40,P.J. Washington,2022-23,2022-23,24,73,73,32.6,5.9,13.4,3.9,7.5,2.0,5.9,1.7,2.4,1.0,3.9,4.9,2.4,0.9,1.1,1.5,2.6,15.7,.444,.518,.348,.730,.542,.520,F,CHO,washipj01
41,Duane Washington Jr.,2022-23,2022-23,22,31,3,12.7,3.0,8.3,1.7,4.7,1.3,3.6,0.5,0.8,0.1,1.1,1.2,2.0,0.2,0.1,1.1,0.7,7.9,.367,.372,.360,.667,.458,.445,G,PHO,washidu02
42,T.J. Warren,2022-23,2022-23,29,42,0,16.4,3.1,6.4,2.6,4.8,0.5,1.6,0.7,0.8,0.6,2.3,2.9,1.0,0.5,0.3,0.5,1.5,7.5,.489,.542,.328,.800,.550,.530,F,BRKPHO,warretj01
43,John Wall,2022-23,2022-23,32,34,3,22.2,4.1,9.9,3.1,6.7,1.0,3.2,2.3,3.3,0.4,2.3,2.7,5.2,0.8,0.4,2.4,1.7,11.4,.408,.459,.303,.681,.498,.457,G,LAC,walljo01
44,Lonnie Walker IV,2022-23,2022-23,24,56,32,23.2,4.2,9.4,2.6,5.0,1.6,4.4,1.6,1.9,0.3,1.7,1.9,1.1,0.5,0.3,0.8,1.3,11.7,.448,.522,.365,.858,.570,.534,G,LAL,walkelo01
45,Kemba Walker,2022-23,2022-23,32,9,1,16.0,2.7,6.3,1.9,3.2,0.8,3.1,1.9,2.3,0.3,1.4,1.8,2.1,0.2,0.2,0.4,1.2,8.0,.421,.586,.250,.810,.543,.482,G,DAL,walkeke02
46,Jabari Walker,2022-23,2022-23,20,56,0,11.1,1.5,3.5,1.2,2.5,0.3,1.0,0.6,0.8,0.9,1.5,2.3,0.6,0.2,0.2,0.5,1.2,3.9,.419,.472,.286,.756,.496,.460,F,POR,walkeja01
47,Ish Wainright,2022-23,2022-23,28,60,2,15.3,1.4,3.8,0.5,0.9,1.0,2.9,0.4,0.5,0.8,1.6,2.3,0.9,0.6,0.4,0.4,2.0,4.2,.370,.500,.329,.839,.522,.496,F,PHO,wainris01
48,Moritz Wagner,2022-23,2022-23,25,57,18,19.5,3.5,6.9,2.6,4.1,0.9,2.9,2.7,3.2,1.2,3.3,4.5,1.5,0.6,0.2,1.2,2.4,10.5,.500,.631,.313,.841,.630,.564,F-C,ORL,wagnemo01
49,Franz Wagner,2022-23,2022-23,21,80,80,32.6,6.8,14.0,5.2,9.5,1.6,4.5,3.4,4.0,0.9,3.2,4.1,3.5,1.0,0.2,2.1,2.3,18.6,.485,.544,.361,.842,.589,.543,G-F,ORL,wagnefr01
50,Dean Wade,2022-23,2022-23,26,44,13,20.3,1.7,4.0,0.6,1.1,1.0,2.9,0.3,0.5,0.5,3.0,3.4,0.8,0.6,0.5,0.4,2.0,4.7,.412,.560,.354,.652,.550,.540,F,CLE,wadede01
51,Nikola Vučević,2022-23,2022-23,32,82,82,33.5,7.3,14.0,5.8,9.8,1.5,4.2,1.6,1.9,1.9,9.1,11.0,3.2,0.7,0.7,1.7,2.2,17.6,.520,.594,.349,.835,.594,.573,C,CHI,vucevni01
52,Noah Vonleh,2022-23,2022-23,27,23,1,7.4,0.5,1.0,0.4,0.9,0.0,0.2,0.1,0.1,0.8,1.3,2.1,0.3,0.1,0.3,0.5,1.5,1.1,.458,.500,.250,1.000,.502,.479,F-C,BOS,vonleno01
53,Gabe Vincent,2022-23,2022-23,26,68,34,25.9,3.4,8.3,1.6,3.2,1.7,5.1,1.0,1.1,0.4,1.7,2.1,2.5,0.9,0.1,1.4,2.3,9.4,.402,.512,.334,.872,.533,.505,G,MIA,vincega01
54,Devin Vassell,2022-23,2022-23,22,38,32,31.0,6.9,15.7,4.2,8.7,2.7,7.0,2.1,2.6,0.2,3.7,3.9,3.6,1.1,0.4,1.5,1.5,18.5,.439,.480,.387,.780,.550,.525,G-F,SAS,vassede01
55,Fred VanVleet,2022-23,2022-23,28,69,69,36.7,6.3,16.1,3.3,7.3,3.0,8.8,3.7,4.1,0.4,3.6,4.1,7.2,1.8,0.6,2.0,2.8,19.3,.393,.455,.342,.898,.540,.486,G,TOR,vanvlfr01
56,Jarred Vanderbilt,2022-23,2022-23,23,78,65,24.1,3.2,5.8,2.8,4.6,0.4,1.2,1.2,1.8,2.2,5.3,7.5,2.4,1.1,0.3,1.2,2.4,7.9,.548,.604,.322,.691,.604,.580,F,LALUTA,vandeja01
57,Jonas Valančiūnas,2022-23,2022-23,30,79,79,24.9,5.6,10.3,5.2,8.9,0.5,1.4,2.3,2.8,2.8,7.3,10.2,1.8,0.3,0.7,2.0,3.1,14.1,.547,.577,.349,.826,.610,.570,C,NOP,valanjo01
58,Stanley Umude,2022-23,2022-23,23,1,0,2.0,0.0,1.0,0.0,0.0,0.0,1.0,2.0,2.0,0.0,0.0,0.0,0.0,1.0,1.0,0.0,0.0,2.0,.000,,.000,1.000,.532,.000,G,DET,umudest01
59,Myles Turner,2022-23,2022-23,26,62,62,29.4,6.5,11.8,5.0,7.8,1.5,4.0,3.5,4.5,1.4,6.1,7.5,1.4,0.6,2.3,1.7,3.5,18.0,.548,.638,.373,.783,.651,.612,C-F,IND,turnemy01
60,P.J. Tucker,2022-23,2022-23,37,75,75,25.6,1.3,3.0,0.5,1.1,0.7,1.9,0.3,0.3,1.3,2.7,3.9,0.8,0.5,0.2,0.6,2.4,3.5,.427,.482,.393,.826,.566,.549,F,PHI,tuckepj01
61,Gary Trent Jr.,2022-23,2022-23,24,66,44,32.1,6.1,14.2,3.6,7.3,2.5,6.8,2.6,3.1,0.5,2.2,2.6,1.6,1.6,0.2,0.8,1.5,17.4,.433,.493,.369,.839,.560,.522,G,TOR,trentga02
62,Karl-Anthony Towns,2022-23,2022-23,27,29,29,33.0,7.3,14.8,5.2,9.1,2.1,5.7,4.1,4.7,1.7,6.5,8.1,4.8,0.7,0.6,3.0,3.8,20.8,.495,.576,.366,.874,.618,.565,C-F,MIN,townska01
63,Juan Toscano-Anderson,2022-23,2022-23,29,52,9,13.5,1.2,2.8,1.1,1.9,0.2,0.8,0.4,0.5,0.5,1.8,2.4,1.3,0.3,0.2,0.7,1.5,3.0,.448,.560,.186,.792,.505,.476,F,LALUTA,toscaju01
64,Obi Toppin,2022-23,2022-23,24,67,5,15.7,2.8,6.3,1.5,2.6,1.3,3.7,0.6,0.7,0.4,2.4,2.8,1.0,0.3,0.2,0.6,1.0,7.4,.446,.593,.344,.809,.565,.548,F,NYK,toppiob01
65,Isaiah Todd,2022-23,2022-23,21,6,1,10.2,0.5,3.0,0.3,1.3,0.2,1.7,0.3,0.3,0.3,1.7,2.0,0.7,0.2,0.0,0.3,0.7,1.5,.167,.250,.100,1.000,.238,.194,F,WAS,toddis01
66,Xavier Tillman Sr.,2022-23,2022-23,24,61,29,19.3,3.1,5.0,3.0,4.8,0.1,0.2,0.8,1.5,2.0,3.0,5.0,1.6,1.0,0.5,0.7,1.6,7.0,.614,.632,.267,.551,.621,.621,F,MEM,tillmxa01
67,Matisse Thybulle,2022-23,2022-23,25,71,28,16.9,1.5,3.6,0.8,1.5,0.8,2.1,0.3,0.4,0.6,1.4,2.0,0.7,1.2,0.5,0.3,1.6,4.1,.435,.533,.365,.679,.552,.542,G,PHIPOR,thybuma01
68,JT Thor,2022-23,2022-23,20,69,8,14.0,1.4,3.4,0.8,1.7,0.6,1.8,0.5,0.7,0.5,1.7,2.2,0.5,0.3,0.3,0.6,1.0,3.8,.399,.487,.317,.702,.506,.481,F,CHO,thorjt01
69,Klay Thompson,2022-23,2022-23,32,69,69,33.0,7.9,18.1,3.6,7.6,4.4,10.6,1.7,1.9,0.6,3.6,4.1,2.4,0.7,0.4,1.8,1.9,21.9,.436,.470,.412,.879,.576,.556,G-F,GSW,thompkl01
70,Cam Thomas,2022-23,2022-23,21,57,4,16.6,3.5,8.0,2.6,5.7,0.9,2.3,2.6,3.1,0.1,1.5,1.7,1.4,0.4,0.1,1.1,1.0,10.6,.441,.464,.383,.868,.567,.497,G,BRK,thomaca02
71,Daniel Theis,2022-23,2022-23,30,7,1,15.6,3.0,6.3,2.7,4.7,0.3,1.6,0.7,1.7,1.0,2.1,3.1,1.3,0.3,0.9,0.4,1.0,7.0,.477,.576,.182,.417,.497,.500,C,IND,theisda01
72,Dalen Terry,2022-23,2022-23,20,38,0,5.6,0.8,1.9,0.7,1.2,0.2,0.7,0.4,0.6,0.3,0.7,1.0,0.6,0.3,0.1,0.2,0.6,2.2,.444,.556,.259,.667,.523,.493,G,CHI,terryda01
73,Garrett Temple,2022-23,2022-23,36,25,0,6.5,0.7,1.8,0.3,0.8,0.4,1.0,0.1,0.2,0.2,0.5,0.7,0.5,0.4,0.1,0.2,0.6,2.0,.400,.368,.423,.750,.535,.522,G,NOP,templga01
74,Terry Taylor,2022-23,2022-23,23,31,2,8.5,1.3,2.4,1.1,1.8,0.2,0.6,0.2,0.4,0.9,0.6,1.5,0.3,0.1,0.2,0.3,0.8,2.9,.520,.607,.263,.545,.557,.553,G-F,CHIIND,taylote01
75,Jayson Tatum,2022-23,2022-23,24,74,74,36.9,9.8,21.1,6.6,11.8,3.2,9.3,7.2,8.4,1.1,7.7,8.8,4.6,1.1,0.7,2.9,2.2,30.1,.466,.558,.350,.854,.607,.543,F,BOS,tatumja01
76,Jae'Sean Tate,2022-23,2022-23,27,31,7,21.8,3.5,7.4,3.1,5.9,0.4,1.5,1.6,2.2,1.3,2.5,3.8,2.7,0.7,0.2,1.5,3.4,9.1,.480,.530,.283,.725,.546,.509,F,HOU,tateja01
77,Cole Swider,2022-23,2022-23,23,7,0,5.9,0.4,1.3,0.0,0.1,0.4,1.1,0.0,0.0,0.1,0.9,1.0,0.6,0.0,0.0,0.0,0.4,1.3,.333,.000,.375,,.500,.500,F,LAL,swideco01
78,Edmond Sumner,2022-23,2022-23,27,53,12,13.9,2.3,5.1,1.8,3.4,0.6,1.6,1.9,2.0,0.2,1.2,1.5,1.3,0.6,0.2,0.9,1.6,7.1,.461,.511,.356,.917,.597,.519,G,BRK,sumneed01
79,Jalen Suggs,2022-23,2022-23,21,53,19,23.5,3.5,8.4,2.3,4.6,1.2,3.8,1.6,2.2,1.0,2.0,3.0,2.9,1.3,0.5,1.8,2.3,9.9,.419,.496,.327,.723,.528,.493,G,ORL,suggsja01
80,Max Strus,2022-23,2022-23,26,80,33,28.4,4.1,9.9,1.6,2.8,2.5,7.0,1.0,1.1,0.6,2.6,3.2,2.1,0.5,0.2,0.9,2.1,11.5,.410,.559,.350,.876,.557,.535,G,MIA,strusma01
81,Isaiah Stewart,2022-23,2022-23,21,50,47,28.3,3.9,8.8,2.6,4.7,1.3,4.1,2.2,3.0,2.3,5.8,8.1,1.4,0.4,0.7,1.4,2.7,11.3,.442,.542,.327,.738,.560,.518,F-C,DET,stewais01
82,Lamar Stevens,2022-23,2022-23,25,62,25,18.1,2.1,4.6,1.6,3.1,0.5,1.5,0.6,0.9,0.8,2.6,3.3,0.5,0.4,0.3,0.4,1.3,5.3,.448,.513,.316,.702,.524,.500,F,CLE,stevela01
83,Jaden Springer,2022-23,2022-23,20,16,2,5.6,1.1,2.2,0.9,1.9,0.1,0.3,0.4,0.5,0.4,0.5,0.9,0.5,0.4,0.2,0.2,0.9,2.6,.486,.500,.400,.750,.545,.514,G,PHI,sprinja01
84,Jeremy Sochan,2022-23,2022-23,19,56,53,26.0,4.5,9.9,3.9,7.5,0.6,2.4,1.4,2.1,1.7,3.6,5.3,2.5,0.8,0.4,1.7,2.5,11.0,.453,.519,.246,.698,.509,.483,F,SAS,sochaje01
85,Xavier Sneed,2022-23,2022-23,25,4,0,12.0,1.3,2.5,0.5,1.0,0.8,1.5,1.0,1.0,0.0,1.3,1.3,1.3,0.0,0.3,0.8,1.8,4.3,.500,.500,.500,1.000,.723,.650,F,CHO,sneedxa01
86,Jalen Smith,2022-23,2022-23,22,68,31,18.8,3.6,7.5,2.8,4.7,0.8,2.8,1.5,2.0,1.9,3.9,5.8,1.0,0.3,0.9,1.1,2.3,9.4,.476,.593,.283,.759,.565,.530,F,IND,smithja04
87,Jabari Smith Jr.,2022-23,2022-23,19,79,79,31.0,4.6,11.3,3.1,6.3,1.5,4.9,2.1,2.6,1.5,5.7,7.2,1.3,0.5,0.9,1.3,2.9,12.8,.408,.487,.307,.786,.514,.475,F,HOU,smithja05
88,Ish Smith,2022-23,2022-23,34,43,0,9.3,1.2,3.0,1.2,2.8,0.0,0.3,0.0,0.1,0.1,1.1,1.3,2.3,0.2,0.2,1.0,0.8,2.5,.397,.420,.167,.500,.407,.405,G,DEN,smithis01
89,Dru Smith,2022-23,2022-23,25,15,1,10.5,1.2,3.0,0.9,1.7,0.3,1.3,0.2,0.2,0.1,1.5,1.6,1.5,0.7,0.3,0.2,1.5,2.9,.400,.500,.263,1.000,.475,.456,G,BRKMIA,smithdr01
90,Dennis Smith Jr.,2022-23,2022-23,25,54,15,25.7,3.4,8.4,3.0,6.3,0.4,2.1,1.4,2.0,0.5,2.6,3.1,4.8,1.4,0.5,1.5,2.3,8.8,.412,.475,.216,.736,.475,.438,G,CHO,smithde03
91,Marcus Smart,2022-23,2022-23,28,61,61,32.1,4.1,9.9,2.2,4.3,1.9,5.6,1.4,1.9,0.8,2.4,3.1,6.3,1.5,0.4,2.3,2.8,11.5,.415,.519,.336,.746,.538,.511,G,BOS,smartma01
92,Jericho Sims,2022-23,2022-23,24,52,16,15.6,1.6,2.1,1.6,2.0,0.0,0.0,0.2,0.3,1.9,2.8,4.7,0.5,0.3,0.5,0.5,1.8,3.4,.776,.783,.000,.750,.780,.776,F,NYK,simsje01
93,Anfernee Simons,2022-23,2022-23,23,62,62,35.0,7.5,16.9,4.1,7.8,3.4,9.1,2.6,2.9,0.3,2.3,2.6,4.1,0.7,0.2,2.1,2.3,21.1,.447,.528,.377,.894,.581,.548,G,POR,simonan01
94,Marko Simonovic,2022-23,2022-23,23,7,0,2.9,0.3,1.0,0.1,0.4,0.1,0.6,0.1,0.3,0.1,0.1,0.3,0.0,0.0,0.0,0.0,0.7,0.9,.286,.333,.250,.500,.381,.357,C,CHI,simonma01
95,Kobi Simmons,2022-23,2022-23,25,5,0,5.6,0.2,1.2,0.0,0.2,0.2,1.0,0.4,0.4,0.2,0.6,0.8,1.0,0.0,0.4,0.2,0.0,1.0,.167,.000,.200,1.000,.363,.250,G,CHO,simmoko01
96,Ben Simmons,2022-23,2022-23,26,42,33,26.3,3.2,5.6,3.2,5.5,0.0,0.0,0.6,1.4,1.0,5.3,6.3,6.1,1.3,0.6,2.3,3.3,6.9,.566,.571,.000,.439,.559,.566,G-F,BRK,simmobe01
97,Chris Silva,2022-23,2022-23,26,1,0,3.0,1.0,1.0,1.0,1.0,0.0,0.0,0.0,0.0,0.0,0.0,0.0,0.0,0.0,0.0,1.0,2.0,2.0,1.000,1.000,,,1.000,1.000,F,DAL,silvach01
98,Pascal Siakam,2022-23,2022-23,28,71,71,37.4,8.9,18.5,7.6,14.5,1.3,4.0,5.2,6.7,1.8,6.0,7.8,5.8,0.9,0.5,2.4,3.2,24.2,.480,.523,.324,.774,.565,.515,F,TOR,siakapa01
99,Shaedon Sharpe,2022-23,2022-23,19,80,15,22.2,3.8,8.1,2.6,4.6,1.3,3.5,0.9,1.3,0.8,2.2,3.0,1.2,0.5,0.3,1.0,1.7,9.9,.472,.559,.360,.714,.568,.551,G,POR,sharpsh01
100,Day'Ron Sharpe,2022-23,2022-23,21,48,3,11.5,1.9,3.6,1.8,3.3,0.1,0.2,0.7,1.1,2.1,2.1,4.2,0.8,0.3,0.7,0.9,1.9,4.7,.544,.544,.545,.636,.581,.561,C,BRK,sharpda01
101,Landry Shamet,2022-23,2022-23,25,40,9,20.2,2.8,7.5,1.0,2.5,1.9,5.0,1.1,1.3,0.3,1.4,1.7,2.3,0.7,0.1,0.9,1.5,8.7,.377,.376,.377,.882,.537,.502,G,PHO,shamela01
102,Collin Sexton,2022-23,2022-23,24,48,15,23.9,4.9,9.8,3.9,7.2,1.0,2.5,3.4,4.1,0.8,1.4,2.2,2.9,0.6,0.1,1.8,2.3,14.3,.506,.546,.393,.819,.616,.558,G,UTA,sextoco01
103,Alperen Şengün,2022-23,2022-23,20,75,72,28.9,5.9,10.7,5.6,9.9,0.3,0.8,2.7,3.8,3.2,5.8,9.0,3.9,0.9,0.9,2.6,3.4,14.8,.553,.570,.333,.715,.599,.565,C-F,HOU,sengual01
104,Dereon Seabron,2022-23,2022-23,22,5,0,2.4,0.4,1.0,0.4,1.0,0.0,0.0,0.0,0.0,0.2,0.0,0.2,0.0,0.0,0.0,0.0,0.2,0.8,.400,.400,,,.400,.400,G,NOP,seabrde01
105,Jay Scrubb,2022-23,2022-23,22,2,0,15.0,2.5,3.5,1.5,2.5,1.0,1.0,0.5,1.0,0.0,3.0,3.0,0.5,1.0,0.0,1.5,1.0,6.5,.714,.600,1.000,.500,.825,.857,G-F,ORL,scrubja01
106,Dennis Schröder,2022-23,2022-23,29,66,50,30.1,4.1,9.8,3.0,6.4,1.1,3.4,3.3,3.8,0.3,2.2,2.5,4.5,0.8,0.2,1.7,2.2,12.6,.415,.461,.329,.857,.545,.472,G,LAL,schrode01
107,Admiral Schofield,2022-23,2022-23,25,37,0,12.2,1.5,3.3,0.8,1.3,0.6,2.0,0.6,0.6,0.6,1.1,1.7,0.8,0.2,0.1,0.4,1.6,4.2,.451,.646,.324,.913,.587,.549,G-F,ORL,schofad01
108,Jordan Schakel,2022-23,2022-23,24,2,0,3.0,0.5,1.0,0.0,0.5,0.5,0.5,0.0,0.0,0.0,0.0,0.0,0.5,0.5,0.0,0.0,0.5,1.5,.500,.000,1.000,,.750,.750,F,WAS,schakjo01
109,Olivier Sarr,2022-23,2022-23,23,9,1,12.7,1.7,3.3,1.6,2.4,0.1,0.9,0.6,0.8,1.3,2.1,3.4,0.4,0.1,0.6,0.4,1.9,4.0,.500,.636,.125,.714,.544,.517,C,OKC,sarrol01
110,Dario Šarić,2022-23,2022-23,28,57,12,14.1,2.2,4.9,1.4,2.8,0.8,2.0,1.1,1.3,0.9,2.7,3.6,1.3,0.4,0.1,1.0,1.7,6.4,.458,.506,.391,.829,.583,.540,F-C,OKCPHO,saricda01
111,Luka Šamanić,2022-23,2022-23,23,7,4,23.0,3.7,8.1,2.6,3.7,1.1,4.4,1.3,1.9,0.0,4.3,4.3,2.1,0.9,0.3,1.4,2.4,9.9,.456,.692,.258,.692,.550,.526,F,UTA,samanlu01
112,Domantas Sabonis,2022-23,2022-23,26,79,79,34.6,7.3,11.9,6.9,10.8,0.4,1.1,4.1,5.5,3.2,9.1,12.3,7.3,0.8,0.5,2.9,3.5,19.1,.615,.639,.373,.742,.668,.632,C-F,SAC,sabondo01
113,Matt Ryan,2022-23,2022-23,25,34,0,9.1,1.2,3.2,0.2,0.7,0.9,2.5,0.3,0.4,0.1,0.6,0.8,0.5,0.1,0.0,0.2,0.8,3.6,.370,.333,.381,.833,.538,.519,F,LALMIN,ryanma01
114,D'Angelo Russell,2022-23,2022-23,26,71,71,32.5,6.3,13.4,3.5,6.5,2.7,6.9,2.5,3.0,0.5,2.5,3.0,6.2,1.0,0.4,2.6,2.0,17.8,.469,.548,.396,.829,.605,.572,G,LALMIN,russeda01
115,Ricky Rubio,2022-23,2022-23,32,33,2,17.2,1.8,5.4,1.2,2.9,0.6,2.5,0.8,1.1,0.3,1.8,2.1,3.5,0.8,0.2,0.9,1.5,5.2,.343,.417,.256,.800,.442,.402,G,CLE,rubiori01
116,Terry Rozier,2022-23,2022-23,28,63,63,35.3,7.8,18.9,5.2,10.8,2.6,8.0,2.8,3.5,0.8,3.3,4.1,5.1,1.2,0.3,2.1,1.9,21.1,.415,.480,.327,.809,.517,.484,G,CHO,roziete01
117,Terrence Ross,2022-23,2022-23,31,63,9,21.1,3.2,7.4,1.7,3.3,1.5,4.1,0.4,0.5,0.3,2.1,2.4,1.5,0.6,0.2,0.7,1.5,8.3,.430,.507,.368,.794,.544,.532,F-G,ORLPHO,rosste01
118,Derrick Rose,2022-23,2022-23,34,27,0,12.5,2.3,5.9,1.6,3.6,0.7,2.3,0.4,0.4,0.3,1.2,1.5,1.7,0.3,0.2,0.8,0.7,5.6,.384,.438,.302,.917,.463,.443,G,NYK,rosede01
119,Ryan Rollins,2022-23,2022-23,20,12,0,5.2,0.6,1.7,0.3,0.9,0.3,0.8,0.5,0.5,0.3,0.8,1.0,0.5,0.1,0.1,1.3,0.8,1.9,.350,.364,.333,1.000,.508,.425,G,GSW,rolliry01
120,David Roddy,2022-23,2022-23,21,70,4,18.0,2.6,6.0,1.6,3.0,0.9,3.0,0.6,0.9,0.7,2.0,2.8,0.8,0.4,0.3,0.8,1.5,6.7,.429,.553,.307,.631,.519,.506,F,MEM,roddyda01
121,Isaiah Roby,2022-23,2022-23,24,42,2,11.3,1.6,3.7,1.2,2.3,0.4,1.4,0.5,1.0,0.5,2.0,2.5,0.9,0.4,0.2,0.7,1.3,4.1,.432,.516,.300,.488,.497,.490,F,SAS,robyis01
122,Jeremiah Robinson-Earl,2022-23,2022-23,22,43,20,18.9,2.6,5.8,1.7,3.2,0.9,2.6,0.8,1.0,1.7,2.5,4.2,1.0,0.6,0.3,0.4,1.7,6.8,.444,.533,.333,.833,.548,.518,F,OKC,robinje02
123,Orlando Robinson,2022-23,2022-23,22,31,1,13.7,1.5,2.9,1.5,2.7,0.0,0.2,0.7,1.0,1.5,2.5,4.1,0.8,0.4,0.4,0.5,1.7,3.7,.528,.566,.000,.710,.565,.528,F,MIA,robinor01
124,Mitchell Robinson,2022-23,2022-23,24,59,58,27.0,3.2,4.7,3.2,4.7,0.0,0.0,1.0,2.1,4.5,4.9,9.4,0.9,0.9,1.8,0.7,2.7,7.4,.671,.671,,.484,.652,.671,C,NYK,robinmi01
125,Duncan Robinson,2022-23,2022-23,28,42,1,16.5,2.1,5.6,0.6,1.1,1.5,4.6,0.7,0.8,0.2,1.5,1.6,1.1,0.3,0.0,0.7,1.8,6.4,.371,.556,.328,.906,.534,.504,G-F,MIA,robindu01
126,Austin Rivers,2022-23,2022-23,30,52,10,19.5,1.8,4.0,0.9,1.7,0.8,2.4,0.6,0.8,0.1,1.5,1.6,1.4,0.5,0.1,0.4,1.5,4.9,.435,.558,.350,.769,.564,.538,G,MIN,riverau01
127,Josh Richardson,2022-23,2022-23,29,65,10,23.5,3.7,8.5,2.0,4.0,1.6,4.5,1.1,1.2,0.6,2.1,2.7,2.7,1.1,0.3,1.3,1.8,10.1,.431,.506,.365,.852,.555,.528,G,NOPSAS,richajo01
128,Nick Richards,2022-23,2022-23,25,65,9,18.7,3.0,4.8,3.0,4.8,0.0,0.0,2.1,2.8,2.3,4.1,6.4,0.6,0.2,1.1,0.9,2.4,8.2,.629,.628,1.000,.749,.676,.631,F-C,CHO,richani01
129,Jared Rhoden,2022-23,2022-23,23,14,0,14.1,1.2,3.1,0.9,1.7,0.4,1.4,0.4,0.4,0.8,1.9,2.6,0.3,0.3,0.1,0.2,1.6,3.2,.386,.500,.250,1.000,.482,.443,G,DET,rhodeja01
130,Naz Reid,2022-23,2022-23,23,68,11,18.4,4.6,8.5,3.5,5.3,1.1,3.2,1.3,1.9,1.1,3.8,4.9,1.1,0.6,0.8,1.4,2.6,11.5,.537,.653,.346,.677,.617,.602,F,MIN,reidna01
131,Paul Reed,2022-23,2022-23,23,69,2,10.9,1.8,3.0,1.8,2.9,0.0,0.1,0.6,0.7,1.6,2.2,3.8,0.4,0.7,0.7,0.7,1.8,4.2,.593,.606,.167,.745,.620,.596,F,PHI,reedpa01
132,Davon Reed,2022-23,2022-23,27,43,1,8.0,0.7,2.0,0.3,0.9,0.4,1.1,0.4,0.6,0.2,1.1,1.4,0.5,0.3,0.1,0.5,0.9,2.1,.333,.289,.370,.667,.471,.435,G,DENLAL,reedda01
133,Cam Reddish,2022-23,2022-23,23,40,20,24.8,3.5,7.8,2.4,4.2,1.1,3.6,1.6,1.9,0.5,1.8,2.2,1.4,1.0,0.4,1.2,1.8,9.7,.446,.560,.313,.853,.561,.518,F,NYKPOR,reddica01
134,Austin Reaves,2022-23,2022-23,24,64,22,28.8,4.0,7.7,2.7,4.3,1.3,3.4,3.6,4.1,0.5,2.5,3.0,3.4,0.5,0.3,1.5,1.7,13.0,.529,.631,.398,.864,.687,.616,G,LAL,reaveau01
135,Julius Randle,2022-23,2022-23,28,77,77,35.5,8.5,18.6,5.7,10.3,2.8,8.3,5.2,6.9,1.8,8.1,10.0,4.1,0.6,0.3,2.8,3.0,25.1,.459,.553,.343,.757,.581,.536,F-C,NYK,randlju01
136,Lester Quinones,2022-23,2022-23,22,4,0,4.5,0.5,1.3,0.0,0.3,0.5,1.0,1.0,1.5,0.3,0.5,0.8,0.5,0.3,0.0,1.3,0.0,2.5,.400,.000,.500,.667,.654,.600,G,GSW,quinole01
137,Immanuel Quickley,2022-23,2022-23,23,81,21,28.9,5.2,11.6,3.1,6.0,2.1,5.6,2.5,3.1,0.7,3.4,4.2,3.4,1.0,0.2,1.2,2.0,14.9,.448,.521,.370,.819,.578,.537,G,NYK,quickim01
138,Neemias Queta,2022-23,2022-23,23,5,0,5.8,1.2,1.8,1.2,1.8,0.0,0.0,0.0,0.4,1.0,1.2,2.2,0.2,0.0,0.4,0.2,1.4,2.4,.667,.667,,.000,.607,.667,C,SAC,quetane01
139,Trevelin Queen,2022-23,2022-23,25,7,0,10.0,1.0,4.1,0.7,2.0,0.3,2.1,0.7,0.7,1.1,1.3,2.4,0.9,0.3,0.7,1.0,0.6,3.0,.241,.357,.133,1.000,.337,.276,G,IND,queentr01
140,Payton Pritchard,2022-23,2022-23,25,48,3,13.4,2.1,5.1,0.9,1.9,1.2,3.2,0.3,0.3,0.5,1.3,1.8,1.3,0.3,0.0,0.8,0.8,5.6,.412,.495,.364,.750,.536,.527,G,BOS,pritcpa01
141,Taurean Prince,2022-23,2022-23,28,54,4,22.1,3.3,7.0,1.9,3.4,1.4,3.6,1.2,1.4,0.3,2.2,2.4,1.6,0.5,0.3,1.3,2.3,9.1,.467,.557,.381,.844,.597,.565,F,MIN,princta02
142,Joshua Primo,2022-23,2022-23,20,4,0,23.3,2.3,6.5,1.5,3.5,0.8,3.0,1.8,2.3,0.5,2.8,3.3,4.5,0.3,0.5,2.8,2.0,7.0,.346,.429,.250,.778,.467,.404,G,SAS,primojo01
143,Jason Preston,2022-23,2022-23,23,14,0,8.9,1.3,2.9,0.9,1.6,0.4,1.3,0.0,0.1,0.1,1.4,1.6,1.9,0.1,0.0,0.7,0.5,2.9,.439,.565,.278,.000,.489,.500,G,LAC,prestja01
144,Norman Powell,2022-23,2022-23,29,60,8,26.1,5.7,11.8,3.8,7.1,1.9,4.8,3.8,4.6,0.4,2.5,2.9,1.8,0.8,0.3,1.7,2.1,17.0,.479,.534,.397,.812,.612,.559,G,LAC,powelno01
145,Dwight Powell,2022-23,2022-23,31,76,64,19.2,2.6,3.5,2.6,3.5,0.0,0.1,1.5,2.2,2.0,2.2,4.1,0.9,0.6,0.3,0.9,2.8,6.7,.732,.746,.000,.667,.738,.732,F-C,DAL,poweldw01
146,Micah Potter,2022-23,2022-23,24,7,0,7.4,1.4,2.1,0.9,1.1,0.6,1.0,0.0,0.0,0.4,1.9,2.3,0.6,0.1,0.0,0.3,0.7,3.4,.667,.750,.571,,.800,.800,C,UTA,pottemi01
147,Kristaps Porziņģis,2022-23,2022-23,27,65,65,32.6,7.8,15.7,5.7,10.2,2.1,5.5,5.4,6.4,1.8,6.6,8.4,2.7,0.9,1.5,2.1,3.0,23.2,.498,.559,.385,.851,.627,.565,F-C,WAS,porzikr01
148,Bobby Portis,2022-23,2022-23,27,70,22,26.0,5.7,11.5,4.3,7.8,1.4,3.7,1.4,1.8,2.2,7.4,9.6,1.5,0.4,0.2,1.2,1.6,14.1,.496,.555,.370,.768,.575,.555,F,MIL,portibo01
149,Otto Porter Jr.,2022-23,2022-23,29,8,2,18.3,1.9,3.8,1.1,1.6,0.8,2.1,1.0,1.0,0.8,1.6,2.4,1.0,1.4,0.0,0.5,0.9,5.5,.500,.692,.353,1.000,.656,.600,F,TOR,porteot01
150,Michael Porter Jr.,2022-23,2022-23,24,62,62,29.0,6.4,13.2,3.4,5.9,3.0,7.3,1.5,1.9,1.0,4.5,5.5,1.0,0.6,0.5,1.1,1.9,17.4,.487,.579,.414,.800,.621,.602,F,DEN,portemi01
151,Kevin Porter Jr.,2022-23,2022-23,22,59,59,34.3,6.6,15.0,4.2,8.5,2.4,6.5,3.5,4.5,1.3,4.0,5.3,5.7,1.4,0.3,3.2,2.6,19.2,.442,.501,.366,.784,.565,.522,G,HOU,porteke02
152,Jordan Poole,2022-23,2022-23,23,82,43,30.0,6.7,15.6,4.1,7.8,2.6,7.8,4.4,5.1,0.4,2.4,2.7,4.5,0.8,0.3,3.1,2.6,20.4,.430,.524,.336,.870,.573,.514,G,GSW,poolejo01
153,Aleksej Pokusevski,2022-23,2022-23,21,34,25,20.6,3.2,7.3,2.1,4.3,1.1,3.1,0.6,1.0,1.3,3.4,4.7,1.9,0.6,1.3,1.3,1.7,8.1,.434,.483,.365,.629,.522,.510,F,OKC,pokusal01
154,Jakob Poeltl,2022-23,2022-23,27,72,71,26.5,5.4,8.6,5.4,8.6,0.0,0.0,1.7,2.8,3.3,5.8,9.1,2.7,0.9,1.2,1.7,2.7,12.5,.629,.630,.000,.592,.635,.629,C,SASTOR,poeltja01
155,Mason Plumlee,2022-23,2022-23,32,79,60,26.0,4.2,6.1,4.2,6.1,0.0,0.0,2.5,4.0,2.9,6.0,8.9,3.1,0.6,0.6,1.5,2.7,10.8,.680,.680,,.636,.689,.680,C-F,CHOLAC,plumlma01
156,Scotty Pippen Jr.,2022-23,2022-23,22,6,0,5.3,0.7,2.0,0.5,1.5,0.2,0.5,0.8,1.5,0.3,0.3,0.7,0.3,0.3,0.2,0.3,0.5,2.3,.333,.333,.333,.556,.439,.375,G,LAL,pippesc02
157,Theo Pinson,2022-23,2022-23,27,40,1,8.1,0.8,2.2,0.2,0.6,0.6,1.6,0.3,0.3,0.3,1.3,1.6,1.2,0.2,0.0,0.3,0.9,2.4,.356,.360,.355,.846,.512,.483,G,DAL,pinsoth01
158,Gary Payton II,2022-23,2022-23,30,22,1,16.7,1.9,3.1,1.3,2.0,0.6,1.2,0.3,0.3,1.1,2.0,3.1,1.4,1.0,0.2,0.7,2.0,4.6,.594,.651,.500,.857,.701,.688,G,GSWPOR,paytoga02
159,Cameron Payne,2022-23,2022-23,28,48,15,20.2,3.9,9.4,2.5,5.6,1.4,3.9,1.0,1.3,0.3,2.0,2.2,4.5,0.7,0.2,1.7,1.8,10.3,.415,.448,.368,.766,.512,.490,G,PHO,payneca01
160,Chris Paul,2022-23,2022-23,37,59,59,32.0,5.0,11.3,3.3,6.9,1.7,4.4,2.3,2.7,0.5,3.8,4.3,8.9,1.5,0.4,1.9,2.1,13.9,.440,.482,.375,.831,.555,.513,G,PHO,paulch01
161,Kelly Oubre Jr.,2022-23,2022-23,27,48,40,32.3,7.4,17.1,5.1,10.0,2.3,7.1,3.3,4.3,1.4,3.8,5.2,1.1,1.4,0.4,1.3,2.9,20.3,.431,.510,.319,.760,.534,.497,F,CHO,oubreke01
162,Cedi Osman,2022-23,2022-23,27,77,2,20.1,3.1,6.9,1.6,2.8,1.5,4.1,1.0,1.4,0.3,2.0,2.3,1.5,0.5,0.1,0.7,1.6,8.7,.451,.564,.372,.694,.579,.560,F,CLE,osmande01
163,Eugene Omoruyi,2022-23,2022-23,25,40,6,16.1,2.5,5.7,1.9,3.5,0.6,2.2,1.3,1.9,1.1,1.7,2.8,0.7,0.7,0.1,0.9,2.3,7.0,.443,.547,.281,.680,.533,.498,F,DETOKC,omorueu01
164,Kelly Olynyk,2022-23,2022-23,31,68,68,28.6,4.1,8.2,2.7,4.7,1.4,3.5,2.9,3.4,1.2,5.0,6.2,3.7,0.9,0.5,2.5,3.4,12.5,.499,.576,.394,.853,.643,.583,C-F,UTA,olynyke01
165,Victor Oladipo,2022-23,2022-23,30,42,2,26.3,3.8,9.6,2.1,4.5,1.7,5.0,1.4,1.9,0.4,2.7,3.0,3.5,1.4,0.3,2.1,2.4,10.7,.397,.471,.330,.747,.513,.484,G,MIA,oladivi01
166,KZ Okpala,2022-23,2022-23,23,35,3,7.1,0.5,1.1,0.3,0.5,0.2,0.6,0.2,0.2,0.2,0.8,1.0,0.4,0.2,0.2,0.2,1.1,1.3,.421,.529,.333,.875,.554,.513,F,SAC,okpalkz01
167,Isaac Okoro,2022-23,2022-23,22,76,46,21.7,2.3,4.7,1.5,2.4,0.8,2.3,1.0,1.4,0.7,1.8,2.5,1.1,0.7,0.4,0.6,2.1,6.4,.494,.617,.363,.757,.614,.582,G-F,CLE,okorois01
168,Onyeka Okongwu,2022-23,2022-23,22,80,18,23.1,4.0,6.2,3.9,6.1,0.1,0.2,1.9,2.5,2.7,4.5,7.2,1.0,0.7,1.3,1.0,3.1,9.9,.638,.647,.308,.781,.678,.642,F,ATL,okongon01
169,Josh Okogie,2022-23,2022-23,24,72,26,18.8,2.3,5.8,1.3,3.0,0.9,2.7,1.9,2.7,1.5,2.0,3.5,1.5,0.8,0.5,0.9,1.6,7.3,.391,.442,.335,.724,.531,.471,G,PHO,okogijo01
170,Chuma Okeke,2022-23,2022-23,24,27,8,19.2,1.6,4.5,0.6,1.3,1.0,3.2,0.6,0.8,1.0,2.6,3.6,1.4,0.7,0.4,0.6,1.5,4.7,.352,.472,.302,.762,.488,.459,F,ORL,okekech01
171,Royce O'Neale,2022-23,2022-23,29,76,53,31.7,3.0,7.8,0.9,2.3,2.1,5.5,0.7,0.9,0.7,4.3,5.1,3.7,0.9,0.6,1.5,3.1,8.8,.386,.379,.389,.725,.538,.524,F,BRK,onealro01
172,Jordan Nwora,2022-23,2022-23,24,62,14,19.2,3.1,7.2,1.7,3.8,1.4,3.4,1.1,1.4,0.8,2.9,3.7,1.4,0.4,0.2,1.1,1.2,8.7,.436,.462,.408,.791,.561,.533,F,INDMIL,nworajo01
173,Jusuf Nurkić,2022-23,2022-23,28,52,52,26.8,5.0,9.7,4.2,7.4,0.8,2.3,2.4,3.7,2.2,6.9,9.1,2.9,0.8,0.8,2.3,3.6,13.3,.519,.567,.361,.661,.589,.561,C,POR,nurkiju01
174,Kendrick Nunn,2022-23,2022-23,27,70,2,13.8,2.7,6.4,1.6,3.2,1.1,3.2,0.5,0.6,0.2,1.3,1.6,1.3,0.4,0.1,0.9,0.9,7.1,.424,.493,.354,.854,.530,.512,G,LALWAS,nunnke01
175,Frank Ntilikina,2022-23,2022-23,24,47,5,12.9,1.0,2.8,0.7,1.4,0.4,1.4,0.5,0.7,0.1,1.2,1.3,1.2,0.3,0.1,0.6,1.4,2.9,.364,.477,.254,.667,.461,.428,G,DAL,ntilila01
176,Jaylen Nowell,2022-23,2022-23,23,65,2,19.3,4.3,9.6,3.3,6.0,1.0,3.6,1.2,1.5,0.6,2.1,2.6,2.0,0.6,0.1,1.0,1.6,10.8,.448,.542,.289,.778,.527,.502,G,MIN,nowelja01
177,Nerlens Noel,2022-23,2022-23,28,17,4,11.5,0.8,2.1,0.7,2.0,0.1,0.1,0.5,0.7,0.6,2.1,2.7,0.6,0.9,0.6,0.8,1.9,2.1,.361,.353,.500,.667,.424,.375,C-F,BRKDET,noelne01
178,Zeke Nnaji,2022-23,2022-23,22,53,5,13.7,2.1,3.7,1.8,2.5,0.3,1.2,0.8,1.2,1.2,1.4,2.6,0.3,0.3,0.4,0.6,2.0,5.2,.561,.710,.262,.645,.620,.605,F,DEN,nnajize01
179,Daishen Nix,2022-23,2022-23,20,57,7,16.0,1.4,4.2,0.7,1.7,0.7,2.5,0.4,0.6,0.3,1.4,1.7,2.3,0.5,0.1,1.5,1.0,4.0,.342,.423,.286,.667,.447,.426,G,HOU,nixda01
180,Georges Niang,2022-23,2022-23,29,78,1,19.4,2.8,6.4,0.9,1.5,2.0,4.9,0.5,0.6,0.2,2.1,2.4,1.0,0.4,0.2,0.7,1.9,8.2,.442,.576,.401,.867,.610,.596,F,PHI,niangge01
181,Raul Neto,2022-23,2022-23,30,48,1,10.5,1.2,2.3,0.9,1.4,0.3,0.9,0.6,0.7,0.2,0.8,1.0,1.6,0.4,0.1,0.5,1.0,3.3,.518,.662,.286,.912,.628,.573,G,CLE,netora01
182,Aaron Nesmith,2022-23,2022-23,23,73,60,24.9,3.5,8.1,1.9,3.8,1.6,4.3,1.6,1.9,0.8,2.9,3.8,1.3,0.8,0.5,1.0,3.2,10.1,.427,.496,.366,.838,.566,.525,G-F,IND,nesmiaa01
183,Andrew Nembhard,2022-23,2022-23,23,75,63,27.6,3.8,8.6,2.6,5.1,1.2,3.5,0.7,0.8,0.5,2.2,2.7,4.5,0.9,0.2,1.7,2.4,9.5,.441,.504,.350,.790,.528,.512,G,IND,nembhan01
184,Larry Nance Jr.,2022-23,2022-23,30,65,1,21.2,2.9,4.7,2.6,4.0,0.2,0.6,0.8,1.2,1.6,3.8,5.4,1.8,0.9,0.6,0.6,2.0,6.8,.610,.654,.333,.696,.649,.633,F-C,NOP,nancela02
185,Svi Mykhailiuk,2022-23,2022-23,25,32,8,14.6,2.4,5.4,1.1,2.3,1.3,3.1,0.8,1.2,0.5,1.2,1.7,1.7,0.5,0.1,0.8,0.7,6.9,.445,.473,.424,.667,.584,.566,G-F,CHONYK,mykhasv01
186,Mike Muscala,2022-23,2022-23,31,63,9,15.0,2.1,4.6,0.8,1.3,1.3,3.3,0.6,0.8,0.6,2.6,3.2,0.8,0.2,0.4,0.4,1.6,6.1,.449,.588,.391,.769,.608,.587,F-C,BOSOKC,muscami01
187,Keegan Murray,2022-23,2022-23,22,80,78,29.8,4.4,9.8,1.9,3.5,2.6,6.3,0.8,1.0,1.1,3.5,4.6,1.2,0.8,0.5,0.8,2.0,12.2,.453,.527,.411,.765,.597,.584,F,SAC,murrake02
188,Jamal Murray,2022-23,2022-23,25,65,65,32.8,7.3,16.0,4.6,9.4,2.6,6.6,2.8,3.3,0.7,3.2,4.0,6.2,1.0,0.2,2.2,1.6,20.0,.454,.494,.398,.833,.571,.537,G,DEN,murraja01
189,Dejounte Murray,2022-23,2022-23,26,74,74,36.4,8.3,17.8,6.5,12.6,1.8,5.2,2.1,2.6,0.7,4.5,5.3,6.1,1.5,0.3,2.2,1.4,20.5,.464,.514,.344,.832,.540,.514,G,ATL,murrade01
190,Trey Murphy III,2022-23,2022-23,22,79,65,31.0,4.9,10.1,2.3,3.8,2.6,6.3,2.2,2.4,0.7,2.8,3.6,1.4,1.1,0.5,0.8,2.0,14.5,.484,.611,.406,.905,.650,.610,F,NOP,murphtr02
191,Monte Morris,2022-23,2022-23,27,62,61,27.3,4.0,8.3,2.7,5.0,1.3,3.3,1.0,1.2,0.4,3.0,3.4,5.3,0.7,0.2,1.0,1.2,10.3,.480,.543,.382,.831,.579,.555,G,WAS,morrimo01
192,Markieff Morris,2022-23,2022-23,33,35,2,10.1,1.3,3.3,0.5,1.3,0.8,2.0,0.3,0.3,0.4,1.7,2.0,0.9,0.3,0.1,0.5,1.4,3.8,.409,.432,.394,1.000,.553,.530,F,BRKDAL,morrima02
193,Marcus Morris,2022-23,2022-23,33,65,65,28.1,4.2,9.9,2.5,5.2,1.7,4.7,1.0,1.3,0.4,3.5,4.0,1.8,0.6,0.3,0.9,2.1,11.2,.426,.484,.364,.782,.534,.513,F,LAC,morrima03
194,Ja Morant,2022-23,2022-23,23,61,59,31.9,9.3,19.9,7.8,15.0,1.5,4.9,6.1,8.1,1.0,4.9,5.9,8.1,1.1,0.3,3.4,1.6,26.2,.466,.519,.307,.748,.557,.504,G,MEM,moranja01
195,Wendell Moore Jr.,2022-23,2022-23,21,29,2,5.3,0.6,1.5,0.6,0.9,0.1,0.6,0.1,0.2,0.1,0.5,0.6,0.6,0.3,0.2,0.3,0.4,1.4,.419,.615,.118,.800,.465,.442,G-F,MIN,moorewe01
196,Xavier Moon,2022-23,2022-23,28,4,0,5.0,0.8,2.3,0.5,1.5,0.3,0.8,0.0,0.0,0.0,0.8,0.8,1.3,0.0,0.0,0.3,0.5,1.8,.333,.333,.333,,.389,.389,G,LAC,moonxa01
197,Moses Moody,2022-23,2022-23,20,63,3,13.0,1.7,3.6,0.9,1.5,0.8,2.1,0.6,0.8,0.4,1.2,1.7,0.8,0.3,0.1,0.5,0.9,4.8,.476,.641,.363,.698,.603,.584,G,GSW,moodymo01
198,Malik Monk,2022-23,2022-23,24,77,0,22.3,4.6,10.3,2.8,5.2,1.9,5.2,2.4,2.7,0.4,2.2,2.6,3.9,0.6,0.3,1.9,1.6,13.5,.448,.538,.359,.889,.587,.538,G,SAC,monkma01
199,Chima Moneke,2022-23,2022-23,27,2,0,4.0,0.5,1.0,0.5,1.0,0.0,0.0,0.0,1.0,1.0,0.0,1.0,0.5,0.0,0.0,1.0,1.0,1.0,.500,.500,,.000,.347,.500,F,SAC,monekch01
200,Isaiah Mobley,2022-23,2022-23,23,13,0,6.5,0.9,2.2,0.7,1.5,0.2,0.6,0.3,0.3,0.3,1.2,1.5,0.2,0.3,0.2,0.1,0.6,2.4,.429,.450,.375,1.000,.521,.482,F,CLE,mobleis01
201,Evan Mobley,2022-23,2022-23,21,79,79,34.4,6.6,12.0,6.4,10.7,0.3,1.3,2.6,3.8,2.4,6.6,9.0,2.8,0.8,1.5,1.8,2.8,16.2,.554,.595,.216,.674,.591,.566,F-C,CLE,mobleev01
202,Donovan Mitchell,2022-23,2022-23,26,68,68,35.8,10.0,20.6,6.4,11.3,3.6,9.3,4.7,5.4,0.9,3.3,4.3,4.4,1.5,0.4,2.6,2.5,28.3,.484,.566,.386,.867,.614,.572,G,CLE,mitchdo01
203,Davion Mitchell,2022-23,2022-23,24,80,9,18.1,2.3,5.0,1.5,2.5,0.8,2.5,0.3,0.4,0.2,1.1,1.3,2.3,0.6,0.2,0.8,1.4,5.6,.454,.584,.320,.806,.545,.533,G,SAC,mitchda01
204,Josh Minott,2022-23,2022-23,20,15,0,6.4,1.2,2.4,1.1,2.0,0.1,0.4,0.5,0.5,0.3,1.3,1.7,0.3,0.3,0.4,0.2,0.7,3.1,.500,.533,.333,1.000,.582,.528,F,MIN,minotjo01
205,Justin Minaya,2022-23,2022-23,23,4,0,22.3,1.8,5.8,1.0,2.8,0.8,3.0,0.0,0.3,0.8,3.0,3.8,1.0,0.5,1.3,1.0,2.3,4.3,.304,.364,.250,.000,.363,.370,F,POR,minayju01
206,Shake Milton,2022-23,2022-23,26,76,11,20.6,3.2,6.6,2.4,4.7,0.7,1.9,1.3,1.5,0.5,2.0,2.5,3.2,0.3,0.2,1.2,1.6,8.4,.479,.521,.378,.853,.575,.535,G,PHI,miltosh01
207,Patty Mills,2022-23,2022-23,34,40,2,14.2,2.2,5.2,0.9,1.9,1.2,3.4,0.6,0.8,0.2,0.9,1.1,1.4,0.4,0.1,0.8,0.8,6.2,.411,.493,.366,.833,.554,.529,G,BRK,millspa02
208,Khris Middleton,2022-23,2022-23,31,33,19,24.3,5.4,12.3,3.8,7.4,1.5,4.9,2.8,3.1,0.8,3.4,4.2,4.9,0.7,0.2,2.2,2.1,15.1,.436,.516,.315,.902,.551,.499,F-G,MIL,middlkh01
209,Chimezie Metu,2022-23,2022-23,25,66,0,10.4,2.0,3.3,1.8,2.7,0.1,0.6,0.8,1.1,0.7,2.3,3.0,0.6,0.3,0.3,0.5,1.2,4.9,.589,.663,.237,.740,.639,.610,F-C,SAC,metuch01
210,Sam Merrill,2022-23,2022-23,26,5,0,11.8,1.8,4.4,0.8,0.8,1.0,3.6,0.4,0.4,0.0,1.8,1.8,1.0,0.8,0.0,0.0,0.6,5.0,.409,1.000,.278,1.000,.546,.523,G,CLE,merrisa01
211,De'Anthony Melton,2022-23,2022-23,24,77,58,27.9,3.6,8.5,1.6,3.2,2.0,5.2,0.9,1.1,0.9,3.2,4.1,2.6,1.6,0.5,1.3,2.5,10.1,.425,.484,.390,.793,.566,.546,G,PHI,meltode01
212,Jordan McLaughlin,2022-23,2022-23,26,43,0,15.8,1.4,3.4,0.9,1.6,0.6,1.8,0.3,0.4,0.3,1.1,1.4,3.4,0.7,0.1,0.8,0.7,3.7,.421,.552,.308,.833,.526,.503,G,MIN,mclaujo01
213,Rodney McGruder,2022-23,2022-23,31,32,12,16.4,1.9,4.8,0.7,1.7,1.3,3.0,0.6,0.7,0.6,1.7,2.3,0.9,0.5,0.0,0.3,1.2,5.7,.408,.382,.423,.818,.566,.543,G,DET,mcgruro01
214,Bryce McGowens,2022-23,2022-23,20,46,7,17.1,1.7,4.4,1.2,2.7,0.6,1.7,1.3,1.7,0.4,1.6,2.0,1.2,0.3,0.1,0.9,1.0,5.3,.396,.443,.325,.750,.519,.460,G-F,CHO,mcgowbr01
215,JaVale McGee,2022-23,2022-23,35,42,7,8.5,1.9,3.0,1.9,2.9,0.0,0.1,0.6,1.0,0.7,1.8,2.5,0.3,0.1,0.6,0.9,1.3,4.4,.640,.650,.400,.585,.650,.648,C,DAL,mcgeeja01
216,Doug McDermott,2022-23,2022-23,31,64,0,20.5,3.7,8.2,1.8,3.5,1.9,4.7,0.8,1.1,0.4,1.8,2.2,1.4,0.2,0.1,0.9,1.8,10.2,.457,.516,.413,.757,.590,.575,F,SAS,mcderdo01
217,Jalen McDaniels,2022-23,2022-23,25,80,24,23.9,3.5,7.7,2.6,4.8,1.0,2.9,1.5,1.7,0.8,3.5,4.3,1.6,1.0,0.4,1.2,2.6,9.4,.455,.530,.332,.841,.557,.518,F,CHOPHI,mcdanja01
218,Jaden McDaniels,2022-23,2022-23,22,79,79,30.6,4.7,9.1,3.3,5.7,1.4,3.4,1.3,1.8,1.2,2.7,3.9,1.9,0.9,1.0,1.4,3.4,12.1,.517,.588,.398,.736,.611,.591,F,MIN,mcdanja02
219,T.J. McConnell,2022-23,2022-23,30,75,6,20.3,3.8,6.9,3.4,6.2,0.3,0.8,0.8,0.9,0.6,2.5,3.1,5.3,1.1,0.1,1.9,1.4,8.7,.543,.556,.441,.853,.590,.568,G,IND,mccontj01
220,CJ McCollum,2022-23,2022-23,31,75,75,35.3,7.8,17.9,5.0,10.7,2.8,7.2,2.4,3.2,0.7,3.6,4.4,5.7,0.9,0.5,2.4,2.0,20.9,.437,.469,.389,.769,.541,.515,G,NOP,mccolcj01
221,Mac McClung,2022-23,2022-23,24,2,0,20.5,4.5,10.0,2.5,4.5,2.0,5.5,1.5,2.5,1.5,3.5,5.0,4.5,0.0,0.0,1.5,1.5,12.5,.450,.556,.364,.600,.563,.550,G,PHI,mccluma01
222,Miles McBride,2022-23,2022-23,22,64,2,11.9,1.2,3.4,0.6,1.3,0.6,2.1,0.4,0.7,0.2,0.6,0.8,1.1,0.6,0.1,0.4,0.9,3.5,.358,.457,.299,.667,.475,.451,G,NYK,mcbrimi01
223,Skylar Mays,2022-23,2022-23,25,6,6,31.5,5.7,11.3,3.7,7.0,2.0,4.3,2.0,2.2,0.3,2.8,3.2,8.3,1.0,0.2,1.7,1.8,15.3,.500,.524,.462,.923,.624,.588,G,POR,mayssk01
224,Tyrese Maxey,2022-23,2022-23,22,60,41,33.6,7.3,15.2,4.7,9.1,2.7,6.2,3.0,3.6,0.4,2.6,2.9,3.5,0.8,0.1,1.3,2.2,20.3,.481,.513,.434,.845,.605,.568,G,PHI,maxeyty01
225,Wesley Matthews,2022-23,2022-23,36,52,0,15.8,1.1,3.1,0.4,0.7,0.8,2.4,0.5,0.5,0.7,1.5,2.2,0.7,0.4,0.3,0.3,1.4,3.4,.363,.528,.315,.857,.519,.484,G,MIL,matthwe02
226,Bennedict Mathurin,2022-23,2022-23,20,78,17,28.5,5.3,12.2,4.0,8.2,1.3,4.0,4.8,5.8,1.1,3.0,4.1,1.5,0.6,0.2,1.9,2.1,16.7,.434,.488,.323,.828,.566,.487,G-F,IND,mathube01
227,Garrison Mathews,2022-23,2022-23,26,54,0,12.7,1.4,3.7,0.2,0.4,1.2,3.3,0.9,1.0,0.2,1.1,1.4,0.5,0.4,0.1,0.4,1.1,4.8,.363,.476,.350,.906,.573,.520,G,ATLHOU,mathega01
228,Tyrese Martin,2022-23,2022-23,23,16,0,4.1,0.6,1.4,0.5,1.0,0.1,0.4,0.1,0.1,0.3,0.4,0.8,0.1,0.1,0.0,0.1,0.1,1.3,.391,.500,.143,1.000,.440,.413,G,ATL,martity01
229,Kenyon Martin Jr.,2022-23,2022-23,22,82,49,28.0,5.0,8.8,4.2,6.1,0.8,2.6,1.8,2.7,1.5,4.0,5.5,1.5,0.5,0.4,1.1,1.8,12.7,.569,.679,.315,.680,.635,.617,F,HOU,martike04
230,Cody Martin,2022-23,2022-23,27,7,0,19.1,2.0,5.1,1.6,3.1,0.4,2.0,0.6,1.0,1.1,2.3,3.4,1.6,0.6,0.1,0.3,1.9,5.0,.389,.500,.214,.571,.448,.431,G-F,CHO,martico01
231,Caleb Martin,2022-23,2022-23,27,71,49,29.3,3.6,7.7,2.4,4.4,1.2,3.3,1.3,1.6,1.2,3.6,4.8,1.6,1.0,0.4,1.1,2.0,9.6,.464,.545,.356,.805,.571,.540,F,MIA,martica02
232,Naji Marshall,2022-23,2022-23,25,77,21,23.3,3.2,7.4,2.4,4.6,0.9,2.8,1.8,2.3,0.6,3.0,3.6,2.5,0.7,0.2,1.3,1.5,9.1,.433,.513,.303,.789,.539,.490,F,NOP,marshna01
233,Lauri Markkanen,2022-23,2022-23,25,66,66,34.4,8.7,17.3,5.6,9.6,3.0,7.7,5.3,6.0,2.0,6.7,8.6,1.9,0.6,0.6,1.9,2.1,25.6,.499,.585,.391,.875,.640,.586,F-C,UTA,markkla01
234,Boban Marjanović,2022-23,2022-23,34,31,0,5.5,1.3,1.9,1.3,1.9,0.0,0.0,0.6,0.9,0.6,1.3,1.9,0.3,0.2,0.1,0.5,0.3,3.3,.683,.695,.000,.741,.710,.683,C,HOU,marjabo01
235,Tre Mann,2022-23,2022-23,21,67,5,17.7,2.9,7.5,1.7,3.6,1.2,3.8,0.6,0.8,0.4,1.9,2.3,1.8,0.6,0.2,0.9,1.5,7.7,.393,.475,.315,.764,.492,.474,G,OKC,manntr01
236,Terance Mann,2022-23,2022-23,26,81,36,23.1,3.4,6.5,2.4,4.0,1.0,2.4,1.1,1.5,1.0,2.5,3.4,2.3,0.5,0.3,1.0,1.8,8.8,.519,.598,.389,.780,.619,.593,G-F,LAC,mannte01
237,Sandro Mamukelashvili,2022-23,2022-23,23,43,7,15.3,2.3,5.3,1.6,3.0,0.7,2.3,0.9,1.3,1.6,2.7,4.3,1.4,0.3,0.3,0.8,1.2,6.1,.422,.511,.303,.684,.516,.487,C-F,MILSAS,mamuksa01
238,Théo Maledon,2022-23,2022-23,21,44,7,19.4,2.3,5.8,1.7,3.6,0.6,2.2,1.4,1.7,0.3,2.5,2.8,3.5,0.8,0.3,1.3,1.4,6.7,.402,.465,.295,.851,.515,.457,G,CHO,maledth01
239,Trey Lyles,2022-23,2022-23,27,74,0,16.9,2.5,5.5,1.4,2.3,1.2,3.2,1.4,1.7,0.9,3.1,4.1,0.9,0.4,0.4,0.9,1.3,7.6,.458,.595,.363,.815,.607,.565,F,SAC,lylestr01
240,Kyle Lowry,2022-23,2022-23,36,55,44,31.2,3.6,8.8,1.6,3.2,1.9,5.6,2.1,2.5,0.8,3.3,4.1,5.1,1.0,0.4,1.9,2.6,11.2,.404,.509,.345,.859,.565,.514,G,MIA,lowryky01
241,Kevin Love,2022-23,2022-23,34,62,20,20.0,2.7,6.8,1.1,2.1,1.6,4.8,1.3,1.5,1.0,5.5,6.4,1.9,0.3,0.2,1.1,1.6,8.2,.389,.516,.334,.879,.548,.506,F,CLEMIA,loveke01
242,Robin Lopez,2022-23,2022-23,34,37,2,8.1,1.3,2.0,1.2,1.9,0.1,0.1,0.4,0.5,0.6,0.8,1.4,0.5,0.1,0.2,0.7,1.2,3.0,.640,.648,.500,.778,.675,.653,C,CLE,lopezro01
243,Brook Lopez,2022-23,2022-23,34,78,78,30.4,6.1,11.5,4.4,6.9,1.7,4.7,1.9,2.4,2.0,4.7,6.7,1.3,0.5,2.5,1.4,2.6,15.9,.531,.637,.374,.784,.630,.606,C,MIL,lopezbr01
244,Kevon Looney,2022-23,2022-23,26,82,70,23.9,3.0,4.7,3.0,4.7,0.0,0.0,1.1,1.9,3.3,5.9,9.3,2.5,0.6,0.6,0.5,2.7,7.0,.630,.632,.000,.606,.639,.630,F-C,GSW,looneke01
245,Kenneth Lofton Jr.,2022-23,2022-23,20,24,1,7.3,2.0,3.9,1.8,3.2,0.3,0.7,0.7,1.1,0.8,1.3,2.1,0.8,0.2,0.1,0.5,1.2,5.0,.527,.566,.353,.593,.572,.559,F,MEM,loftoke01
246,Isaiah Livers,2022-23,2022-23,24,52,22,23.1,2.3,5.5,0.9,1.6,1.4,3.9,0.6,0.8,0.5,2.2,2.8,0.8,0.5,0.5,0.6,2.0,6.7,.417,.541,.365,.821,.567,.545,F,DET,liveris01
247,Nassir Little,2022-23,2022-23,22,54,4,18.1,2.5,5.6,1.4,2.7,1.1,2.9,0.6,0.9,0.5,2.1,2.6,0.9,0.4,0.4,0.7,1.2,6.6,.442,.524,.367,.717,.555,.538,F,POR,littlna01
248,Damian Lillard,2022-23,2022-23,32,58,58,36.3,9.6,20.7,5.4,9.4,4.2,11.3,8.8,9.6,0.8,4.0,4.8,7.3,0.9,0.3,3.3,1.9,32.2,.463,.574,.371,.914,.645,.564,G,POR,lillada01
249,Kira Lewis Jr.,2022-23,2022-23,21,25,0,9.4,1.6,3.5,1.0,2.2,0.6,1.4,0.8,0.9,0.2,1.1,1.3,0.9,0.4,0.1,0.4,1.0,4.6,.455,.463,.441,.864,.584,.540,G,NOP,lewiski01
250,Caris LeVert,2022-23,2022-23,28,74,30,30.2,4.3,10.0,2.6,5.6,1.7,4.4,1.8,2.4,0.7,3.1,3.8,3.9,1.0,0.3,1.6,2.3,12.1,.431,.462,.392,.722,.546,.517,G-F,CLE,leverca01
251,Meyers Leonard,2022-23,2022-23,30,9,2,12.7,1.6,3.2,0.8,1.2,0.8,2.0,0.9,1.0,1.3,2.4,3.8,0.1,0.2,0.0,0.7,1.8,4.8,.483,.636,.389,.889,.652,.603,C-F,MIL,leoname01
252,Kawhi Leonard,2022-23,2022-23,31,52,50,33.6,8.6,16.8,6.6,11.9,2.0,4.8,4.7,5.4,1.1,5.4,6.5,3.9,1.4,0.5,1.7,1.6,23.8,.512,.551,.416,.871,.623,.572,F,LAC,leonaka01
253,Alex Len,2022-23,2022-23,29,26,2,6.2,0.6,1.2,0.6,1.1,0.0,0.1,0.4,0.6,0.9,1.4,2.3,0.5,0.2,0.4,0.6,1.1,1.7,.533,.571,.000,.688,.580,.533,C,SAC,lenal01
254,Saben Lee,2022-23,2022-23,23,25,1,14.9,2.0,4.8,1.5,3.6,0.4,1.2,1.7,2.3,0.5,1.3,1.8,2.7,0.8,0.0,1.0,1.3,6.0,.405,.418,.367,.737,.517,.450,G,PHIPHO,leesa01
255,Damion Lee,2022-23,2022-23,30,74,5,20.4,2.7,6.1,1.2,2.8,1.5,3.3,1.3,1.4,0.5,2.5,3.0,1.3,0.4,0.1,1.1,1.6,8.2,.442,.439,.445,.904,.607,.564,G,PHO,leeda03
256,A.J. Lawson,2022-23,2022-23,22,15,0,7.2,1.5,2.9,0.8,1.3,0.7,1.7,0.1,0.5,0.4,1.0,1.4,0.1,0.1,0.0,0.2,0.7,3.7,.500,.632,.400,.250,.589,.614,G,DALMIN,lawsoaj01
257,Zach LaVine,2022-23,2022-23,27,77,77,35.9,8.7,18.0,6.1,11.0,2.6,7.1,4.7,5.6,0.5,3.9,4.5,4.2,0.9,0.2,2.5,2.1,24.8,.485,.556,.375,.848,.607,.558,G-F,CHI,lavinza01
258,Jake LaRavia,2022-23,2022-23,21,35,0,11.8,1.1,2.7,0.4,0.7,0.7,2.0,0.2,0.3,0.5,1.3,1.8,0.6,0.3,0.1,0.5,1.4,3.0,.389,.542,.338,.778,.531,.516,F,MEM,laravja01
259,Romeo Langford,2022-23,2022-23,23,43,21,19.6,2.8,6.0,2.4,4.6,0.4,1.4,0.9,1.3,1.3,1.3,2.7,1.2,0.6,0.3,0.7,1.6,6.9,.467,.530,.262,.696,.524,.498,G,SAS,langfro01
260,Jock Landale,2022-23,2022-23,27,69,4,14.2,2.6,4.9,2.3,3.7,0.3,1.2,1.1,1.5,1.7,2.3,4.1,1.0,0.2,0.4,0.9,1.8,6.6,.528,.621,.250,.752,.595,.559,C,PHO,landajo01
261,Anthony Lamb,2022-23,2022-23,25,62,4,19.3,2.4,5.1,1.2,1.9,1.2,3.2,0.7,1.0,0.9,2.6,3.5,1.5,0.5,0.3,0.9,2.2,6.7,.471,.652,.367,.767,.610,.588,F,GSW,lamban01
262,Kyle Kuzma,2022-23,2022-23,27,64,64,35.0,8.0,17.8,5.5,10.3,2.5,7.5,2.7,3.7,0.9,6.4,7.2,3.7,0.6,0.5,3.0,2.3,21.2,.448,.533,.333,.730,.544,.518,F,WAS,kuzmaky01
263,Jonathan Kuminga,2022-23,2022-23,20,67,16,20.8,3.9,7.4,3.1,5.2,0.8,2.2,1.3,2.1,1.0,2.4,3.4,1.9,0.6,0.5,1.4,2.3,9.9,.525,.590,.370,.652,.597,.579,F,GSW,kuminjo01
264,Vit Krejci,2022-23,2022-23,22,29,0,5.7,0.5,1.3,0.3,0.6,0.2,0.7,0.0,0.1,0.2,0.7,0.9,0.6,0.2,0.0,0.2,0.6,1.2,.405,.625,.238,.500,.475,.473,G,ATL,krejcvi01
265,Luke Kornet,2022-23,2022-23,27,69,0,11.7,1.6,2.5,1.6,2.3,0.0,0.2,0.5,0.6,1.2,1.6,2.9,0.8,0.2,0.7,0.4,1.2,3.8,.665,.701,.231,.821,.697,.674,F,BOS,kornelu01
266,Furkan Korkmaz,2022-23,2022-23,25,37,0,9.5,1.3,3.0,0.8,1.8,0.5,1.2,0.7,1.0,0.2,1.0,1.1,0.6,0.3,0.1,0.6,0.5,3.8,.432,.462,.391,.722,.552,.514,G,PHI,korkmfu01
267,John Konchar,2022-23,2022-23,26,72,23,20.8,1.9,4.4,1.1,2.0,0.8,2.5,0.4,0.5,0.9,3.4,4.3,1.4,1.1,0.3,0.5,1.6,5.1,.431,.545,.339,.778,.542,.525,G,MEM,konchjo01
268,Christian Koloko,2022-23,2022-23,22,58,19,13.8,1.2,2.6,1.2,2.4,0.0,0.2,0.6,1.0,1.4,1.5,2.9,0.5,0.4,1.0,0.3,2.2,3.1,.480,.514,.083,.627,.517,.483,C,TOR,kolokch01
269,Kevin Knox,2022-23,2022-23,23,63,5,15.1,2.4,5.3,1.4,2.3,1.0,3.0,0.7,1.0,0.5,2.3,2.8,0.5,0.4,0.2,0.8,1.5,6.6,.458,.596,.349,.767,.579,.556,F,DETPOR,knoxke01
270,Nathan Knight,2022-23,2022-23,25,38,0,7.7,1.2,2.1,1.0,1.6,0.2,0.6,1.0,1.5,0.6,0.9,1.5,0.3,0.3,0.2,0.6,1.1,3.7,.568,.644,.364,.684,.655,.617,F-C,MIN,knighna01
271,Maxi Kleber,2022-23,2022-23,31,37,5,25.1,2.1,4.6,1.0,1.5,1.1,3.0,0.7,1.0,0.8,2.8,3.6,1.4,0.3,0.8,0.7,2.3,5.9,.456,.667,.348,.711,.592,.571,F,DAL,klebima01
272,Corey Kispert,2022-23,2022-23,23,74,45,28.3,3.9,7.9,1.7,2.7,2.2,5.2,1.0,1.2,0.4,2.4,2.8,1.2,0.4,0.1,0.7,1.3,11.1,.497,.637,.424,.852,.657,.637,G-F,WAS,kispeco01
273,Louis King,2022-23,2022-23,23,1,0,29.0,8.0,13.0,4.0,5.0,4.0,8.0,0.0,1.0,2.0,2.0,4.0,2.0,1.0,0.0,2.0,4.0,20.0,.615,.800,.500,.000,.744,.769,F,PHI,kinglo02
274,Braxton Key,2022-23,2022-23,25,3,0,3.0,0.3,0.3,0.3,0.3,0.0,0.0,0.7,0.7,0.0,0.3,0.3,0.0,0.0,0.0,0.0,0.0,1.3,1.000,1.000,,1.000,1.064,1.000,F,DET,keybr01
275,Walker Kessler,2022-23,2022-23,21,74,40,23.0,4.0,5.6,4.0,5.6,0.0,0.0,1.1,2.1,3.1,5.3,8.4,0.9,0.4,2.3,0.8,2.3,9.2,.720,.723,.333,.516,.702,.721,C,UTA,kesslwa01
276,Luke Kennard,2022-23,2022-23,26,59,14,22.3,3.2,6.5,0.9,1.9,2.3,4.6,0.6,0.7,0.3,2.4,2.7,1.5,0.5,0.1,0.8,1.4,9.3,.492,.487,.494,.949,.684,.666,G,LACMEM,kennalu01
277,Trevor Keels,2022-23,2022-23,19,3,0,2.7,0.3,1.3,0.0,0.0,0.3,1.3,0.0,0.0,0.0,0.7,0.7,0.0,0.0,0.0,0.0,0.0,1.0,.250,,.250,,.375,.375,G,NYK,keelstr01
278,Frank Kaminsky,2022-23,2022-23,29,36,0,6.5,0.9,1.8,0.5,0.8,0.4,0.9,0.4,0.4,0.2,1.3,1.4,0.9,0.2,0.1,0.3,0.6,2.5,.492,.600,.394,.875,.635,.595,F-C,ATLHOU,kaminfr01
279,Mfiondu Kabengele,2022-23,2022-23,25,4,0,9.0,0.5,1.8,0.5,1.0,0.0,0.8,0.5,0.5,1.3,1.3,2.5,0.0,0.5,0.0,0.3,0.8,1.5,.286,.500,.000,1.000,.381,.286,F,BOS,kabenmf01
280,Johnny Juzang,2022-23,2022-23,21,18,0,12.9,1.9,5.8,1.1,2.3,0.8,3.5,0.1,0.2,0.4,1.7,2.2,0.4,0.2,0.2,0.2,0.7,4.8,.337,.488,.238,.500,.411,.409,G,UTA,juzanjo01
281,Nikola Jović,2022-23,2022-23,19,15,8,13.6,1.9,4.6,1.3,2.3,0.5,2.3,1.2,1.3,0.6,1.5,2.1,0.7,0.5,0.1,0.7,1.3,5.5,.406,.588,.229,.947,.530,.464,G-F,MIA,jovicni01
282,Cory Joseph,2022-23,2022-23,31,62,2,19.8,2.4,5.7,1.3,2.8,1.1,2.9,0.9,1.2,0.3,1.4,1.7,3.5,0.5,0.1,0.9,1.4,6.9,.427,.468,.389,.792,.558,.527,G,DET,josepco01
283,DeAndre Jordan,2022-23,2022-23,34,39,8,15.0,2.3,2.9,2.2,2.9,0.0,0.0,0.6,1.2,1.3,3.8,5.2,0.9,0.3,0.6,1.2,1.8,5.1,.765,.763,1.000,.458,.731,.770,C,DEN,jordade01
284,Tyus Jones,2022-23,2022-23,26,80,22,24.3,3.9,8.9,2.4,4.8,1.5,4.1,1.0,1.3,0.4,2.2,2.5,5.2,1.0,0.1,0.9,0.4,10.3,.438,.495,.371,.800,.546,.523,G,MEM,jonesty01
285,Tre Jones,2022-23,2022-23,23,68,65,29.2,5.0,10.9,4.4,8.6,0.7,2.3,2.2,2.5,0.8,2.8,3.6,6.6,1.3,0.1,1.6,1.4,12.9,.459,.506,.285,.860,.534,.489,G,SAS,jonestr01
286,Kai Jones,2022-23,2022-23,22,46,0,12.0,1.5,2.6,1.4,2.2,0.1,0.4,0.4,0.6,0.8,1.9,2.7,0.3,0.4,0.7,0.7,1.4,3.4,.558,.624,.211,.731,.597,.575,F-C,CHO,joneska01
287,Herbert Jones,2022-23,2022-23,24,66,66,29.6,3.6,7.6,2.7,5.1,0.8,2.5,1.9,2.4,1.5,2.6,4.1,2.5,1.6,0.6,1.3,3.2,9.8,.469,.536,.335,.764,.567,.525,F,NOP,joneshe01
288,Derrick Jones Jr.,2022-23,2022-23,25,64,0,14.0,1.8,3.6,1.4,2.3,0.4,1.3,1.0,1.3,0.9,1.5,2.4,0.5,0.5,0.6,0.4,1.3,5.0,.500,.587,.338,.738,.597,.559,F,CHI,jonesde02
289,Damian Jones,2022-23,2022-23,27,41,1,11.6,1.3,2.1,1.1,1.7,0.2,0.4,0.5,0.7,1.0,2.0,3.0,0.4,0.2,0.5,0.6,1.3,3.5,.640,.652,.588,.759,.719,.698,F-C,LALUTA,jonesda03
290,Carlik Jones,2022-23,2022-23,25,7,0,8.0,0.9,2.1,0.4,1.3,0.4,0.9,0.7,1.1,0.1,0.6,0.7,0.9,0.3,0.0,0.3,0.3,2.9,.400,.333,.500,.625,.540,.500,G,CHI,jonesca03
291,Nikola Jokić,2022-23,2022-23,27,69,69,33.7,9.4,14.8,8.5,12.7,0.8,2.2,4.9,6.0,2.4,9.4,11.8,9.8,1.3,0.7,3.6,2.5,24.5,.632,.675,.383,.822,.701,.660,C-F,DEN,jokicni01
292,Stanley Johnson,2022-23,2022-23,26,30,0,15.6,2.2,4.1,1.6,2.7,0.6,1.3,0.9,1.3,0.7,2.4,3.2,2.2,0.5,0.2,1.1,1.6,5.8,.533,.573,.450,.667,.625,.607,F,SAS,johnsst04
293,Keon Johnson,2022-23,2022-23,20,40,0,10.4,1.7,4.5,1.0,2.4,0.7,2.0,0.7,1.0,0.3,0.8,1.1,1.5,0.5,0.2,1.1,1.1,4.7,.376,.402,.346,.659,.482,.455,G,POR,johnske07
294,Keldon Johnson,2022-23,2022-23,23,63,63,32.7,8.0,17.7,5.9,11.2,2.1,6.5,3.9,5.2,0.9,4.2,5.0,2.9,0.7,0.2,2.1,2.0,22.0,.452,.523,.329,.749,.551,.512,G,SAS,johnske04
295,James Johnson,2022-23,2022-23,35,18,1,9.0,1.2,2.7,1.1,1.9,0.2,0.8,0.2,0.4,0.2,1.4,1.7,0.8,0.4,0.3,0.4,1.8,2.8,.449,.559,.200,.500,.486,.480,F,IND,johnsja01
296,Jalen Johnson,2022-23,2022-23,21,70,6,14.9,2.3,4.6,1.8,3.1,0.4,1.5,0.7,1.1,0.7,3.3,4.0,1.2,0.5,0.5,0.6,1.6,5.6,.491,.587,.288,.628,.554,.537,F,ATL,johnsja05
297,Cameron Johnson,2022-23,2022-23,26,42,41,28.5,5.3,11.3,2.9,5.2,2.5,6.1,2.4,2.9,0.8,3.6,4.4,1.9,1.2,0.3,0.9,2.0,15.5,.470,.548,.404,.842,.617,.579,F,BRKPHO,johnsca02
298,Alize Johnson,2022-23,2022-23,26,4,0,7.5,0.8,1.5,0.8,1.0,0.0,0.5,0.3,0.5,0.5,2.0,2.5,0.3,0.3,0.0,1.0,0.8,1.8,.500,.750,.000,.500,.509,.500,F,SAS,johnsal02
299,Isaiah Joe,2022-23,2022-23,23,73,10,19.1,3.1,7.0,0.9,1.6,2.2,5.4,1.1,1.4,0.4,2.0,2.4,1.2,0.7,0.1,0.5,1.4,9.5,.441,.553,.409,.820,.626,.599,G,OKC,joeis01
300,Ty Jerome,2022-23,2022-23,25,45,2,18.1,2.6,5.4,1.8,3.4,0.8,2.0,0.8,0.9,0.2,1.6,1.7,3.0,0.5,0.1,0.7,1.4,6.9,.488,.546,.389,.927,.594,.560,G,GSW,jeromty01
301,LeBron James,2022-23,2022-23,38,55,54,35.5,11.1,22.2,8.9,15.3,2.2,6.9,4.6,5.9,1.2,7.1,8.3,6.8,0.9,0.6,3.2,1.6,28.9,.500,.580,.321,.768,.583,.549,F-G,LAL,jamesle01
302,Reggie Jackson,2022-23,2022-23,32,68,40,24.4,3.9,9.4,2.5,5.2,1.4,4.2,1.0,1.1,0.4,1.8,2.1,3.4,0.7,0.1,1.7,1.7,10.2,.411,.474,.333,.910,.514,.486,G,DENLAC,jacksre01
303,Quenton Jackson,2022-23,2022-23,24,9,0,15.0,2.1,4.7,2.0,3.3,0.1,1.3,1.9,2.4,0.2,0.7,0.9,1.7,0.4,0.1,0.4,1.1,6.2,.452,.600,.083,.773,.542,.464,G,WAS,jacksqu01
304,Justin Jackson,2022-23,2022-23,27,23,0,4.7,0.3,1.2,0.1,0.3,0.2,0.9,0.0,0.1,0.1,0.7,0.7,0.4,0.2,0.2,0.1,0.3,0.9,.259,.286,.250,.500,.359,.352,G-F,BOS,jacksju01
305,Jaren Jackson Jr.,2022-23,2022-23,23,63,63,28.4,6.6,13.0,5.0,8.6,1.6,4.5,3.8,4.9,1.7,5.0,6.8,1.0,1.0,3.0,1.7,3.6,18.6,.506,.585,.355,.788,.613,.567,F,MEM,jacksja02
306,Isaiah Jackson,2022-23,2022-23,21,63,12,16.5,2.8,5.0,2.8,4.8,0.0,0.2,1.5,2.3,1.8,2.7,4.5,0.8,0.5,1.5,0.8,2.4,7.2,.563,.582,.143,.651,.595,.566,C-F,IND,jacksis01
307,Frank Jackson,2022-23,2022-23,24,1,0,5.0,0.0,3.0,0.0,2.0,0.0,1.0,0.0,0.0,1.0,1.0,2.0,1.0,0.0,0.0,0.0,0.0,0.0,.000,.000,.000,,.000,.000,G,UTA,jacksfr01
308,Jaden Ivey,2022-23,2022-23,20,74,73,31.1,5.5,13.3,3.9,8.6,1.6,4.7,3.6,4.8,1.0,2.9,3.9,5.2,0.8,0.2,3.2,3.3,16.3,.416,.457,.343,.747,.528,.477,G,DET,iveyja01
309,Jonathan Isaac,2022-23,2022-23,25,11,0,11.3,2.0,4.8,1.5,3.5,0.5,1.4,0.5,0.8,1.4,2.6,4.0,0.5,1.3,0.4,0.4,0.5,5.0,.415,.421,.400,.556,.483,.472,F,ORL,isaacjo01
310,Kyrie Irving,2022-23,2022-23,30,60,60,37.4,9.9,20.1,6.8,11.8,3.1,8.3,4.1,4.6,1.0,4.1,5.1,5.5,1.1,0.8,2.1,2.8,27.1,.494,.574,.379,.905,.613,.572,G,BRKDAL,irvinky01
311,Brandon Ingram,2022-23,2022-23,25,45,45,34.2,9.0,18.6,7.6,14.9,1.4,3.6,5.3,6.0,0.5,5.0,5.5,5.8,0.7,0.4,3.3,2.6,24.7,.484,.507,.390,.882,.582,.522,F,NOP,ingrabr01
312,Joe Ingles,2022-23,2022-23,35,46,0,22.7,2.3,5.4,0.5,1.0,1.8,4.4,0.4,0.5,0.3,2.5,2.8,3.3,0.7,0.1,1.2,1.6,6.9,.435,.556,.409,.857,.616,.603,F-G,MIL,inglejo01
313,Andre Iguodala,2022-23,2022-23,39,8,0,14.1,0.9,1.9,0.8,0.8,0.1,1.1,0.3,0.4,0.4,1.8,2.1,2.4,0.5,0.4,1.1,1.4,2.1,.467,1.000,.111,.667,.521,.500,F-G,GSW,iguodan01
314,Serge Ibaka,2022-23,2022-23,33,16,0,11.6,1.6,3.4,1.3,2.3,0.4,1.1,0.5,0.8,0.9,1.8,2.8,0.3,0.1,0.4,0.7,1.4,4.1,.481,.556,.333,.615,.553,.537,F-C,MIL,ibakase01
315,Bones Hyland,2022-23,2022-23,22,56,1,19.4,4.1,10.2,2.0,4.6,2.1,5.6,1.5,1.8,0.4,2.1,2.4,3.1,0.7,0.3,1.5,1.7,11.8,.399,.434,.371,.843,.535,.502,G,DENLAC,hylanbo01
316,De'Andre Hunter,2022-23,2022-23,25,67,67,31.7,5.7,12.3,4.2,8.0,1.5,4.3,2.6,3.1,0.7,3.6,4.2,1.4,0.5,0.3,1.2,3.0,15.4,.461,.521,.350,.826,.563,.522,F,ATL,huntede01
317,Jay Huff,2022-23,2022-23,24,7,0,13.6,2.1,3.6,1.3,1.9,0.9,1.7,2.1,2.3,0.9,2.1,3.0,1.4,0.4,0.6,0.7,2.1,7.3,.600,.692,.500,.938,.796,.720,F-C,WAS,huffja01
318,Kevin Huerter,2022-23,2022-23,24,75,75,29.4,5.6,11.5,2.9,4.7,2.7,6.8,1.3,1.7,0.6,2.8,3.3,2.9,1.1,0.3,1.3,2.4,15.2,.485,.604,.402,.725,.617,.603,G,SAC,huertke01
319,Trevor Hudgins,2022-23,2022-23,23,5,0,5.6,0.4,1.8,0.0,0.2,0.4,1.6,0.6,0.6,0.0,0.0,0.0,0.6,0.0,0.0,0.2,0.2,1.8,.222,.000,.250,1.000,.436,.333,G,HOU,hudgitr01
320,Caleb Houstan,2022-23,2022-23,20,51,4,15.9,1.3,3.6,0.4,0.9,0.9,2.7,0.3,0.4,0.7,1.3,1.9,0.6,0.2,0.1,0.4,1.2,3.8,.363,.435,.338,.833,.508,.489,G-F,ORL,houstca01
321,Danuel House Jr.,2022-23,2022-23,29,56,5,14.4,1.7,3.5,1.0,1.6,0.7,2.0,0.8,1.1,0.2,1.5,1.7,0.8,0.3,0.2,0.5,1.2,4.8,.472,.644,.336,.750,.600,.566,G,PHI,houseda01
322,Talen Horton-Tucker,2022-23,2022-23,22,65,20,20.2,4.0,9.4,3.1,6.3,0.9,3.1,1.9,2.6,0.6,2.6,3.2,3.8,0.6,0.4,1.9,1.7,10.7,.419,.485,.286,.750,.508,.467,G-F,UTA,hortota01
323,Al Horford,2022-23,2022-23,36,63,63,30.5,3.6,7.6,1.3,2.4,2.3,5.2,0.2,0.3,1.2,5.0,6.2,3.0,0.5,1.0,0.6,1.9,9.8,.476,.539,.446,.714,.631,.627,C-F,BOS,horfoal01
324,Richaun Holmes,2022-23,2022-23,29,42,1,8.3,1.3,2.1,1.2,1.9,0.1,0.2,0.4,0.5,0.7,1.2,1.9,0.2,0.1,0.3,0.3,1.2,3.1,.618,.617,.625,.789,.668,.646,C-F,SAC,holmeri01
325,Justin Holiday,2022-23,2022-23,33,46,2,15.3,1.7,4.4,0.7,1.3,1.0,3.1,0.1,0.2,0.1,1.1,1.2,0.9,0.4,0.4,0.5,1.5,4.5,.377,.508,.322,.625,.494,.490,F,ATLDAL,holidju01
326,Jrue Holiday,2022-23,2022-23,32,67,65,32.6,7.3,15.3,5.0,9.1,2.4,6.1,2.3,2.6,1.2,3.9,5.1,7.4,1.2,0.4,2.9,1.7,19.3,.479,.542,.384,.859,.586,.556,G,MIL,holidjr01
327,Aaron Holiday,2022-23,2022-23,26,63,6,13.4,1.5,3.5,0.9,2.1,0.6,1.4,0.4,0.5,0.4,0.8,1.2,1.4,0.6,0.2,0.6,1.3,3.9,.418,.424,.409,.844,.528,.500,G,ATL,holidaa01
328,Malcolm Hill,2022-23,2022-23,27,5,0,1.8,0.4,0.8,0.2,0.2,0.2,0.6,0.0,0.0,0.0,0.6,0.6,0.0,0.0,0.0,0.0,0.2,1.0,.500,1.000,.333,,.625,.625,F,CHI,hillma01
329,George Hill,2022-23,2022-23,36,46,1,18.1,1.7,3.6,1.0,1.5,0.7,2.1,0.9,1.2,0.3,1.5,1.8,2.4,0.6,0.1,0.7,1.2,5.0,.470,.620,.358,.764,.610,.572,G,INDMIL,hillge01
330,Haywood Highsmith,2022-23,2022-23,26,54,11,17.9,1.7,4.0,1.0,2.0,0.7,2.0,0.2,0.5,1.1,2.4,3.5,0.8,0.7,0.3,0.8,1.5,4.4,.431,.523,.339,.464,.517,.516,F,MIA,highsha01
331,Buddy Hield,2022-23,2022-23,30,80,73,31.0,5.9,13.0,2.3,4.5,3.6,8.5,1.3,1.6,0.8,4.2,5.0,2.8,1.2,0.3,1.7,2.0,16.8,.458,.518,.425,.822,.614,.596,G-F,IND,hieldbu01
332,Tyler Herro,2022-23,2022-23,23,67,67,34.9,7.3,16.6,4.2,8.5,3.0,8.0,2.5,2.7,0.4,5.0,5.4,4.2,0.8,0.2,2.4,1.5,20.1,.439,.497,.378,.934,.566,.531,G,MIA,herroty01
333,Willy Hernangómez,2022-23,2022-23,28,38,2,12.1,2.3,4.4,2.3,4.2,0.1,0.3,2.1,2.7,1.5,3.2,4.7,0.9,0.4,0.3,1.0,1.7,6.9,.527,.544,.273,.779,.610,.536,C,NOP,hernawi01
334,Juancho Hernangómez,2022-23,2022-23,27,42,10,14.6,1.1,2.7,0.7,1.1,0.4,1.6,0.2,0.4,0.6,2.3,2.9,0.6,0.4,0.1,0.4,1.0,2.9,.421,.660,.254,.563,.504,.496,F,TOR,hernaju01
335,Gordon Hayward,2022-23,2022-23,32,50,50,31.5,5.5,11.6,4.5,8.4,1.0,3.2,2.6,3.2,0.7,3.6,4.3,4.1,0.8,0.2,2.0,1.4,14.7,.475,.532,.325,.811,.563,.520,F-G,CHO,haywago01
336,Killian Hayes,2022-23,2022-23,21,76,56,28.3,4.0,10.7,3.0,7.0,1.1,3.8,1.2,1.5,0.4,2.5,2.9,6.2,1.4,0.4,2.3,2.9,10.3,.377,.429,.280,.821,.455,.426,G,DET,hayeski01
337,Jaxson Hayes,2022-23,2022-23,22,47,2,13.0,1.8,3.3,1.8,2.7,0.1,0.6,1.2,1.8,0.8,2.0,2.8,0.7,0.4,0.4,0.7,1.4,5.0,.551,.654,.103,.699,.605,.561,F,NOP,hayesja02
338,Sam Hauser,2022-23,2022-23,25,80,8,16.1,2.3,5.0,0.5,0.8,1.8,4.2,0.2,0.2,0.4,2.1,2.6,0.9,0.4,0.3,0.4,1.2,6.4,.455,.656,.418,.706,.634,.631,F,BOS,hausesa01
339,Udonis Haslem,2022-23,2022-23,42,7,1,10.1,1.4,4.1,1.0,2.9,0.4,1.3,0.6,0.7,0.6,1.0,1.6,0.0,0.1,0.3,0.1,1.6,3.9,.345,.350,.333,.800,.433,.397,F-C,MIA,hasleud01
340,Isaiah Hartenstein,2022-23,2022-23,24,82,8,19.8,2.1,4.0,2.0,3.5,0.1,0.5,0.6,0.9,2.5,4.0,6.5,1.2,0.6,0.8,0.8,2.6,5.0,.535,.576,.216,.676,.567,.547,F,NYK,harteis01
341,Josh Hart,2022-23,2022-23,27,76,52,32.3,3.6,6.8,2.8,4.7,0.8,2.2,1.7,2.3,1.9,5.9,7.8,3.8,1.2,0.3,1.5,2.6,9.8,.529,.601,.372,.750,.622,.588,G,NYKPOR,hartjo01
342,Shaquille Harrison,2022-23,2022-23,29,5,0,24.0,3.0,7.2,2.4,5.2,0.6,2.0,2.2,3.0,0.2,4.2,4.4,6.0,2.2,0.4,1.2,2.4,8.8,.417,.462,.300,.733,.516,.458,G,POR,harrish01
343,Tobias Harris,2022-23,2022-23,30,74,74,32.9,5.7,11.4,4.0,7.0,1.7,4.4,1.5,1.7,0.9,4.8,5.7,2.5,0.9,0.5,1.2,2.0,14.7,.501,.570,.389,.876,.602,.575,F,PHI,harrito02
344,Kevon Harris,2022-23,2022-23,25,34,0,13.4,1.4,3.1,0.9,1.9,0.5,1.3,0.9,1.2,0.8,1.2,2.1,0.5,0.5,0.1,0.6,1.6,4.1,.439,.484,.372,.756,.564,.514,G,ORL,harrike01
345,Joe Harris,2022-23,2022-23,31,74,33,20.6,2.7,5.9,0.8,1.4,1.9,4.5,0.2,0.4,0.3,1.9,2.2,1.4,0.5,0.2,0.6,1.9,7.6,.457,.551,.426,.643,.621,.618,G,BRK,harrijo01
346,Gary Harris,2022-23,2022-23,28,48,42,24.7,2.9,6.4,0.9,1.9,2.0,4.5,0.6,0.6,0.4,1.6,2.0,1.2,0.9,0.3,0.6,1.9,8.3,.450,.494,.431,.900,.620,.603,G,ORL,harriga01
347,Montrezl Harrell,2022-23,2022-23,29,57,7,11.9,2.2,3.7,2.2,3.6,0.0,0.1,1.2,1.8,1.2,1.6,2.8,0.6,0.3,0.4,0.6,1.3,5.6,.598,.616,.000,.693,.631,.598,F-C,PHI,harremo01
348,Ron Harper Jr.,2022-23,2022-23,22,9,0,5.3,0.9,1.8,0.6,0.8,0.3,1.0,0.1,0.1,0.3,0.4,0.8,0.4,0.0,0.1,0.0,0.3,2.2,.500,.714,.333,1.000,.608,.594,G-F,TOR,harpero02
349,Jaden Hardy,2022-23,2022-23,20,48,5,14.8,3.0,6.9,1.7,3.7,1.3,3.3,1.4,1.6,0.2,1.6,1.9,1.4,0.4,0.1,1.0,1.3,8.8,.438,.469,.404,.823,.571,.533,G,DAL,hardyja02
350,James Harden,2022-23,2022-23,33,58,58,36.8,6.4,14.5,3.6,7.3,2.8,7.2,5.4,6.2,0.7,5.4,6.1,10.7,1.2,0.5,3.4,1.9,21.0,.441,.495,.385,.867,.607,.536,G,PHI,hardeja01
351,Tim Hardaway Jr.,2022-23,2022-23,30,71,45,30.3,4.8,11.9,1.8,4.2,3.0,7.7,1.8,2.3,0.3,3.2,3.5,1.8,0.7,0.2,0.8,1.7,14.4,.401,.431,.385,.770,.554,.527,G,DAL,hardati02
352,R.J. Hampton,2022-23,2022-23,21,47,3,16.0,2.2,5.0,1.3,2.6,0.9,2.5,1.2,1.6,0.4,1.5,1.9,1.1,0.6,0.2,0.9,1.1,6.4,.430,.504,.353,.750,.558,.517,G,DETORL,hamptrj01
353,Jordan Hall,2022-23,2022-23,21,9,0,9.2,1.0,3.1,0.7,1.4,0.3,1.7,0.8,1.0,0.3,1.0,1.3,1.2,0.1,0.0,0.8,0.7,3.1,.321,.462,.200,.778,.438,.375,G-F,SAS,halljo02
354,Tyrese Haliburton,2022-23,2022-23,22,56,56,33.6,7.4,15.0,4.5,7.8,2.9,7.2,3.1,3.6,0.6,3.1,3.7,10.4,1.6,0.4,2.5,1.2,20.7,.490,.572,.400,.871,.624,.586,G,IND,halibty01
355,Rui Hachimura,2022-23,2022-23,24,63,9,23.3,4.5,9.3,3.7,6.7,0.8,2.5,1.4,1.9,0.8,3.7,4.5,0.9,0.3,0.4,0.8,1.1,11.2,.486,.550,.319,.739,.556,.530,F,LALWAS,hachiru01
356,Quentin Grimes,2022-23,2022-23,22,71,66,29.9,4.0,8.5,1.8,2.7,2.2,5.7,1.1,1.4,0.7,2.5,3.2,2.1,0.7,0.4,1.0,2.5,11.3,.468,.641,.386,.796,.619,.599,G,NYK,grimequ01
357,Blake Griffin,2022-23,2022-23,33,41,16,13.9,1.5,3.2,1.0,1.6,0.6,1.6,0.5,0.8,1.1,2.6,3.8,1.5,0.3,0.2,0.5,1.8,4.1,.485,.625,.348,.656,.590,.573,F-C,BOS,griffbl01
358,AJ Griffin,2022-23,2022-23,19,72,12,19.5,3.4,7.4,2.0,3.8,1.4,3.6,0.6,0.7,0.5,1.6,2.1,1.0,0.6,0.2,0.6,1.2,8.9,.465,.536,.390,.894,.577,.560,F,ATL,griffaj01
359,Josh Green,2022-23,2022-23,22,60,21,25.7,3.4,6.4,2.3,3.6,1.1,2.8,1.1,1.6,0.9,2.1,3.0,1.7,0.7,0.1,1.2,2.6,9.1,.537,.643,.402,.723,.645,.626,G-F,DAL,greenjo02
360,Jeff Green,2022-23,2022-23,36,56,4,19.5,2.9,5.9,2.3,4.0,0.5,1.9,1.6,2.1,0.7,1.9,2.6,1.2,0.3,0.3,0.8,1.8,7.8,.488,.580,.288,.744,.576,.534,F,DEN,greenje02
361,Javonte Green,2022-23,2022-23,29,32,1,15.0,1.9,3.4,1.5,2.3,0.4,1.1,0.9,1.4,0.8,1.9,2.8,0.7,0.8,0.7,0.6,1.6,5.2,.565,.658,.371,.667,.646,.625,F,CHI,greenja02
362,JaMychal Green,2022-23,2022-23,32,57,1,14.0,2.4,4.4,1.6,2.5,0.7,1.9,0.9,1.2,1.3,2.3,3.6,0.9,0.4,0.4,0.9,1.8,6.4,.540,.667,.378,.776,.650,.623,F,GSW,greenja01
363,Jalen Green,2022-23,2022-23,20,76,76,34.2,7.4,17.9,5.0,10.6,2.5,7.3,4.8,6.1,0.6,3.2,3.7,3.7,0.8,0.2,2.6,1.7,22.1,.417,.471,.338,.786,.539,.486,G,HOU,greenja05
364,Draymond Green,2022-23,2022-23,32,73,73,31.5,3.4,6.5,2.9,4.7,0.5,1.8,1.1,1.5,0.9,6.3,7.2,6.8,1.0,0.8,2.8,3.1,8.5,.527,.612,.305,.713,.592,.570,F,GSW,greendr01
365,Danny Green,2022-23,2022-23,35,11,0,12.5,2.0,4.5,0.5,1.1,1.5,3.4,0.1,0.1,0.3,1.0,1.3,0.5,0.5,0.3,0.9,1.5,5.5,.449,.500,.432,1.000,.617,.612,G-F,CLEMEM,greenda02
366,A.J. Green,2022-23,2022-23,23,35,1,9.9,1.5,3.6,0.3,0.6,1.3,3.0,0.1,0.1,0.2,1.1,1.3,0.6,0.2,0.0,0.3,0.9,4.4,.424,.450,.419,1.000,.607,.600,G,MIL,greenaj01
367,RaiQuan Gray,2022-23,2022-23,23,1,0,35.0,6.0,12.0,4.0,7.0,2.0,5.0,2.0,2.0,3.0,6.0,9.0,7.0,0.0,1.0,4.0,5.0,16.0,.500,.571,.400,1.000,.621,.583,F,BRK,grayra01
368,Jerami Grant,2022-23,2022-23,28,63,63,35.7,6.9,14.5,4.6,8.8,2.3,5.7,4.4,5.4,0.8,3.7,4.5,2.4,0.8,0.8,1.8,2.4,20.5,.475,.523,.401,.813,.606,.554,F,POR,grantje01
369,Devonte' Graham,2022-23,2022-23,27,73,8,18.3,2.2,5.9,0.6,1.3,1.6,4.6,1.3,1.8,0.3,1.4,1.7,2.7,0.6,0.2,0.7,1.1,7.4,.374,.452,.352,.748,.552,.512,G,NOPSAS,grahade01
370,Eric Gordon,2022-23,2022-23,34,69,58,28.5,4.2,9.5,2.3,4.3,1.9,5.2,2.1,2.5,0.2,1.7,1.9,2.7,0.6,0.4,1.5,1.1,12.4,.446,.535,.371,.821,.587,.547,G-F,HOULAC,gordoer01
371,Aaron Gordon,2022-23,2022-23,27,68,68,30.2,6.3,11.2,5.4,8.6,0.9,2.5,2.8,4.6,2.4,4.1,6.6,3.0,0.8,0.8,1.4,1.9,16.3,.564,.628,.347,.608,.617,.603,F,DEN,gordoaa01
372,Jordan Goodwin,2022-23,2022-23,24,62,7,17.8,2.5,5.7,1.9,3.8,0.6,1.9,0.9,1.1,0.9,2.4,3.3,2.7,0.9,0.4,0.9,1.5,6.6,.448,.511,.322,.768,.531,.501,G,WAS,goodwjo01
373,Rudy Gobert,2022-23,2022-23,30,70,70,30.7,5.1,7.8,5.1,7.8,0.0,0.0,3.1,4.9,3.3,8.3,11.6,1.2,0.8,1.4,1.7,3.0,13.4,.659,.663,.000,.644,.675,.659,C,MIN,goberru01
374,Jacob Gilyard,2022-23,2022-23,24,1,0,41.0,1.0,3.0,0.0,0.0,1.0,3.0,0.0,0.0,0.0,4.0,4.0,7.0,3.0,0.0,2.0,3.0,3.0,.333,,.333,,.500,.500,G,MEM,gilyaja01
375,Anthony Gill,2022-23,2022-23,30,59,8,10.6,1.2,2.2,1.1,1.7,0.1,0.5,0.8,1.1,0.6,1.1,1.7,0.6,0.1,0.2,0.3,1.2,3.3,.538,.650,.138,.731,.604,.553,F,WAS,gillan01
376,Shai Gilgeous-Alexander,2022-23,2022-23,24,68,68,35.5,10.4,20.3,9.5,17.8,0.9,2.5,9.8,10.9,0.9,4.0,4.8,5.5,1.6,1.0,2.8,2.8,31.4,.510,.533,.345,.905,.626,.531,G,OKC,gilgesh01
377,Josh Giddey,2022-23,2022-23,20,76,76,31.1,7.1,14.7,6.1,11.6,1.0,3.1,1.4,1.9,1.9,5.9,7.9,6.2,0.8,0.4,2.8,1.9,16.6,.482,.524,.325,.731,.533,.516,G,OKC,giddejo01
378,Taj Gibson,2022-23,2022-23,37,49,2,9.8,1.3,2.6,1.2,2.1,0.2,0.5,0.6,0.9,0.7,1.2,1.9,0.7,0.3,0.2,0.5,1.7,3.4,.520,.564,.333,.714,.585,.552,F-C,WAS,gibsota01
379,Paul George,2022-23,2022-23,32,56,56,34.6,8.2,17.9,5.4,10.3,2.8,7.6,4.6,5.3,0.8,5.3,6.1,5.1,1.5,0.4,3.1,2.8,23.8,.457,.521,.371,.871,.588,.536,F,LAC,georgpa01
380,Rudy Gay,2022-23,2022-23,36,56,0,14.6,1.9,5.1,1.4,2.8,0.6,2.3,0.8,0.9,0.6,2.3,2.9,1.0,0.3,0.3,0.7,1.2,5.2,.380,.484,.254,.857,.475,.437,F,UTA,gayru01
381,Luka Garza,2022-23,2022-23,24,28,0,8.7,2.3,4.1,1.8,2.8,0.5,1.4,1.5,1.9,1.2,1.1,2.3,0.6,0.1,0.1,0.5,1.5,6.5,.543,.636,.359,.788,.652,.603,F-C,MIN,garzalu01
382,Usman Garuba,2022-23,2022-23,20,75,1,12.9,1.1,2.4,0.8,1.6,0.3,0.8,0.4,0.6,1.6,2.5,4.1,0.9,0.6,0.4,0.6,1.8,3.0,.486,.525,.407,.617,.569,.554,F,HOU,garubus01
383,Darius Garland,2022-23,2022-23,23,69,69,35.5,7.6,16.4,5.1,10.4,2.4,6.0,4.0,4.7,0.4,2.3,2.7,7.8,1.2,0.1,2.9,2.1,21.6,.462,.492,.410,.863,.587,.537,G,CLE,garlada01
384,Daniel Gafford,2022-23,2022-23,24,78,47,20.6,3.7,5.1,3.7,5.1,0.0,0.0,1.6,2.4,2.1,3.5,5.6,1.1,0.4,1.3,1.1,2.4,9.0,.732,.732,,.679,.739,.732,F,WAS,gaffoda01
385,Wenyen Gabriel,2022-23,2022-23,25,68,2,15.1,2.3,3.8,2.1,3.3,0.1,0.5,0.8,1.2,1.7,2.5,4.2,0.5,0.4,0.5,0.7,2.1,5.5,.596,.647,.278,.619,.626,.615,F,LAL,gabriwe01
386,Markelle Fultz,2022-23,2022-23,24,60,60,29.6,5.8,11.3,5.4,9.9,0.5,1.5,1.9,2.4,1.2,2.8,3.9,5.7,1.5,0.4,2.3,2.2,14.0,.514,.544,.310,.783,.564,.534,G,ORL,fultzma01
387,De'Aaron Fox,2022-23,2022-23,25,73,73,33.4,9.3,18.2,7.7,13.2,1.6,5.0,4.7,6.0,0.5,3.6,4.2,6.1,1.1,0.3,2.5,2.4,25.0,.512,.584,.324,.780,.599,.557,G,SAC,foxde01
388,Evan Fournier,2022-23,2022-23,30,27,7,17.0,2.1,6.1,0.8,1.9,1.3,4.2,0.7,0.8,0.1,1.7,1.8,1.3,0.6,0.1,0.8,1.7,6.1,.337,.404,.307,.857,.471,.443,G-F,NYK,fournev01
389,Michael Foster Jr.,2022-23,2022-23,20,1,0,1.0,0.0,0.0,0.0,0.0,0.0,0.0,0.0,0.0,0.0,0.0,0.0,0.0,0.0,0.0,0.0,0.0,0.0,,,,,,,F,PHI,fostemi02
390,Trent Forrest,2022-23,2022-23,24,23,3,12.0,1.1,2.6,1.1,2.5,0.0,0.1,0.1,0.1,0.2,1.4,1.6,1.7,0.3,0.1,0.7,0.7,2.3,.417,.431,.000,.667,.424,.417,G,ATL,forretr01
391,Bryn Forbes,2022-23,2022-23,29,25,0,10.7,1.2,3.3,0.6,1.5,0.6,1.8,0.6,0.6,0.2,0.4,0.6,0.7,0.3,0.1,0.5,0.9,3.6,.361,.432,.304,1.000,.497,.446,G,MIN,forbebr01
392,Simone Fontecchio,2022-23,2022-23,27,52,6,14.7,2.2,6.0,1.0,2.3,1.2,3.7,0.7,0.8,0.6,1.1,1.7,0.8,0.3,0.2,0.8,1.2,6.3,.369,.430,.330,.795,.495,.470,F,UTA,fontesi01
393,Malachi Flynn,2022-23,2022-23,24,53,2,13.0,1.6,4.6,0.8,2.1,0.9,2.5,0.5,0.6,0.3,1.2,1.4,1.3,0.4,0.1,0.5,1.2,4.6,.360,.367,.353,.758,.479,.457,G,TOR,flynnma01
394,Dorian Finney-Smith,2022-23,2022-23,29,66,66,30.4,3.0,7.6,1.2,2.5,1.7,5.1,0.7,0.9,1.7,3.1,4.8,1.5,0.8,0.5,0.9,2.2,8.3,.391,.503,.337,.763,.523,.505,F,BRKDAL,finnedo01
395,Bruno Fernando,2022-23,2022-23,24,39,4,10.4,1.5,2.9,1.5,2.8,0.0,0.1,0.9,1.3,1.4,2.1,3.5,0.8,0.2,0.9,0.6,1.9,3.9,.527,.546,.000,.700,.571,.527,F,ATLHOU,fernabr01
396,Drew Eubanks,2022-23,2022-23,25,78,28,20.3,2.7,4.3,2.7,4.1,0.1,0.2,1.1,1.6,1.7,3.7,5.4,1.3,0.5,1.3,0.9,2.2,6.6,.641,.655,.389,.664,.666,.651,F,POR,eubandr01
397,Joel Embiid,2022-23,2022-23,28,66,66,34.6,11.0,20.1,10.0,17.1,1.0,3.0,10.0,11.7,1.7,8.4,10.2,4.2,1.0,1.7,3.4,3.1,33.1,.548,.587,.330,.857,.655,.573,C,PHI,embiijo01
398,Keon Ellis,2022-23,2022-23,23,16,0,4.4,0.4,1.0,0.1,0.3,0.4,0.8,0.3,0.4,0.3,0.3,0.5,0.4,0.3,0.1,0.1,0.6,1.5,.438,.250,.500,.571,.629,.625,G,SAC,elliske01
399,Kessler Edwards,2022-23,2022-23,22,36,4,10.7,1.0,2.6,0.5,1.1,0.5,1.5,0.3,0.4,0.6,1.1,1.7,0.6,0.4,0.2,0.4,1.1,2.8,.387,.500,.309,.733,.502,.478,F,BRKSAC,edwarke02
400,Anthony Edwards,2022-23,2022-23,21,79,79,36.0,8.9,19.5,6.3,12.2,2.7,7.3,4.0,5.3,0.6,5.2,5.8,4.4,1.6,0.7,3.3,2.4,24.6,.459,.513,.369,.756,.564,.528,G,MIN,edwaran01
401,Tari Eason,2022-23,2022-23,21,82,5,21.5,3.6,8.0,2.9,6.0,0.7,2.1,1.3,1.8,2.4,3.7,6.0,1.1,1.2,0.6,1.2,2.3,9.3,.448,.486,.343,.752,.525,.493,F,HOU,easonta01
402,Jalen Duren,2022-23,2022-23,19,67,31,24.9,3.9,5.9,3.9,5.9,0.0,0.0,1.4,2.3,3.4,5.5,8.9,1.1,0.7,0.9,1.4,2.7,9.1,.648,.652,.000,.611,.655,.648,C,DET,durenja01
403,Kevin Durant,2022-23,2022-23,34,47,47,35.6,10.3,18.3,8.3,13.4,2.0,4.9,6.5,7.1,0.4,6.3,6.7,5.0,0.7,1.4,3.3,2.1,29.1,.560,.617,.404,.919,.677,.614,F-G,BRKPHO,duranke01
404,Kris Dunn,2022-23,2022-23,28,22,3,25.8,5.3,9.8,4.5,8.2,0.8,1.6,1.9,2.4,0.4,4.1,4.5,5.6,1.1,0.5,1.6,2.6,13.2,.537,.550,.472,.774,.606,.576,G,UTA,dunnkr01
405,David Duke Jr.,2022-23,2022-23,23,23,0,9.9,1.6,3.4,1.5,2.9,0.0,0.5,0.5,0.7,0.5,0.8,1.3,0.9,0.4,0.0,0.8,1.3,3.7,.462,.530,.083,.706,.497,.468,G,BRK,dukeda01
406,Chris Duarte,2022-23,2022-23,25,46,12,19.5,2.7,7.2,1.5,3.5,1.2,3.8,1.3,1.6,0.4,2.1,2.5,1.4,0.5,0.2,0.9,1.4,7.9,.369,.428,.316,.847,.496,.452,G,IND,duartch01
407,Andre Drummond,2022-23,2022-23,29,67,0,12.7,2.5,4.1,2.5,4.0,0.0,0.0,1.0,1.9,2.1,4.6,6.6,0.5,0.7,0.4,1.1,1.7,6.0,.606,.613,.000,.536,.606,.606,C,CHI,drumman01
408,Goran Dragić,2022-23,2022-23,36,58,0,15.0,2.4,5.8,1.5,3.3,0.9,2.5,0.5,0.8,0.3,1.1,1.4,2.6,0.2,0.1,1.1,1.1,6.3,.421,.468,.359,.689,.514,.499,G,CHIMIL,dragigo01
409,PJ Dozier,2022-23,2022-23,26,16,0,4.9,0.6,2.1,0.5,1.1,0.1,1.0,0.0,0.0,0.1,0.8,0.9,0.6,0.4,0.1,0.3,0.4,1.4,.303,.471,.125,,.333,.333,G,SAC,doziepj01
410,Jeff Dowtin,2022-23,2022-23,25,25,0,10.4,1.0,2.3,0.8,1.6,0.2,0.6,0.2,0.4,0.2,0.7,0.9,1.2,0.4,0.1,0.2,0.5,2.4,.439,.488,.313,.667,.500,.482,G,TOR,dowtije01
411,Devon Dotson,2022-23,2022-23,23,6,0,8.8,0.2,1.7,0.0,1.0,0.2,0.7,0.0,0.0,1.0,0.7,1.7,1.3,0.8,0.0,0.5,1.5,0.5,.100,.000,.250,,.150,.150,G,WAS,dotsode01
412,Ayo Dosunmu,2022-23,2022-23,23,80,51,26.2,3.5,7.1,2.8,4.8,0.7,2.4,0.8,1.0,0.6,2.2,2.8,2.6,0.8,0.3,1.2,2.3,8.6,.493,.583,.312,.805,.567,.545,G,CHI,dosunay01
413,Luguentz Dort,2022-23,2022-23,23,74,73,30.7,4.6,11.8,2.8,6.3,1.8,5.5,2.7,3.5,1.7,2.9,4.6,2.1,1.0,0.3,1.2,3.3,13.7,.388,.440,.330,.772,.513,.466,G,OKC,dortlu01
414,Tyler Dorsey,2022-23,2022-23,26,3,0,2.7,1.3,1.7,1.0,1.0,0.3,0.7,0.0,0.0,0.3,0.3,0.7,0.0,0.0,0.0,0.0,0.0,3.0,.800,1.000,.500,,.900,.900,G,DAL,dorsety01
415,Luka Dončić,2022-23,2022-23,23,66,66,36.2,10.9,22.0,8.1,13.8,2.8,8.2,7.8,10.5,0.8,7.8,8.6,8.0,1.4,0.5,3.6,2.5,32.4,.496,.588,.342,.742,.609,.560,G-F,DAL,doncilu01
416,Donte DiVincenzo,2022-23,2022-23,26,72,36,26.3,3.3,7.5,1.2,2.3,2.1,5.3,0.8,1.0,1.1,3.4,4.5,3.5,1.3,0.1,1.6,1.8,9.4,.435,.525,.397,.817,.593,.574,G,GSW,divindo01
417,Spencer Dinwiddie,2022-23,2022-23,29,79,79,34.5,5.8,13.3,3.5,7.1,2.3,6.2,3.4,4.2,0.4,3.1,3.4,6.5,0.8,0.3,1.8,2.4,17.3,.438,.498,.369,.812,.573,.524,G,BRKDAL,dinwisp01
418,Ousmane Dieng,2022-23,2022-23,19,39,1,14.6,1.9,4.6,1.3,2.1,0.7,2.5,0.4,0.6,0.5,2.2,2.7,1.2,0.4,0.2,0.7,1.1,4.9,.420,.602,.265,.652,.505,.492,F,OKC,diengou01
419,Gorgui Dieng,2022-23,2022-23,33,31,1,11.5,1.5,3.8,0.8,1.4,0.7,2.4,0.3,0.4,0.9,2.6,3.5,1.7,0.1,0.5,1.0,1.8,3.9,.385,.571,.280,.769,.493,.474,C,SAS,dienggo01
420,Hamidou Diallo,2022-23,2022-23,24,56,0,17.8,3.8,6.7,3.8,6.3,0.1,0.4,1.6,2.6,1.0,2.4,3.5,1.0,0.9,0.3,1.3,2.2,9.3,.573,.593,.238,.588,.593,.580,G,DET,diallha01
421,Mamadi Diakite,2022-23,2022-23,26,22,2,8.0,1.1,2.3,0.8,1.3,0.3,1.0,0.1,0.1,0.4,1.0,1.4,0.4,0.2,0.4,0.5,1.2,2.6,.480,.586,.333,1.000,.560,.550,F,CLE,diakima01
422,Moussa Diabaté,2022-23,2022-23,21,22,1,8.9,1.1,2.1,1.0,2.0,0.0,0.1,0.5,0.7,1.4,0.9,2.3,0.2,0.3,0.4,0.4,0.7,2.7,.511,.511,.500,.625,.546,.521,F,LAC,diabamo01
423,DeMar DeRozan,2022-23,2022-23,33,74,74,36.2,8.9,17.6,8.3,15.7,0.6,1.9,6.2,7.1,0.5,4.2,4.6,5.1,1.1,0.5,2.1,2.5,24.5,.504,.526,.324,.872,.592,.522,G-F,CHI,derozde01
424,Matthew Dellavedova,2022-23,2022-23,32,32,0,6.7,0.5,1.6,0.3,0.7,0.3,0.8,0.1,0.2,0.0,0.4,0.4,1.3,0.2,0.0,0.3,0.6,1.5,.340,.348,.333,.571,.443,.430,G,SAC,dellama01
425,Dewayne Dedmon,2022-23,2022-23,33,38,1,11.2,2.0,4.0,1.7,2.9,0.3,1.0,0.9,1.3,0.9,2.6,3.5,0.7,0.2,0.5,0.7,2.0,5.2,.510,.580,.308,.673,.577,.550,C,MIAPHI,dedmode01
426,Darius Days,2022-23,2022-23,23,4,0,6.3,1.3,3.0,0.5,0.5,0.8,2.5,0.5,0.5,0.3,1.3,1.5,0.3,0.0,0.3,0.0,0.5,3.8,.417,1.000,.300,1.000,.582,.542,F,HOU,daysda01
427,JD Davison,2022-23,2022-23,20,12,0,5.5,0.7,1.6,0.5,1.0,0.2,0.6,0.1,0.2,0.2,0.6,0.8,0.9,0.2,0.2,0.3,0.4,1.6,.421,.500,.286,.500,.478,.474,G,BOS,davisjd01
428,Terence Davis,2022-23,2022-23,25,64,5,13.1,2.4,5.7,1.0,1.9,1.4,3.8,0.5,0.7,0.3,1.9,2.2,1.0,0.7,0.2,0.8,1.6,6.7,.423,.537,.366,.791,.563,.545,G,SAC,daviste02
429,Johnny Davis,2022-23,2022-23,20,28,5,15.1,2.4,6.1,1.8,3.6,0.6,2.5,0.5,1.0,0.3,1.9,2.3,1.0,0.4,0.3,0.6,1.7,5.8,.386,.485,.243,.519,.446,.436,G,WAS,davisjo06
430,Anthony Davis,2022-23,2022-23,29,56,54,34.0,9.7,17.2,9.3,15.9,0.3,1.3,6.2,7.9,3.5,9.1,12.5,2.6,1.1,2.0,2.2,2.6,25.9,.563,.589,.257,.784,.627,.573,F-C,LAL,davisan02
431,Dyson Daniels,2022-23,2022-23,19,59,11,17.7,1.5,3.5,1.0,2.1,0.5,1.5,0.4,0.7,0.6,2.6,3.2,2.3,0.7,0.2,1.0,1.7,3.8,.418,.492,.314,.650,.503,.483,G,NOP,daniedy01
432,Stephen Curry,2022-23,2022-23,34,56,56,34.7,10.0,20.2,5.1,8.8,4.9,11.4,4.6,5.0,0.7,5.4,6.1,6.3,0.9,0.4,3.2,2.1,29.4,.493,.579,.427,.915,.656,.614,G,GSW,curryst01
433,Seth Curry,2022-23,2022-23,32,61,7,19.9,3.4,7.4,1.9,3.6,1.5,3.8,0.8,0.9,0.2,1.4,1.6,1.6,0.6,0.1,0.8,1.6,9.2,.463,.525,.405,.927,.593,.568,G,BRK,curryse01
434,Cade Cunningham,2022-23,2022-23,21,12,12,33.3,7.8,18.7,6.3,13.6,1.4,5.1,3.0,3.6,1.0,5.2,6.2,6.0,0.8,0.6,3.3,2.8,19.9,.415,.466,.279,.837,.492,.453,G,DET,cunnica01
435,Jarrett Culver,2022-23,2022-23,23,10,1,13.7,1.7,4.3,1.6,3.1,0.1,1.2,0.9,1.3,1.0,2.8,3.8,0.6,0.6,0.2,0.7,1.4,4.4,.395,.516,.083,.692,.452,.407,G,ATL,culveja01
436,Jae Crowder,2022-23,2022-23,32,18,3,18.9,2.5,5.2,1.2,2.2,1.3,3.1,0.6,0.7,0.9,2.9,3.8,1.5,0.7,0.3,0.4,1.5,6.9,.479,.538,.436,.833,.624,.606,F,MIL,crowdja01
437,Torrey Craig,2022-23,2022-23,32,79,60,24.7,2.9,6.3,1.6,3.1,1.3,3.2,0.4,0.6,1.8,3.6,5.4,1.5,0.6,0.8,0.9,2.3,7.4,.456,.518,.395,.711,.566,.556,G-F,PHO,craigto01
438,Robert Covington,2022-23,2022-23,32,48,0,16.2,2.1,4.8,1.0,1.9,1.1,2.8,0.6,0.8,0.6,2.8,3.5,1.2,0.8,0.7,0.7,1.8,6.0,.445,.516,.397,.750,.584,.563,F-C,LAC,covinro01
439,Xavier Cooks,2022-23,2022-23,27,10,1,12.6,1.7,2.8,1.7,2.7,0.0,0.1,0.4,1.0,1.6,2.2,3.8,0.6,0.6,0.4,0.8,1.3,3.8,.607,.630,.000,.400,.586,.607,F,WAS,cooksxa01
440,Pat Connaughton,2022-23,2022-23,30,61,33,23.7,2.7,6.9,0.9,1.6,1.8,5.3,0.4,0.7,0.8,3.8,4.6,1.3,0.6,0.2,0.5,1.1,7.6,.392,.566,.339,.659,.531,.521,G,MIL,connapa01
441,Mike Conley,2022-23,2022-23,35,67,66,30.3,3.9,9.1,1.9,3.9,2.0,5.2,2.1,2.5,0.5,2.2,2.7,6.7,1.1,0.2,1.5,2.1,11.9,.428,.486,.385,.834,.583,.539,G,MINUTA,conlemi01
442,Zach Collins,2022-23,2022-23,25,63,26,22.9,4.5,8.7,3.6,6.4,0.9,2.3,1.7,2.3,1.8,4.5,6.4,2.9,0.6,0.8,2.0,3.2,11.6,.518,.571,.374,.761,.599,.568,C-F,SAS,colliza01
443,John Collins,2022-23,2022-23,25,71,71,30.0,5.1,10.0,4.1,6.6,1.0,3.4,2.0,2.5,1.1,5.4,6.5,1.2,0.6,1.0,1.1,3.1,13.1,.508,.619,.292,.803,.593,.557,F,ATL,collijo01
444,Amir Coffey,2022-23,2022-23,25,50,9,12.5,1.1,2.9,0.9,2.1,0.2,0.8,1.0,1.3,0.3,0.7,1.1,1.1,0.1,0.1,0.4,1.0,3.4,.386,.429,.275,.778,.498,.424,G,LAC,coffeam01
445,Nic Claxton,2022-23,2022-23,23,76,76,29.9,5.4,7.7,5.4,7.7,0.0,0.0,1.8,3.2,2.4,6.8,9.2,1.9,0.9,2.5,1.3,2.8,12.6,.705,.708,.000,.541,.691,.705,C,BRK,claxtni01
446,Jordan Clarkson,2022-23,2022-23,30,61,61,32.6,7.5,16.9,5.0,9.4,2.5,7.5,3.3,4.0,1.2,2.9,4.0,4.4,0.5,0.2,3.0,2.0,20.8,.444,.530,.338,.816,.558,.519,G,UTA,clarkjo01
447,Brandon Clarke,2022-23,2022-23,26,56,8,19.5,4.1,6.2,4.1,6.1,0.0,0.1,1.8,2.4,1.6,3.9,5.5,1.3,0.6,0.7,1.0,2.3,10.0,.656,.665,.167,.723,.682,.658,F,MEM,clarkbr01
448,Josh Christopher,2022-23,2022-23,21,64,2,12.3,2.4,5.1,2.1,3.8,0.3,1.4,0.7,0.9,0.3,0.8,1.1,1.1,0.5,0.2,0.9,0.9,5.8,.465,.550,.236,.750,.523,.497,G,HOU,chrisjo01
449,Max Christie,2022-23,2022-23,19,41,3,12.5,1.1,2.6,0.4,1.1,0.6,1.5,0.3,0.4,0.2,1.7,1.8,0.5,0.2,0.2,0.3,0.8,3.1,.415,.409,.419,.875,.566,.538,G,LAL,chrisma02
450,Kennedy Chandler,2022-23,2022-23,20,36,0,7.8,1.0,2.3,0.9,1.9,0.1,0.4,0.2,0.4,0.3,0.8,1.1,1.6,0.3,0.1,0.5,0.4,2.2,.422,.485,.133,.462,.440,.434,G,MEM,chandke01
451,Justin Champagnie,2022-23,2022-23,21,5,0,6.8,1.0,3.0,0.8,2.0,0.2,1.0,0.0,0.0,0.6,1.0,1.6,0.8,0.2,0.0,0.0,0.4,2.2,.333,.400,.200,,.367,.367,F,BOSTOR,champju01
452,Julian Champagnie,2022-23,2022-23,21,17,3,18.8,3.5,7.6,1.5,2.8,1.9,4.8,0.8,1.0,0.6,2.9,3.5,0.6,0.4,0.3,0.6,1.5,9.7,.454,.542,.402,.824,.600,.581,F,PHISAS,champju02
453,Alex Caruso,2022-23,2022-23,28,67,36,23.5,1.9,4.3,1.1,2.0,0.8,2.3,0.9,1.1,0.6,2.3,2.9,2.9,1.5,0.7,1.1,2.4,5.6,.455,.556,.364,.808,.588,.551,G,CHI,carusal01
454,Michael Carter-Williams,2022-23,2022-23,31,4,0,11.0,1.5,3.5,1.3,2.8,0.3,0.8,1.0,1.8,0.3,1.0,1.3,1.8,0.3,0.3,1.0,1.3,4.3,.429,.455,.333,.571,.498,.464,G,ORL,cartemi01
455,Wendell Carter Jr.,2022-23,2022-23,23,57,54,29.6,5.6,10.8,4.2,6.8,1.4,3.9,2.5,3.4,2.1,6.6,8.7,2.3,0.5,0.6,1.9,2.8,15.2,.525,.624,.356,.738,.621,.591,C,ORL,cartewe01
456,Jevon Carter,2022-23,2022-23,27,81,39,22.3,3.0,7.0,1.2,2.8,1.8,4.2,0.4,0.5,0.4,2.1,2.5,2.4,0.8,0.4,1.0,2.0,8.0,.423,.425,.421,.816,.560,.549,G,MIL,carteje01
457,Vernon Carey Jr.,2022-23,2022-23,21,11,0,2.5,0.2,0.7,0.2,0.7,0.0,0.0,0.2,0.2,0.3,0.7,1.0,0.3,0.2,0.2,0.2,0.5,0.5,.250,.250,,1.000,.338,.250,C,WAS,careyve01
458,Clint Capela,2022-23,2022-23,28,65,63,26.6,5.4,8.2,5.4,8.2,0.0,0.0,1.2,2.0,4.0,7.1,11.0,0.9,0.7,1.2,0.8,2.1,12.0,.653,.654,.000,.603,.656,.653,C,ATL,capelca01
459,Vlatko Čančar,2022-23,2022-23,25,60,9,14.8,1.8,3.8,1.1,1.9,0.7,1.9,0.6,0.7,0.4,1.7,2.1,1.3,0.4,0.2,0.6,1.4,5.0,.476,.580,.374,.927,.606,.570,F,DEN,cancavl01
460,Facundo Campazzo,2022-23,2022-23,31,8,0,6.5,0.4,1.6,0.0,0.3,0.4,1.4,0.1,0.3,0.0,0.3,0.3,1.1,0.8,0.0,0.4,0.4,1.3,.231,.000,.273,.500,.360,.346,G,DAL,campafa01
461,Kentavious Caldwell-Pope,2022-23,2022-23,29,76,76,31.3,3.8,8.3,2.1,4.1,1.8,4.2,1.4,1.6,0.5,2.3,2.7,2.4,1.5,0.5,1.1,1.9,10.8,.462,.502,.423,.824,.598,.569,G,DEN,caldwke01
462,Jamal Cain,2022-23,2022-23,23,18,0,13.3,2.1,3.7,1.7,2.6,0.4,1.1,0.9,1.2,0.8,2.1,2.9,0.7,0.6,0.1,0.3,1.2,5.4,.561,.652,.350,.773,.647,.614,F,MIA,cainja01
463,John Butler,2022-23,2022-23,20,19,1,11.6,0.9,2.8,0.5,0.9,0.4,1.8,0.2,0.2,0.2,0.7,0.9,0.6,0.4,0.5,0.1,1.2,2.4,.321,.500,.229,.750,.411,.396,C,POR,butlejo01
464,Jimmy Butler,2022-23,2022-23,33,64,64,33.4,7.5,13.9,6.9,12.3,0.6,1.6,7.4,8.7,2.2,3.7,5.9,5.3,1.8,0.3,1.6,1.3,22.9,.539,.564,.350,.850,.647,.560,F-G,MIA,butleji01
465,Jared Butler,2022-23,2022-23,22,6,1,12.8,2.5,5.3,1.3,3.0,1.2,2.3,0.0,0.0,0.2,0.5,0.7,1.3,0.8,0.0,0.8,0.8,6.2,.469,.444,.500,,.578,.578,G,OKC,butleja02
466,Deonte Burton,2022-23,2022-23,29,2,0,3.0,0.0,1.0,0.0,0.5,0.0,0.5,0.0,0.0,0.0,0.0,0.0,0.0,0.0,0.0,0.0,0.0,0.0,.000,.000,.000,,.000,.000,G,SAC,burtode02
467,Alec Burks,2022-23,2022-23,31,51,8,22.0,3.9,9.0,2.0,4.3,1.9,4.7,3.0,3.7,0.4,2.7,3.1,2.2,0.7,0.2,1.1,1.9,12.8,.436,.459,.414,.814,.602,.544,G,DET,burksal01
468,Reggie Bullock,2022-23,2022-23,31,78,55,30.3,2.5,6.0,0.5,0.9,1.9,5.1,0.3,0.5,0.4,3.2,3.6,1.4,0.7,0.2,0.5,2.1,7.2,.409,.562,.380,.703,.577,.569,G-F,DAL,bullore01
469,Thomas Bryant,2022-23,2022-23,25,59,26,18.3,3.9,6.3,3.5,5.3,0.4,1.0,1.6,2.1,1.5,4.3,5.7,0.5,0.3,0.5,0.6,1.7,9.8,.623,.658,.441,.738,.682,.659,C,DENLAL,bryanth01
470,Jalen Brunson,2022-23,2022-23,26,68,68,35.0,8.6,17.6,6.7,12.8,2.0,4.7,4.8,5.8,0.6,3.0,3.5,6.2,0.9,0.2,2.1,2.2,24.0,.491,.519,.416,.829,.597,.547,G,NYK,brunsja01
471,Troy Brown Jr.,2022-23,2022-23,23,76,45,24.5,2.6,6.1,1.2,2.4,1.4,3.7,0.4,0.5,0.8,3.2,4.1,1.3,0.8,0.2,0.6,1.6,7.1,.430,.505,.381,.872,.561,.545,G-F,LAL,browntr01
472,Sterling Brown,2022-23,2022-23,27,4,0,6.0,0.0,1.0,0.0,0.5,0.0,0.5,0.0,0.0,0.8,1.3,2.0,0.5,0.8,0.0,0.0,1.0,0.0,.000,.000,.000,,.000,.000,G,LAL,brownst02
473,Moses Brown,2022-23,2022-23,23,36,1,8.2,1.7,2.7,1.7,2.7,0.0,0.0,0.9,2.0,1.6,2.3,3.9,0.1,0.1,0.4,0.4,1.1,4.3,.635,.635,,.458,.607,.635,C,BRKLAC,brownmo01
474,Kendall Brown,2022-23,2022-23,19,6,0,6.7,0.7,1.2,0.7,1.0,0.0,0.2,0.2,0.3,0.3,0.7,1.0,0.5,0.7,0.0,0.3,1.5,1.5,.571,.667,.000,.500,.571,.571,G-F,IND,brownke03
475,Jaylen Brown,2022-23,2022-23,26,67,67,35.9,10.1,20.6,7.7,13.4,2.4,7.3,3.9,5.1,1.2,5.7,6.9,3.5,1.1,0.4,2.9,2.6,26.6,.491,.576,.335,.765,.581,.550,F-G,BOS,brownja02
476,Greg Brown III,2022-23,2022-23,21,16,0,5.8,0.7,1.8,0.6,1.3,0.1,0.4,0.3,0.8,0.1,1.1,1.2,0.2,0.3,0.3,0.4,0.8,1.8,.393,.476,.143,.417,.421,.411,F,POR,browngr01
477,Bruce Brown,2022-23,2022-23,26,80,31,28.5,4.5,9.3,3.3,6.1,1.1,3.2,1.5,1.9,0.8,3.3,4.1,3.4,1.1,0.6,1.5,2.4,11.5,.483,.548,.358,.758,.571,.545,G,DEN,brownbr01
478,Dillon Brooks,2022-23,2022-23,27,73,73,30.3,5.4,13.6,3.4,7.6,2.0,6.0,1.6,2.1,0.6,2.7,3.3,2.6,0.9,0.2,1.4,3.3,14.3,.396,.451,.326,.779,.494,.468,F-G,MEM,brookdi01
479,Malcolm Brogdon,2022-23,2022-23,30,67,0,26.0,5.3,10.9,3.3,6.5,2.0,4.4,2.4,2.7,0.6,3.6,4.2,3.7,0.7,0.3,1.5,1.6,14.9,.484,.510,.444,.870,.615,.574,G,BOS,brogdma01
480,Oshae Brissett,2022-23,2022-23,24,65,2,16.7,1.9,4.9,1.2,2.5,0.7,2.4,1.6,2.2,1.0,2.4,3.4,0.7,0.5,0.2,0.5,1.2,6.1,.386,.457,.310,.717,.520,.461,F,IND,brissos01
481,Mikal Bridges,2022-23,2022-23,26,83,83,35.7,7.1,15.3,5.1,9.9,2.0,5.3,3.8,4.3,1.0,3.4,4.4,3.3,1.1,0.7,1.5,1.9,20.1,.468,.514,.382,.895,.587,.535,F-G,BRKPHO,bridgmi01
482,Christian Braun,2022-23,2022-23,21,76,6,15.5,1.9,3.8,1.4,2.5,0.4,1.3,0.5,0.8,0.6,1.8,2.4,0.8,0.5,0.2,0.5,1.3,4.7,.495,.565,.354,.625,.568,.554,G,DEN,braunch01
483,Jarrell Brantley,2022-23,2022-23,26,4,0,9.8,2.0,3.5,1.0,1.3,1.0,2.3,0.5,0.5,0.3,1.3,1.5,0.8,0.0,0.5,0.5,0.8,5.5,.571,.800,.444,1.000,.739,.714,F,UTA,brantja01
484,Malaki Branham,2022-23,2022-23,19,66,32,23.5,4.1,9.3,2.9,5.4,1.2,3.9,0.9,1.1,0.4,2.3,2.7,1.9,0.5,0.1,1.2,1.7,10.2,.440,.539,.302,.829,.524,.503,G,SAS,branhma01
485,Tony Bradley,2022-23,2022-23,25,12,0,2.8,0.5,1.0,0.3,0.6,0.3,0.4,0.3,0.3,0.1,0.8,0.9,0.1,0.1,0.1,0.1,0.2,1.6,.500,.429,.600,1.000,.690,.625,F-C,CHI,bradlto01
486,Jamaree Bouyea,2022-23,2022-23,23,5,0,14.2,1.2,2.8,0.8,1.6,0.4,1.2,0.2,0.4,0.2,1.0,1.2,0.8,0.8,0.4,0.8,1.2,3.0,.429,.500,.333,.500,.504,.500,G,MIAWAS,bouyeja01
487,James Bouknight,2022-23,2022-23,22,34,0,15.1,2.0,5.7,1.1,2.5,1.0,3.2,0.6,0.9,0.2,1.9,2.1,1.2,0.4,0.1,0.9,1.4,5.6,.358,.429,.303,.667,.463,.443,G,CHO,bouknja01
488,Chris Boucher,2022-23,2022-23,30,76,0,20.0,3.4,7.0,2.6,4.5,0.8,2.5,1.7,2.2,2.1,3.5,5.5,0.4,0.6,0.8,0.5,1.9,9.4,.493,.585,.328,.762,.590,.552,F,TOR,bouchch01
489,Brandon Boston Jr.,2022-23,2022-23,21,22,1,11.3,2.3,5.5,1.8,4.2,0.5,1.3,1.3,1.7,0.3,1.0,1.4,0.9,0.4,0.0,0.5,1.0,6.5,.418,.419,.414,.763,.515,.467,G-F,LAC,bostobr01
490,Devin Booker,2022-23,2022-23,26,53,53,34.6,9.9,20.1,7.8,14.2,2.1,6.0,5.8,6.8,0.9,3.7,4.5,5.5,1.0,0.3,2.7,3.0,27.8,.494,.554,.351,.855,.601,.546,G,PHO,bookede01
491,Leandro Bolmaro,2022-23,2022-23,22,14,0,4.9,0.2,1.4,0.2,1.1,0.0,0.3,0.0,0.0,0.3,0.2,0.5,0.5,0.2,0.1,0.5,0.7,0.4,.150,.188,.000,,.150,.150,F,UTA,bolmale01
492,Bol Bol,2022-23,2022-23,23,70,33,21.5,3.7,6.8,3.3,5.2,0.4,1.6,1.2,1.5,1.0,4.8,5.8,1.0,0.4,1.2,1.6,1.3,9.1,.546,.633,.265,.759,.603,.577,F-C,ORL,bolbo01
493,Bojan Bogdanović,2022-23,2022-23,33,59,59,32.1,7.3,14.9,4.8,9.0,2.5,6.0,4.5,5.1,0.6,3.2,3.8,2.6,0.6,0.1,2.3,1.9,21.6,.488,.539,.411,.884,.627,.570,G-F,DET,bogdabo02
494,Bogdan Bogdanović,2022-23,2022-23,30,54,9,27.9,5.1,11.3,2.4,4.6,2.7,6.7,1.2,1.4,0.4,2.6,3.1,2.8,0.8,0.3,1.2,1.6,14.0,.447,.506,.406,.831,.586,.566,G,ATL,bogdabo01
495,Buddy Boeheim,2022-23,2022-23,23,10,0,9.0,0.5,2.7,0.1,0.2,0.4,2.5,0.2,0.2,0.2,0.4,0.6,0.4,0.2,0.0,0.0,0.6,1.6,.185,.500,.160,1.000,.287,.259,G,DET,boehebu01
496,Bismack Biyombo,2022-23,2022-23,30,61,14,14.3,2.0,3.4,2.0,3.4,0.0,0.0,0.4,1.1,1.5,2.8,4.3,0.9,0.3,1.4,0.8,1.9,4.3,.578,.578,,.357,.555,.578,C-F,PHO,biyombi01
497,Goga Bitadze,2022-23,2022-23,23,38,1,12.0,1.8,3.3,1.7,2.6,0.2,0.7,0.6,1.1,1.6,2.0,3.6,1.0,0.4,0.7,0.6,1.7,4.4,.552,.636,.231,.548,.582,.576,C,INDORL,bitadgo01
498,Khem Birch,2022-23,2022-23,30,20,0,8.1,1.0,1.6,0.9,1.5,0.1,0.1,0.2,0.3,0.4,0.9,1.3,0.4,0.3,0.3,0.4,1.2,2.2,.594,.600,.500,.800,.629,.609,C-F,TOR,birchkh01
499,Saddiq Bey,2022-23,2022-23,23,77,37,27.6,4.6,10.9,2.6,5.4,2.0,5.4,2.7,3.1,1.3,3.4,4.7,1.5,0.9,0.2,0.9,1.6,13.8,.422,.483,.361,.861,.564,.513,F,ATLDET,beysa01
500,Patrick Beverley,2022-23,2022-23,34,67,67,27.1,2.1,5.4,1.0,1.8,1.2,3.6,0.7,1.0,0.7,3.0,3.7,2.9,0.9,0.6,0.9,2.8,6.2,.400,.529,.335,.723,.534,.511,G,CHILAL,beverpa01
501,Dāvis Bertāns,2022-23,2022-23,30,45,1,10.9,1.5,3.6,0.3,0.4,1.2,3.1,0.3,0.3,0.2,1.0,1.2,0.5,0.2,0.2,0.2,1.2,4.6,.431,.737,.390,.867,.618,.603,F,DAL,bertada01
502,MarJon Beauchamp,2022-23,2022-23,22,52,11,13.5,1.8,4.7,0.9,1.9,0.9,2.7,0.5,0.7,0.7,1.5,2.2,0.7,0.4,0.1,0.9,1.4,5.1,.395,.485,.331,.730,.513,.492,G,MIL,beaucma01
503,Malik Beasley,2022-23,2022-23,26,81,27,25.8,4.6,11.6,1.7,3.4,2.9,8.1,0.6,0.8,0.4,3.1,3.5,1.5,0.8,0.1,1.1,1.3,12.7,.395,.484,.357,.769,.531,.520,G,LALUTA,beaslma01
504,Bradley Beal,2022-23,2022-23,29,50,50,33.5,8.9,17.6,7.3,13.2,1.6,4.4,3.8,4.6,0.8,3.1,3.9,5.4,0.9,0.7,2.9,2.1,23.2,.506,.552,.365,.842,.593,.551,G,WAS,bealbr01
505,Darius Bazley,2022-23,2022-23,22,43,1,14.3,1.9,4.3,1.5,3.0,0.5,1.2,0.9,1.6,0.8,2.4,3.2,0.9,0.5,0.8,0.6,1.0,5.2,.454,.485,.377,.543,.524,.508,F,OKCPHO,bazleda01
506,Nicolas Batum,2022-23,2022-23,34,78,19,21.9,2.1,4.9,0.5,0.8,1.6,4.1,0.4,0.6,0.8,3.0,3.8,1.6,0.7,0.6,0.6,1.9,6.1,.420,.563,.391,.708,.594,.583,F-G,LAC,batumni01
507,Keita Bates-Diop,2022-23,2022-23,27,67,42,21.7,3.5,6.9,2.7,4.8,0.8,2.1,1.8,2.2,1.0,2.7,3.7,1.5,0.7,0.3,0.8,0.9,9.7,.508,.557,.394,.793,.609,.568,F,SAS,bateske01
508,Charles Bassey,2022-23,2022-23,22,35,2,14.5,2.5,3.9,2.4,3.6,0.1,0.2,0.6,1.1,2.1,3.4,5.5,1.3,0.5,0.9,1.2,2.1,5.7,.644,.661,.375,.595,.658,.656,C,SAS,bassech01
509,Will Barton,2022-23,2022-23,32,56,2,17.7,2.5,6.5,1.3,3.3,1.2,3.2,0.7,0.8,0.3,2.2,2.4,2.0,0.5,0.2,0.9,1.0,6.8,.379,.391,.367,.787,.493,.470,G,TORWAS,bartowi01
510,RJ Barrett,2022-23,2022-23,22,73,73,33.9,7.0,16.1,5.3,10.8,1.7,5.3,4.0,5.4,0.8,4.2,5.0,2.8,0.4,0.2,2.2,2.5,19.6,.434,.495,.310,.740,.531,.485,G-F,NYK,barrerj01
511,Scottie Barnes,2022-23,2022-23,21,77,76,34.8,6.0,13.2,5.2,10.3,0.8,2.9,2.5,3.2,2.3,4.3,6.6,4.8,1.1,0.8,2.0,2.2,15.3,.456,.505,.281,.772,.524,.487,G-F,TOR,barnesc01
512,Harrison Barnes,2022-23,2022-23,30,82,82,32.5,4.6,9.6,3.0,5.3,1.6,4.3,4.3,5.0,1.1,3.4,4.5,1.6,0.7,0.1,1.0,1.3,15.0,.473,.553,.374,.847,.632,.556,F,SAC,barneha02
513,Dominick Barlow,2022-23,2022-23,19,28,0,14.6,1.6,3.1,1.6,2.9,0.0,0.1,0.6,0.9,1.6,2.0,3.6,0.9,0.4,0.7,0.5,2.0,3.9,.535,.561,.000,.720,.567,.535,F,SAS,barlodo01
514,Dalano Banton,2022-23,2022-23,23,31,2,9.0,1.8,4.2,1.3,2.5,0.5,1.6,0.5,0.8,0.4,1.1,1.5,1.2,0.4,0.4,0.6,1.1,4.6,.423,.506,.294,.708,.505,.481,G-F,TOR,bantoda01
515,Desmond Bane,2022-23,2022-23,24,58,58,31.7,7.8,16.2,4.9,9.2,2.9,7.0,3.1,3.5,0.7,4.3,5.0,4.4,1.0,0.4,2.2,2.6,21.5,.479,.534,.408,.883,.606,.568,G,MEM,banede01
516,Paolo Banchero,2022-23,2022-23,20,72,72,33.8,6.7,15.6,5.5,11.6,1.2,4.0,5.5,7.4,1.2,5.7,6.9,3.7,0.8,0.5,2.8,2.2,20.0,.427,.471,.298,.738,.529,.465,F,ORL,banchpa01
517,Mo Bamba,2022-23,2022-23,24,49,7,15.7,2.4,4.9,1.4,2.4,1.0,2.5,0.8,1.3,1.2,3.4,4.6,0.9,0.3,0.9,0.6,2.1,6.6,.485,.590,.387,.661,.602,.585,C,LALORL,bambamo01
518,LaMelo Ball,2022-23,2022-23,21,36,36,35.2,8.2,20.0,4.2,9.4,4.0,10.6,2.8,3.4,1.2,5.3,6.4,8.4,1.3,0.3,3.6,3.3,23.3,.411,.450,.376,.836,.541,.510,G,CHO,ballla01
519,Patrick Baldwin Jr.,2022-23,2022-23,20,31,0,7.3,1.4,3.5,0.4,0.8,1.0,2.7,0.1,0.2,0.0,1.3,1.3,0.4,0.2,0.1,0.4,0.5,3.9,.394,.440,.381,.667,.546,.541,G-F,GSW,baldwpa01
520,Marvin Bagley III,2022-23,2022-23,23,42,25,23.6,4.8,9.1,4.4,7.5,0.5,1.6,1.9,2.6,2.2,4.2,6.4,0.9,0.5,0.7,1.1,1.9,12.0,.529,.579,.288,.750,.587,.554,F-C,DET,baglema01
521,Udoka Azubuike,2022-23,2022-23,23,36,4,10.0,1.6,2.0,1.6,2.0,0.0,0.0,0.2,0.6,0.9,2.4,3.3,0.3,0.2,0.4,0.5,0.9,3.5,.819,.819,,.350,.774,.819,C,UTA,azubuud01
522,Deandre Ayton,2022-23,2022-23,24,67,67,30.4,7.8,13.2,7.7,12.9,0.1,0.4,2.3,3.0,2.6,7.4,10.0,1.7,0.6,0.8,1.8,2.8,18.0,.589,.597,.292,.760,.617,.592,C,PHO,aytonde01
523,Deni Avdija,2022-23,2022-23,22,76,40,26.6,3.3,7.6,2.4,4.6,0.9,3.1,1.6,2.2,1.0,5.4,6.4,2.8,0.9,0.4,1.6,2.8,9.2,.437,.530,.297,.739,.535,.497,G-F,WAS,avdijde01
524,Ryan Arcidiacono,2022-23,2022-23,28,20,4,8.6,0.5,1.9,0.1,0.7,0.4,1.2,0.0,0.0,0.0,0.8,0.8,1.2,0.3,0.0,0.4,0.9,1.3,.243,.071,.348,,.351,.351,G,NYKPOR,arcidry01
525,OG Anunoby,2022-23,2022-23,25,67,67,35.6,6.3,13.2,4.2,7.7,2.1,5.5,2.1,2.5,1.4,3.5,5.0,2.0,1.9,0.7,2.0,3.0,16.8,.476,.539,.387,.838,.586,.556,F,TOR,anunoog01
526,Cole Anthony,2022-23,2022-23,22,60,4,25.9,4.6,10.2,3.4,6.7,1.3,3.4,2.5,2.8,0.8,4.0,4.8,3.9,0.6,0.5,1.5,2.6,13.0,.454,.500,.364,.894,.570,.516,G,ORL,anthoco01
527,Thanasis Antetokounmpo,2022-23,2022-23,30,37,0,5.6,0.5,1.2,0.5,1.0,0.0,0.2,0.3,0.6,0.4,0.8,1.2,0.4,0.1,0.1,0.3,0.6,1.4,.435,.526,.000,.500,.458,.435,F,MIL,antetth01
528,Giannis Antetokounmpo,2022-23,2022-23,28,63,63,32.1,11.2,20.3,10.5,17.6,0.7,2.7,7.9,12.3,2.2,9.6,11.8,5.7,0.8,0.8,3.9,3.1,31.1,.553,.596,.275,.645,.605,.572,F-G,MIL,antetgi01
529,Kyle Anderson,2022-23,2022-23,29,69,46,28.4,3.7,7.2,3.0,5.7,0.6,1.5,1.4,2.0,1.0,4.4,5.3,4.9,1.1,0.9,1.5,2.1,9.4,.509,.536,.410,.735,.583,.553,F-G,MIN,anderky01
530,Jose Alvarado,2022-23,2022-23,24,61,10,21.5,3.3,8.0,1.9,4.0,1.4,4.0,1.1,1.3,0.5,1.9,2.3,3.0,1.1,0.2,1.3,2.0,9.0,.411,.488,.336,.813,.525,.496,G,NOP,alvarjo01
531,Jarrett Allen,2022-23,2022-23,24,68,68,32.6,5.9,9.2,5.9,9.1,0.0,0.1,2.4,3.3,3.3,6.5,9.8,1.7,0.8,1.2,1.4,2.3,14.3,.644,.653,.100,.733,.670,.645,C-F,CLE,allenja01
532,Grayson Allen,2022-23,2022-23,27,72,70,27.4,3.4,7.7,1.4,2.7,2.0,5.1,1.6,1.8,0.8,2.4,3.3,2.3,0.9,0.2,1.0,1.6,10.4,.440,.518,.399,.905,.612,.571,G,MIL,allengr01
533,Nickeil Alexander-Walker,2022-23,2022-23,24,59,3,15.0,2.2,5.0,1.2,2.3,1.0,2.7,0.7,1.0,0.3,1.5,1.7,1.8,0.5,0.4,0.9,1.5,6.2,.444,.515,.384,.667,.565,.547,G,MINUTA,alexani01
534,Santi Aldama,2022-23,2022-23,22,77,20,21.8,3.2,6.8,2.0,3.4,1.2,3.5,1.4,1.9,1.1,3.7,4.8,1.3,0.6,0.6,0.8,1.9,9.0,.470,.591,.353,.750,.591,.560,F,MEM,aldamsa01
535,Ochai Agbaji,2022-23,2022-23,22,59,22,20.5,2.8,6.5,1.4,2.7,1.4,3.9,0.9,1.2,0.7,1.3,2.1,1.1,0.3,0.3,0.7,1.7,7.9,.427,.532,.355,.812,.561,.532,G,UTA,agbajoc01
536,Bam Adebayo,2022-23,2022-23,25,75,75,34.6,8.0,14.9,8.0,14.7,0.0,0.2,4.3,5.4,2.5,6.7,9.2,3.2,1.2,0.8,2.5,2.8,20.4,.540,.545,.083,.806,.592,.541,C-F,MIA,adebaba01
537,Steven Adams,2022-23,2022-23,29,42,42,27.0,3.7,6.3,3.7,6.2,0.0,0.0,1.1,3.1,5.1,6.5,11.5,2.3,0.9,1.1,1.9,2.3,8.6,.597,.599,.000,.364,.564,.597,C,MEM,adamsst01
538,Precious Achiuwa,2022-23,2022-23,23,55,12,20.7,3.6,7.3,3.0,5.4,0.5,2.0,1.6,2.3,1.8,4.1,6.0,0.9,0.6,0.5,1.1,1.9,9.2,.485,.564,.269,.702,.554,.521,F,TOR,achiupr01