Rk,Player,WS,ORtg,DRtg,VORP,PER,TRB%,USG%,TOV%,AST%,From,To,Age,G,GS,AS,MP,FG,FGA,2P,2PA,3P,3PA,FT,FTA,ORB,DRB,TRB,AST,STL,BLK,TOV,PF,PTS,FG%,2P%,3P%,FT%,TS%,eFG%,Pos,Team,-9999
1,Trae Young,32.6,115,117,15.2,22.3,5.9,32.7,15.9,44.1,2018-19,2022-23,20-24,349,349,2,33.8,8.1,18.6,5.6,11.4,2.5,7.2,6.7,7.6,0.7,3.0,3.7,9.3,1.0,0.1,4.1,1.7,25.5,.438,.491,.353,.875,.581,.506,G,ATL,youngtr01
2,James Worthy,81.2,112,108,29.2,17.7,8.9,22.9,11.3,14.0,1982-83,1993-94,21-32,926,717,7,32.4,7.4,14.3,7.3,13.7,0.1,0.5,2.6,3.4,1.7,3.4,5.1,3.0,1.1,0.7,2.0,2.1,17.6,.521,.532,.241,.769,.559,.525,F,LAL,worthja01
3,Metta World Peace,61.1,102,103,25.4,14.8,8.1,21.3,12.2,14.5,1999-00,2016-17,20-37,991,840,1,31.7,4.7,11.4,3.5,7.9,1.2,3.4,2.6,3.6,1.2,3.3,4.5,2.7,1.7,0.5,1.8,2.6,13.2,.414,.447,.339,.715,.508,.465,F,CHIHOUINDLALNYKSAC,artesro01
4,Brian Winters,38.6,105,105,7.8,15.2,4.5,23.0,13.5,19.3,1974-75,1982-83,22-30,650,25,2,30.7,6.9,14.5,6.7,14.1,0.2,0.5,2.2,2.6,0.7,1.9,2.6,4.1,1.2,0.3,1.6,2.8,16.2,.475,.479,.363,.842,.516,.481,G-F,LALMIL,wintebr01
5,Zion Williamson,14.2,121,114,6.6,26.0,11.9,30.1,12.4,19.7,2019-20,2022-23,19-22,114,114,2,32.0,9.9,16.4,9.7,15.8,0.2,0.6,5.8,8.4,2.5,4.4,7.0,3.6,0.9,0.6,2.9,2.1,25.8,.605,.615,.343,.691,.643,.611,F-C,NOP,willizi01
6,Mo Williams,40.0,106,110,10.0,15.0,5.5,22.8,15.5,28.1,2003-04,2015-16,21-33,818,525,1,29.2,5.0,11.4,3.6,7.9,1.3,3.5,1.9,2.2,0.5,2.3,2.8,4.9,0.9,0.1,2.3,2.5,13.2,.434,.460,.378,.871,.532,.493,G,CHOCLELACMILMINPORUTA,willima01
7,Gus Williams,67.9,106,102,31.8,18.5,4.6,25.5,11.9,27.1,1975-76,1986-87,22-33,825,385,2,31.1,7.0,15.2,6.9,14.7,0.1,0.6,2.9,3.8,1.0,1.7,2.7,5.6,2.0,0.4,2.0,2.0,17.1,.461,.469,.238,.756,.505,.465,G,ATLGSWSEAWSB,willigu01
8,Deron Williams,77.3,112,110,28.3,18.2,5.4,23.5,16.1,39.5,2005-06,2016-17,21-32,845,771,3,34.2,5.8,13.0,4.4,9.1,1.4,3.9,3.4,4.1,0.4,2.7,3.1,8.1,1.0,0.2,2.8,2.5,16.3,.445,.482,.357,.822,.552,.498,G,BRKCLEDALNJNUTA,willide01
9,Buck Williams,120.1,112,104,21.7,15.3,17.2,16.4,16.3,5.5,1981-82,1997-98,21-37,1307,1140,3,32.5,4.9,8.9,4.9,8.9,0.0,0.0,3.0,4.6,3.5,6.5,10.0,1.3,0.8,0.8,2.1,3.3,12.8,.549,.550,.167,.664,.587,.549,F-C,NJNNYKPOR,willibu01
10,Dominique Wilkins,117.5,112,108,50.6,21.6,10.4,30.3,9.7,12.1,1982-83,1998-99,23-39,1074,995,9,35.5,9.3,20.1,8.6,18.0,0.7,2.1,5.6,6.9,2.7,3.9,6.7,2.5,1.3,0.6,2.5,1.9,24.8,.461,.478,.319,.811,.536,.478,F-G,ATLBOSLACORLSAS,wilkido01
11,Jamaal Wilkes,71.3,110,103,14.1,16.5,9.8,22.5,11.0,10.2,1974-75,1985-86,21-32,828,245,3,32.9,7.5,15.1,7.5,15.0,0.0,0.1,2.6,3.5,2.0,4.2,6.2,2.5,1.3,0.3,1.5,2.8,17.7,.499,.501,.135,.759,.533,.500,F-G,GSWLACLAL,wilkeja01
12,Andrew Wiggins,26.2,105,113,3.0,14.8,7.1,24.9,9.8,10.8,2014-15,2022-23,19-27,635,635,1,34.8,7.1,15.9,5.7,11.8,1.5,4.1,3.4,4.7,1.3,3.2,4.5,2.3,1.0,0.7,2.0,2.2,19.1,.449,.483,.354,.720,.532,.495,F-G,GSWMIN,wiggian01
13,Sidney Wicks,42.4,95,101,8.2,16.2,13.0,17.5,19.5,13.9,1971-72,1980-81,22-31,760,,4,33.9,6.6,14.5,6.6,14.5,0.0,0.0,3.6,5.2,2.0,4.3,8.7,3.2,0.8,0.6,0.9,3.3,16.8,.459,.459,.000,.685,.502,.459,F-C,BOSPORSDC,wickssi01
14,Jo Jo White,54.0,95,101,6.9,14.2,5.4,19.5,16.4,19.2,1969-70,1980-81,23-34,837,,7,35.8,7.4,16.6,7.4,16.6,0.0,0.0,2.5,3.0,0.6,1.8,4.0,4.9,0.8,0.1,0.6,2.5,17.2,.444,.444,.167,.834,.481,.444,G,BOSGSWKCK,whitejo01
15,Paul Westphal,67.7,109,101,24.8,19.4,4.0,26.0,13.9,26.2,1972-73,1983-84,22-33,823,73,5,25.5,6.2,12.3,6.1,12.0,0.1,0.2,3.2,3.8,0.5,1.4,1.9,4.4,1.2,0.3,1.4,2.1,15.6,.504,.508,.275,.820,.558,.506,G,BOSNYKPHOSEA,westppa01
16,Russell Westbrook,108.0,108,106,56.7,22.2,11.6,31.9,16.1,41.7,2008-09,2022-23,20-34,1089,1023,9,34.3,8.0,18.3,6.9,14.6,1.1,3.7,5.2,6.7,1.6,5.7,7.3,8.4,1.6,0.3,4.1,2.6,22.4,.438,.471,.305,.778,.526,.468,G,HOULACLALOKCWAS,westbru01
17,David West,85.9,109,104,27.6,18.6,13.1,23.1,11.4,13.6,2003-04,2017-18,23-37,1034,742,2,28.2,5.5,11.1,5.5,10.9,0.1,0.2,2.5,3.0,1.7,4.6,6.4,2.2,0.7,0.8,1.6,2.3,13.6,.495,.499,.265,.817,.544,.498,F-C,GSWINDNOHNOKSAS,westda01
18,Scott Wedman,53.7,107,104,10.5,14.2,9.0,20.5,9.8,9.9,1974-75,1986-87,22-34,906,105,2,28.6,5.7,11.8,5.6,11.5,0.1,0.3,1.7,2.1,1.7,3.1,4.8,2.0,0.9,0.3,1.0,2.8,13.2,.481,.485,.335,.794,.515,.485,F-G,BOSCLEKCKKCO,wedmasc01
19,Chris Webber,84.7,104,101,42.1,20.9,14.6,27.1,12.1,20.2,1993-94,2007-08,20-34,831,827,5,37.1,8.7,18.1,8.3,17.0,0.3,1.1,3.0,4.7,2.7,7.0,9.8,4.2,1.4,1.4,2.8,3.2,20.7,.479,.490,.299,.649,.513,.487,F-C,DETGSWPHISACWASWSB,webbech01
20,Kermit Washington,36.0,113,101,8.1,16.0,17.3,15.3,16.8,7.1,1973-74,1987-88,22-36,507,5,1,25.3,3.5,6.7,3.5,6.7,0.0,0.0,2.2,3.3,3.0,5.3,8.3,1.4,0.8,1.1,1.2,3.2,9.2,.526,.526,.000,.656,.565,.526,F-C,BOSGSWLALPORSDC,washike01
21,Bill Walton,39.3,103,96,21.3,20.0,19.8,20.6,20.6,17.1,1974-75,1986-87,22-34,468,117,2,28.3,5.5,10.5,5.5,10.5,0.0,0.0,2.4,3.6,2.4,8.2,10.5,3.4,0.8,2.2,1.8,2.8,13.3,.521,.521,.000,.660,.551,.521,C-F,BOSLACPORSDC,waltobi01
22,Rasheed Wallace,105.1,107,101,38.3,17.0,12.1,21.3,10.2,9.6,1995-96,2012-13,21-38,1109,956,4,32.7,5.7,12.2,4.7,9.3,1.0,2.9,2.1,2.9,1.4,5.3,6.7,1.8,1.0,1.3,1.5,2.9,14.4,.467,.508,.336,.721,.536,.507,F-C,ATLBOSDETNYKPORWSB,wallara01
23,Gerald Wallace,59.7,107,103,23.5,16.3,11.5,19.5,14.1,11.7,2001-02,2014-15,19-32,832,611,1,29.7,4.2,9.0,3.7,7.4,0.5,1.6,3.0,4.2,1.4,4.4,5.8,2.1,1.4,0.8,1.8,2.2,11.9,.469,.502,.312,.709,.549,.496,F,BOSBRKCHANJNPORSAC,wallage01
24,Ben Wallace,93.5,106,96,36.1,15.5,18.9,11.0,13.8,6.8,1996-97,2011-12,22-37,1088,912,4,29.5,2.4,5.0,2.4,4.9,0.0,0.0,1.0,2.5,3.2,6.5,9.6,1.3,1.3,2.0,1.0,1.9,5.7,.474,.477,.137,.414,.474,.475,F-C,CHICLEDETORLWASWSB,wallabe01
25,John Wall,44.5,104,107,24.1,19.0,6.7,27.6,17.1,41.8,2010-11,2022-23,20-32,647,604,5,34.9,6.8,15.7,5.8,12.6,1.0,3.1,4.2,5.4,0.6,3.6,4.2,8.9,1.6,0.7,3.7,2.2,18.7,.430,.457,.322,.776,.517,.462,G,HOULACWAS,walljo01
26,Kemba Walker,59.9,109,110,29.8,19.1,6.3,26.9,10.5,27.8,2011-12,2022-23,21-32,750,697,4,33.1,6.7,15.9,4.4,9.7,2.2,6.2,3.8,4.5,0.6,3.2,3.8,5.3,1.2,0.4,2.1,1.5,19.3,.418,.455,.360,.840,.539,.488,G,BOSCHACHODALNYK,walkeke02
27,Antoine Walker,38.1,97,105,18.0,16.0,12.5,26.5,13.4,18.4,1996-97,2007-08,20-31,893,707,3,35.3,6.8,16.5,5.3,11.7,1.6,4.8,2.3,3.7,2.1,5.6,7.7,3.5,1.2,0.5,2.8,2.8,17.5,.414,.450,.325,.633,.484,.461,F,ATLBOSDALMIAMIN,walkean02
28,Dwyane Wade,120.7,109,104,62.8,23.5,8.1,31.4,13.7,30.4,2003-04,2018-19,22-37,1054,909,13,33.9,8.0,16.7,7.5,14.9,0.5,1.8,5.4,7.1,1.2,3.5,4.7,5.4,1.5,0.8,3.2,2.2,22.0,.480,.502,.293,.765,.554,.495,G,CHICLEMIA,wadedw01
29,Nikola Vučević,66.5,109,106,27.3,20.3,18.6,24.7,10.0,15.6,2011-12,2022-23,21-32,817,756,2,31.1,7.3,14.7,6.5,12.3,0.8,2.4,1.6,2.1,2.5,8.0,10.5,2.8,0.9,0.9,1.7,2.4,17.0,.496,.524,.350,.763,.544,.524,C,CHIORLPHI,vucevni01
30,Fred VanVleet,32.2,114,110,13.6,16.2,6.1,21.8,11.0,26.0,2016-17,2022-23,22-28,412,263,1,29.7,4.9,12.2,2.5,5.8,2.4,6.4,2.3,2.7,0.4,2.9,3.3,5.2,1.3,0.4,1.7,2.1,14.6,.403,.435,.375,.868,.544,.501,G,TOR,vanvlfr01
31,Kiki Vandeweghe,75.6,119,113,17.7,18.4,6.1,23.6,8.9,9.9,1980-81,1992-93,22-34,810,548,2,30.3,7.6,14.4,7.3,13.7,0.3,0.7,4.3,4.9,1.1,2.3,3.4,2.1,0.6,0.3,1.6,1.9,19.7,.525,.533,.368,.872,.594,.534,F,DENLACNYKPOR,vandeki01
32,Norm Van Lier,47.8,101,98,6.2,14.0,6.9,12.1,26.9,27.0,1969-70,1978-79,22-31,746,,3,35.1,4.4,10.7,4.4,10.7,,,2.9,3.7,0.7,1.7,4.8,7.0,1.0,0.1,0.3,3.6,11.8,.414,.414,,.780,.476,.414,G,CHICINMIL,vanlino01
33,Nick Van Exel,55.9,108,110,17.7,15.8,4.9,22.0,12.9,32.6,1993-94,2005-06,22-34,880,670,1,32.9,5.3,13.0,3.5,8.2,1.7,4.9,2.1,2.7,0.4,2.5,2.9,6.6,0.8,0.1,2.1,1.6,14.4,.405,.433,.357,.794,.507,.471,G,DALDENGSWLALPORSAS,vanexni01
34,Wes Unseld,110.1,113,96,25.3,16.0,18.0,11.7,19.0,13.5,1968-69,1980-81,22-34,984,,5,36.4,4.4,8.7,4.4,8.7,0.0,0.0,1.9,3.0,2.1,5.1,14.0,3.9,0.6,0.4,0.6,2.8,10.8,.509,.509,.500,.633,.537,.509,C-F,BALCAPWSB,unselwe01
35,Kelly Tripucka,44.4,109,110,11.2,16.2,7.0,24.1,13.4,14.5,1981-82,1990-91,22-31,707,575,2,29.6,6.3,13.3,6.0,12.6,0.2,0.7,4.4,5.2,1.3,2.5,3.8,3.0,1.0,0.2,2.4,2.3,17.2,.473,.479,.361,.849,.552,.482,F-G,CHHDETUTA,tripuke01
36,Karl-Anthony Towns,68.2,119,109,29.3,24.5,18.3,26.7,12.7,15.8,2015-16,2022-23,20-27,506,506,3,34.1,8.5,16.2,6.9,12.0,1.6,4.2,4.4,5.3,2.9,8.2,11.2,3.2,0.8,1.3,2.7,3.4,23.1,.526,.571,.394,.835,.623,.577,C-F,MIN,townska01
37,Andrew Toney,26.9,106,108,4.4,16.1,4.4,25.9,17.4,23.9,1980-81,1987-88,23-30,468,303,2,26.9,6.1,12.2,5.8,11.4,0.3,0.9,3.4,4.3,0.5,1.7,2.2,4.2,0.8,0.2,3.0,2.9,15.9,.500,.512,.342,.797,.565,.512,G,PHI,toneyan01
38,Rudy Tomjanovich,70.4,109,105,13.3,16.9,12.4,21.4,9.3,8.9,1970-71,1980-81,22-32,768,,5,33.5,7.3,14.6,7.3,14.5,0.0,0.2,2.7,3.5,1.5,3.6,8.1,2.0,0.5,0.2,0.4,2.5,17.4,.501,.504,.262,.784,.539,.502,F,HOUSDR,tomjaru01
39,Otis Thorpe,106.4,112,107,19.1,16.0,14.6,19.2,15.6,10.6,1984-85,2000-01,22-38,1257,989,1,31.7,5.5,10.0,5.5,10.0,0.0,0.1,3.1,4.5,2.7,5.5,8.2,2.2,0.7,0.4,2.2,3.3,14.0,.546,.548,.047,.687,.584,.546,F-C,CHHDETHOUKCKMIAPORSACVANWAS,thorpot01
40,Klay Thompson,51.1,109,109,15.7,16.2,5.9,25.1,9.0,11.2,2011-12,2022-23,21-32,712,675,5,32.9,7.4,16.3,4.3,8.8,3.1,7.4,1.9,2.2,0.5,3.1,3.5,2.3,0.9,0.5,1.7,2.1,19.7,.455,.488,.416,.851,.573,.550,G-F,GSW,thompkl01
41,David Thompson,50.8,111,107,16.8,19.7,6.1,26.5,12.3,15.4,1976-77,1983-84,22-29,509,69,4,32.0,8.3,16.4,8.2,16.3,0.0,0.2,5.5,7.1,1.4,2.3,3.8,3.2,0.9,0.8,2.2,2.5,22.1,.504,.506,.277,.778,.566,.505,G-F,DENSEA,thompda01
42,Isiah Thomas,80.7,106,107,41.6,18.1,5.3,25.3,16.8,37.4,1981-82,1993-94,20-32,979,971,12,36.3,7.3,16.2,6.9,14.8,0.4,1.4,4.1,5.4,1.0,2.6,3.6,9.3,1.9,0.3,3.8,3.0,19.2,.452,.468,.290,.759,.516,.465,G,DET,thomais01
43,Isaiah Thomas,45.3,113,112,16.1,19.6,4.7,27.2,12.8,28.7,2011-12,2021-22,22-32,550,362,2,28.3,5.8,13.3,3.9,8.0,1.9,5.2,4.3,4.9,0.5,1.9,2.4,4.8,0.9,0.1,2.3,2.1,17.7,.434,.481,.362,.872,.573,.506,G,BOSCHOCLEDALDENLALNOPPHOSACWAS,thomais02
44,Reggie Theus,66.9,108,111,18.5,16.6,5.3,24.3,16.7,27.7,1978-79,1990-91,21-33,1026,743,2,33.7,6.9,14.6,6.6,13.7,0.2,0.9,4.5,5.5,1.2,2.1,3.3,6.3,1.2,0.2,3.4,2.9,18.5,.471,.486,.252,.826,.545,.479,G,ATLCHIKCKNJNORLSAC,theusre01
45,Jeff Teague,52.4,109,108,14.3,16.8,5.1,22.2,16.4,32.3,2009-10,2020-21,21-32,826,600,1,26.8,4.3,9.7,3.4,7.3,0.9,2.4,2.7,3.2,0.3,2.1,2.4,5.6,1.1,0.3,2.2,1.9,12.2,.444,.472,.360,.844,.549,.489,G,ATLBOSINDMILMIN,teaguje01
46,Jayson Tatum,44.5,113,108,19.4,19.6,11.2,27.7,10.5,16.0,2017-18,2022-23,19-24,435,435,4,34.0,7.9,17.2,5.4,10.7,2.4,6.5,4.3,5.1,0.9,6.1,7.0,3.3,1.1,0.7,2.3,2.1,22.4,.457,.508,.374,.847,.578,.528,F,BOS,tatumja01
47,Wally Szczerbiak,53.3,113,108,13.6,16.0,7.5,20.5,10.8,12.6,1999-00,2008-09,22-31,651,393,1,30.8,5.4,11.0,4.4,8.8,0.9,2.2,2.5,2.9,1.0,3.0,4.0,2.4,0.6,0.2,1.5,2.1,14.1,.485,.505,.406,.860,.573,.526,F,BOSCLEMINSEA,szczewa02
48,Amar'e Stoudemire,92.5,113,105,21.9,21.8,14.4,26.2,12.7,6.9,2002-03,2015-16,20-33,846,696,6,31.0,7.0,13.0,7.0,12.9,0.0,0.2,4.9,6.4,2.4,5.4,7.8,1.2,0.8,1.2,2.3,3.2,18.9,.537,.540,.236,.761,.597,.538,F-C,DALMIANYKPHO,stoudam01
49,Peja Stojaković,82.6,114,106,26.2,17.1,7.8,21.5,8.4,8.6,1998-99,2010-11,21-33,804,665,3,33.5,6.0,13.3,3.8,7.9,2.2,5.5,2.8,3.1,0.9,3.8,4.7,1.8,0.9,0.1,1.4,1.7,17.0,.450,.484,.401,.895,.577,.532,F,DALINDNOHNOKSACTOR,stojape01
50,John Stockton,207.7,121,104,106.5,21.8,5.0,18.9,20.8,50.2,1984-85,2002-03,22-40,1504,1300,10,31.8,4.7,9.1,4.1,7.6,0.6,1.5,3.2,3.9,0.6,2.1,2.7,10.5,2.2,0.2,2.8,2.6,13.1,.515,.541,.384,.826,.608,.546,G,UTA,stockjo01
51,John Starks,49.9,104,104,16.5,14.0,5.2,23.0,12.7,22.0,1988-89,2001-02,23-36,866,420,1,27.2,4.6,11.1,3.2,6.9,1.4,4.1,2.0,2.6,0.5,2.0,2.5,3.6,1.1,0.1,1.8,2.6,12.5,.412,.455,.340,.769,.513,.476,G,CHIGSWNYKUTA,starkjo01
52,Jerry Stackhouse,52.4,103,108,17.4,16.5,5.8,27.3,14.4,19.4,1995-96,2012-13,21-38,970,564,2,31.2,5.6,13.6,4.5,10.3,1.0,3.3,4.8,5.8,1.0,2.2,3.2,3.3,0.9,0.5,2.7,1.9,16.9,.409,.441,.309,.822,.524,.446,G-F,ATLBRKDALDETMIAMILPHIWAS,stackje01
53,Latrell Sprewell,56.3,103,108,21.0,15.1,6.1,23.8,13.1,17.6,1992-93,2004-05,22-34,913,868,4,38.6,6.7,15.7,5.4,12.1,1.2,3.6,3.8,4.7,0.8,3.2,4.1,4.0,1.4,0.4,2.7,1.8,18.3,.425,.451,.337,.804,.516,.464,G,GSWMINNYK,sprewla01
54,Rik Smits,56.6,107,106,10.4,17.9,13.3,25.7,11.8,9.3,1988-89,1999-00,22-33,867,792,1,26.6,6.1,12.1,6.1,12.0,0.0,0.0,2.6,3.4,1.8,4.3,6.1,1.4,0.4,1.3,1.8,3.5,14.8,.507,.508,.115,.773,.548,.507,C,IND,smitsri01
55,Steve Smith,83.7,114,108,24.6,16.1,6.2,21.7,12.4,17.1,1991-92,2004-05,22-35,942,717,1,30.6,4.9,11.1,3.7,7.7,1.2,3.4,3.3,3.8,1.2,2.1,3.2,3.1,0.8,0.3,1.8,2.4,14.3,.440,.476,.358,.845,.556,.494,G,ATLCHAMIANOHPORSAS,smithst01
56,Randy Smith,60.1,104,104,16.0,16.5,5.9,23.6,13.1,20.8,1971-72,1982-83,23-34,976,56,2,32.2,6.8,14.6,6.8,14.5,0.0,0.1,3.0,3.8,0.9,2.0,3.7,4.6,1.4,0.1,1.2,2.6,16.7,.470,.472,.155,.781,.513,.470,G-F,ATLBUFCLENYKSDC,smithra01
57,Phil Smith,41.1,103,104,9.9,15.8,5.4,22.4,14.4,19.0,1974-75,1982-83,22-30,659,58,2,29.1,6.1,12.8,6.1,12.7,0.0,0.1,2.9,3.7,0.9,2.1,3.0,3.9,1.1,0.3,1.5,2.5,15.1,.476,.478,.253,.779,.523,.477,G,GSWSDCSEA,smithph01
58,Ben Simmons,32.6,113,106,14.1,19.1,12.9,20.7,20.2,34.1,2017-18,2022-23,21-26,317,308,3,32.9,6.0,10.8,6.0,10.7,0.0,0.1,2.6,4.5,1.8,6.0,7.8,7.5,1.6,0.7,3.2,2.9,14.7,.560,.565,.139,.591,.578,.561,G-F,BRKPHI,simmobe01
59,Paul Silas,79.9,98,97,5.6,13.9,16.6,11.7,19.3,9.4,1964-65,1979-80,21-36,1254,,2,27.9,3.4,7.9,3.4,7.9,0.0,0.0,2.5,3.8,1.6,2.6,9.9,2.1,0.3,0.1,0.3,2.5,9.4,.432,.432,,.673,.489,.432,F-C,ATLBOSDENPHOSEASTL,silaspa01
60,Jack Sikma,112.5,109,101,37.0,17.3,16.2,20.6,13.9,13.7,1977-78,1990-91,22-35,1107,739,7,33.4,5.8,12.5,5.6,11.9,0.2,0.6,3.9,4.6,2.3,7.5,9.8,3.2,1.0,0.9,2.3,3.5,15.6,.464,.470,.328,.849,.540,.471,C-F,MILSEA,sikmaja01
61,Pascal Siakam,40.2,114,109,14.2,18.0,11.7,23.6,11.2,18.2,2016-17,2022-23,22-28,466,372,2,30.6,6.4,13.2,5.4,10.1,1.0,3.1,3.1,4.0,1.5,5.1,6.5,3.5,0.9,0.7,1.9,2.8,16.9,.487,.536,.328,.772,.567,.525,F,TOR,siakapa01
62,Lonnie Shelton,37.5,102,102,7.9,14.2,11.9,19.5,16.0,11.1,1976-77,1985-86,21-30,673,253,1,27.5,5.1,10.3,5.1,10.3,0.0,0.0,1.8,2.4,2.1,4.0,6.1,2.2,1.1,0.8,1.9,3.8,12.0,.492,.493,.097,.738,.524,.492,F-C,CLENYKSEA,sheltlo01
63,Charlie Scott,26.9,93,103,2.1,14.5,5.3,19.3,19.0,20.7,1971-72,1979-80,23-31,560,,3,34.4,7.3,16.5,7.3,16.5,0.0,0.0,3.2,4.2,0.8,2.2,3.6,4.8,1.1,0.3,1.2,3.7,17.9,.444,.444,.182,.772,.487,.444,G-F,BOSDENLALPHO,scottch01
64,Detlef Schrempf,109.5,117,107,32.4,17.2,12.0,20.3,14.4,17.2,1985-86,2000-01,23-38,1136,524,3,29.6,4.8,9.7,4.3,8.6,0.4,1.1,3.9,4.9,1.6,4.5,6.2,3.4,0.8,0.3,2.0,3.0,13.9,.491,.505,.384,.803,.586,.513,F-C,DALINDPORSEA,schrede01
65,Ralph Sampson,20.1,99,104,5.0,16.0,16.0,23.8,16.7,10.8,1983-84,1991-92,23-31,456,363,4,29.8,6.4,13.2,6.4,13.1,0.0,0.1,2.6,3.9,2.6,6.2,8.8,2.3,0.9,1.6,3.0,3.5,15.4,.486,.489,.172,.661,.518,.487,C-F,GSWHOUSACWSB,sampsra01
66,Domantas Sabonis,46.5,117,109,16.2,19.5,18.3,21.9,16.1,21.1,2016-17,2022-23,20-26,489,349,3,29.4,5.9,10.7,5.4,9.4,0.4,1.3,2.9,4.0,2.4,7.3,9.7,4.1,0.8,0.4,2.4,3.1,15.1,.547,.578,.324,.735,.604,.567,C-F,INDOKCSAC,sabondo01
67,D'Angelo Russell,19.2,106,114,9.9,16.5,6.3,27.4,14.6,31.5,2015-16,2022-23,19-26,490,426,1,29.8,6.4,15.1,3.9,8.1,2.5,6.9,2.4,3.1,0.5,3.0,3.5,5.7,1.1,0.3,2.8,1.9,17.7,.426,.480,.361,.789,.541,.508,G,BRKGSWLALMIN,russeda01
68,Cazzie Russell,51.7,102,103,3.3,15.8,6.3,18.6,9.6,12.1,1966-67,1977-78,22-33,817,,1,27.2,6.3,13.7,6.3,13.7,,,2.5,3.0,0.4,0.8,3.8,2.2,0.3,0.0,0.0,2.1,15.1,.464,.464,,.827,.506,.464,F-G,CHIGSWLALNYK,russeca01
69,Campy Russell,35.8,104,104,9.8,16.3,8.6,23.0,14.9,14.5,1974-75,1984-85,23-33,566,63,1,29.6,6.0,13.1,5.9,12.9,0.1,0.2,3.8,4.9,1.6,3.2,4.8,3.0,1.0,0.2,1.8,2.7,15.8,.459,.461,.366,.772,.520,.462,F,CLENYK,russeca02
70,Jeff Ruland,34.3,109,102,11.5,18.7,17.0,22.3,20.6,13.8,1981-82,1992-93,23-34,332,189,2,33.4,6.3,11.2,6.3,11.2,0.0,0.1,4.7,6.5,3.3,6.9,10.2,3.0,0.8,0.8,3.7,3.7,17.4,.564,.566,.158,.718,.615,.564,C-F,DETPHIWSB,rulanje01
71,Brandon Roy,37.4,115,110,16.3,20.0,7.3,25.3,9.6,23.9,2006-07,2012-13,22-28,326,300,3,35.5,6.8,14.9,5.8,12.0,1.0,2.8,4.2,5.2,1.1,3.2,4.3,4.7,1.0,0.2,1.8,1.9,18.8,.459,.485,.348,.800,.548,.492,G,MINPOR,roybr01
72,Curtis Rowe,34.1,92,101,3.2,12.9,11.8,15.6,19.2,7.0,1971-72,1978-79,22-29,590,,1,31.0,4.8,9.9,4.8,9.9,,,2.1,3.0,1.5,3.2,7.2,1.6,0.3,0.3,0.3,2.3,11.6,.482,.482,,.701,.519,.482,F,BOSDET,rowecu01
73,Dan Roundfield,65.2,107,101,20.0,18.1,16.6,21.5,15.8,10.4,1976-77,1986-87,23-33,746,270,3,31.4,5.7,11.9,5.7,11.8,0.0,0.1,3.7,5.0,3.3,6.4,9.7,2.2,0.9,1.5,2.4,3.4,15.2,.485,.487,.115,.738,.540,.485,F-C,ATLDETINDWSB,roundda01
74,Derrick Rose,44.2,107,110,18.3,18.1,5.8,27.7,12.7,30.3,2008-09,2022-23,20-34,699,511,3,31.0,6.9,15.2,6.1,12.6,0.8,2.6,3.0,3.6,0.8,2.5,3.3,5.3,0.8,0.3,2.5,1.2,17.7,.456,.485,.315,.831,.527,.483,G,CHICLEDETMINNYK,rosede01
75,Rajon Rondo,61.8,104,104,23.2,15.8,8.7,18.9,21.7,40.6,2006-07,2021-22,20-35,957,733,4,29.9,4.1,8.9,3.6,7.5,0.5,1.4,1.2,1.9,1.0,3.6,4.5,7.9,1.6,0.1,2.7,2.1,9.8,.456,.482,.324,.611,.501,.483,G,ATLBOSCHICLEDALLACLALNOPSAC,rondora01
76,Dennis Rodman,89.8,114,100,21.0,14.6,23.4,11.4,19.5,7.6,1986-87,1999-00,25-38,911,573,2,31.7,3.0,5.8,2.9,5.4,0.1,0.4,1.2,2.0,4.8,8.4,13.1,1.8,0.7,0.6,1.6,3.1,7.3,.521,.542,.231,.584,.546,.529,F,CHIDALDETLALSAS,rodmade01
77,Truck Robinson,52.7,100,100,6.1,14.9,15.4,21.3,15.3,7.8,1974-75,1984-85,23-33,772,212,2,32.6,6.2,12.9,6.2,12.9,0.0,0.0,3.1,4.6,2.6,6.8,9.4,1.7,0.7,0.7,2.1,2.9,15.5,.483,.483,1.000,.662,.520,.483,F-C,ATLNOJNYKPHOWSB,robintr01
78,Glenn Robinson,39.8,102,107,13.5,17.5,9.8,28.1,13.8,13.8,1994-95,2004-05,22-32,688,668,2,36.8,8.1,17.6,7.2,15.0,0.9,2.6,3.6,4.4,1.5,4.6,6.1,2.7,1.2,0.6,3.1,2.7,20.7,.459,.480,.340,.820,.529,.485,F,ATLMILPHISAS,robingl01
79,David Robinson,178.7,116,96,81.9,26.2,17.3,26.2,11.9,12.4,1989-90,2002-03,24-37,987,985,10,34.7,7.5,14.4,7.4,14.3,0.0,0.1,6.1,8.3,3.1,7.5,10.6,2.5,1.4,3.0,2.4,2.9,21.1,.518,.520,.250,.736,.583,.519,C,SAS,robinda01
80,Clifford Robinson,89.7,103,103,26.6,14.5,8.4,22.3,11.6,12.1,1989-90,2006-07,23-40,1380,844,1,30.8,5.4,12.2,4.4,9.7,0.9,2.5,2.6,3.7,1.3,3.2,4.6,2.2,1.0,1.0,1.8,3.0,14.2,.438,.459,.356,.689,.512,.475,F-C,DETGSWNJNPHOPOR,robincl02
81,Alvin Robertson,52.1,106,106,28.3,17.0,9.4,20.7,17.0,23.1,1984-85,1995-96,22-33,779,680,4,31.7,5.7,11.9,5.4,10.8,0.3,1.0,2.3,3.1,2.1,3.1,5.2,5.0,2.7,0.4,2.7,3.4,14.0,.477,.494,.295,.743,.527,.490,G,DETMILSASTOR,roberal01
82,Doc Rivers,68.2,112,105,30.5,16.6,6.2,18.6,15.8,29.2,1983-84,1995-96,22-34,864,605,1,27.3,3.8,8.6,3.4,7.3,0.4,1.3,2.8,3.6,0.7,2.3,3.0,5.7,1.8,0.4,1.9,3.1,10.9,.444,.465,.328,.784,.534,.469,G,ATLLACNYKSAS,riverdo01
83,Mitch Richmond,79.3,110,110,29.3,17.6,6.1,26.0,12.3,16.7,1988-89,2001-02,23-36,976,902,6,35.2,7.5,16.4,6.1,12.9,1.4,3.5,4.7,5.5,0.9,3.0,3.9,3.5,1.2,0.3,2.6,2.6,21.0,.455,.474,.388,.850,.557,.497,G,GSWLALSACWAS,richmmi01
84,Micheal Ray Richardson,35.2,101,103,21.2,16.9,9.2,21.8,18.3,28.7,1978-79,1985-86,23-30,556,276,4,33.4,6.1,13.5,5.9,12.4,0.2,1.0,2.3,3.4,1.8,3.7,5.5,7.0,2.6,0.4,3.3,3.3,14.8,.457,.477,.220,.690,.497,.465,G-F,GSWNJNNYK,richami01
85,Glen Rice,88.7,112,109,24.9,16.2,7.2,23.1,9.5,10.2,1989-90,2003-04,22-36,1000,876,3,35.0,6.8,14.9,5.2,11.0,1.6,3.9,3.2,3.8,0.9,3.4,4.4,2.1,1.0,0.3,1.7,2.4,18.3,.456,.476,.400,.846,.554,.508,F,CHHHOULACLALMIANYK,ricegl01
86,Michael Redd,55.9,113,111,21.4,19.5,7.0,26.5,8.2,12.1,2000-01,2011-12,21-32,629,429,1,32.0,6.7,15.0,5.0,10.6,1.7,4.4,4.0,4.8,1.0,2.8,3.8,2.1,0.9,0.1,1.5,1.6,19.0,.447,.475,.380,.838,.558,.503,G,MILPHO,reddmi01
87,Theo Ratliff,47.9,106,101,10.3,14.3,13.0,14.1,15.8,3.7,1995-96,2010-11,22-37,810,533,1,25.3,2.7,5.5,2.7,5.5,0.0,0.0,1.7,2.4,1.9,3.8,5.7,0.6,0.5,2.4,1.2,2.8,7.2,.496,.496,.000,.710,.546,.496,C-F,ATLBOSCHADETLALMINPHIPORSAS,ratlith01
88,Zach Randolph,81.1,106,106,18.8,19.3,17.3,26.6,11.4,10.9,2001-02,2017-18,20-36,1116,882,2,31.0,6.7,14.1,6.5,13.5,0.2,0.7,3.1,4.1,2.9,6.2,9.1,1.8,0.7,0.3,2.1,2.4,16.6,.471,.481,.273,.764,.522,.478,F-C,LACMEMNYKPORSAC,randoza01
89,Julius Randle,39.7,109,110,13.6,18.1,15.9,26.6,14.1,18.9,2014-15,2022-23,20-28,595,515,2,31.7,6.8,14.5,5.7,11.1,1.1,3.3,4.0,5.3,2.0,7.4,9.4,3.6,0.7,0.4,2.8,3.1,18.7,.470,.510,.336,.745,.556,.509,F-C,LALNOPNYK,randlju01
90,Mark Price,71.1,116,109,31.1,19.6,4.9,22.8,16.0,36.1,1986-87,1997-98,22-33,722,578,4,29.9,5.5,11.6,4.1,8.2,1.4,3.4,3.0,3.3,0.6,2.0,2.6,6.7,1.2,0.1,2.5,1.3,15.2,.472,.501,.402,.904,.586,.530,G,CLEGSWORLWSB,pricema01
91,Jim Price,19.7,97,99,4.7,13.7,6.1,17.1,19.9,20.2,1972-73,1978-79,23-29,510,,1,25.1,4.2,9.4,4.2,9.4,,,1.6,2.0,0.8,2.1,3.1,3.7,1.4,0.2,0.5,2.7,10.0,.444,.444,,.815,.485,.444,G,BUFDENDETLALMIL,priceji01
92,Kristaps Porziņģis,34.9,112,108,13.0,20.4,14.0,27.0,9.0,9.3,2015-16,2022-23,20-27,402,401,1,31.1,6.9,15.3,5.1,10.2,1.8,5.1,3.9,4.7,1.7,6.2,7.9,1.8,0.7,1.8,1.7,3.0,19.6,.453,.500,.359,.827,.563,.512,F-C,DALNYKWAS,porzikr01
93,Terry Porter,110.4,115,107,43.3,17.2,6.1,19.1,16.4,29.0,1985-86,2001-02,22-38,1274,732,2,27.8,4.3,9.2,3.2,6.6,1.0,2.6,2.7,3.2,0.6,2.5,3.0,5.6,1.2,0.1,2.1,1.7,12.2,.463,.493,.386,.836,.576,.518,G,MIAMINPORSAS,portete01
94,Scottie Pippen,125.1,108,102,63.2,18.6,10.6,22.5,15.6,23.1,1987-88,2003-04,22-38,1178,1053,7,34.9,6.3,13.3,5.5,10.8,0.8,2.5,2.7,3.8,1.8,4.6,6.4,5.2,2.0,0.8,2.8,2.8,16.1,.473,.507,.326,.704,.536,.504,F-G,CHIHOUPOR,pippesc01
95,Ricky Pierce,72.2,116,110,18.6,17.7,5.6,25.0,10.3,12.4,1982-83,1997-98,23-38,969,269,1,24.4,5.6,11.3,5.3,10.3,0.3,0.9,3.5,4.0,0.9,1.5,2.4,1.9,0.8,0.2,1.5,2.3,14.9,.493,.509,.322,.875,.573,.507,G,CHHDENDETGSWINDMILSDCSEA,piercri01
96,Paul Pierce,150.0,109,103,65.5,19.7,9.6,26.8,13.2,18.7,1998-99,2016-17,21-39,1343,1285,10,34.2,6.5,14.5,4.9,10.2,1.6,4.3,5.2,6.4,0.8,4.8,5.6,3.5,1.3,0.6,2.6,2.7,19.7,.445,.478,.368,.806,.568,.500,F-G,BOSBRKLACWAS,piercpa01
97,Gary Payton,145.5,111,106,62.5,18.9,6.5,22.5,12.8,31.9,1990-91,2006-07,22-38,1335,1233,9,35.3,6.5,14.0,5.7,11.3,0.8,2.7,2.4,3.4,1.0,2.9,3.9,6.7,1.8,0.2,2.3,2.4,16.3,.466,.501,.317,.729,.528,.496,G,BOSLALMIAMILSEA,paytoga01
98,Jim Paxson,53.7,113,109,13.3,16.1,4.2,21.5,10.1,15.4,1979-80,1989-90,22-32,784,368,2,27.2,5.8,11.6,5.7,11.1,0.1,0.6,2.6,3.2,0.7,1.4,2.0,2.9,1.2,0.1,1.5,1.8,14.3,.498,.511,.225,.807,.547,.503,G-F,BOSPOR,paxsoji02
99,Chris Paul,204.6,123,106,96.0,24.4,7.5,23.5,13.4,45.0,2005-06,2022-23,20-37,1210,1210,12,34.4,6.3,13.4,5.0,9.8,1.3,3.7,3.9,4.5,0.6,3.9,4.5,9.5,2.1,0.2,2.4,2.4,17.9,.472,.510,.368,.870,.582,.522,G,HOULACNOHNOKOKCPHO,paulch01
100,Tony Parker,111.3,109,105,30.1,18.2,5.1,25.1,13.8,32.2,2001-02,2018-19,19-36,1254,1151,6,30.5,6.2,12.6,5.8,11.3,0.4,1.3,2.7,3.6,0.4,2.4,2.7,5.6,0.8,0.1,2.3,1.6,15.5,.491,.510,.324,.751,.546,.508,G,CHOSAS,parketo01
101,Robert Parish,147.0,111,102,40.7,19.2,17.9,21.5,13.9,6.9,1976-77,1996-97,23-43,1611,1134,9,28.4,6.0,11.1,6.0,11.1,0.0,0.0,2.5,3.5,2.9,6.3,9.1,1.4,0.8,1.5,2.0,2.8,14.5,.537,.537,.000,.721,.571,.537,C,BOSCHHCHIGSW,parisro01
102,Hakeem Olajuwon,162.8,108,98,74.2,23.6,17.2,27.1,13.1,12.1,1984-85,2001-02,22-39,1238,1186,12,35.7,8.7,17.0,8.7,16.9,0.0,0.1,4.4,6.2,3.3,7.8,11.1,2.5,1.7,3.1,3.0,3.5,21.8,.512,.514,.202,.712,.553,.513,C,HOUTOR,olajuha01
103,Victor Oladipo,25.5,103,107,10.8,16.0,7.7,25.1,13.7,19.6,2013-14,2022-23,21-30,502,397,2,32.3,6.2,14.2,4.6,9.5,1.6,4.6,2.9,3.7,0.6,3.9,4.5,3.9,1.6,0.5,2.5,2.4,16.8,.436,.480,.345,.790,.533,.492,G,HOUINDMIAOKCORL,oladivi01
104,Mehmet Okur,54.7,112,105,14.5,17.1,14.5,21.4,11.4,10.1,2002-03,2011-12,23-32,634,460,1,29.1,4.8,10.4,3.8,7.9,0.9,2.5,3.0,3.8,2.0,5.0,7.0,1.7,0.5,0.7,1.6,2.9,13.5,.458,.484,.375,.797,.558,.503,C-F,DETNJNUTA,okurme01
105,Charles Oakley,89.7,105,102,15.4,13.4,17.3,15.8,19.1,11.9,1985-86,2003-04,22-40,1282,1159,1,31.4,3.8,8.0,3.7,7.8,0.1,0.2,2.1,2.7,3.1,6.5,9.5,2.5,1.1,0.3,2.2,3.4,9.7,.471,.477,.253,.761,.526,.474,F-C,CHIHOUNYKTORWAS,oaklech01
106,Shaquille O'Neal,181.7,113,101,75.5,26.4,17.8,29.5,11.9,13.9,1992-93,2010-11,20-38,1207,1197,15,34.7,9.4,16.1,9.4,16.1,0.0,0.0,4.9,9.3,3.5,7.4,10.9,2.5,0.6,2.3,2.7,3.4,23.7,.582,.583,.045,.527,.586,.582,C,BOSCLELALMIAORLPHO,onealsh01
107,Jermaine O'Neal,66.0,102,100,15.6,17.9,15.3,24.8,12.7,9.5,1996-97,2013-14,18-35,1011,697,6,27.1,5.1,10.9,5.1,10.8,0.0,0.1,3.0,4.2,2.0,5.2,7.2,1.4,0.5,1.8,1.9,2.9,13.2,.467,.469,.147,.715,.517,.467,C-F,BOSGSWINDMIAPHOPORTOR,onealje01
108,Dirk Nowitzki,206.3,116,104,84.8,22.4,12.7,26.5,8.4,12.6,1998-99,2018-19,20-40,1522,1460,14,33.8,7.3,15.6,6.0,12.2,1.3,3.4,4.8,5.4,1.0,6.6,7.5,2.4,0.8,0.8,1.6,2.4,20.7,.471,.496,.380,.879,.577,.512,F,DAL,nowitdi01
109,Joakim Noah,61.9,112,100,20.9,17.6,18.2,16.0,17.2,16.1,2007-08,2019-20,22-34,672,512,2,27.7,3.3,6.8,3.3,6.8,0.0,0.0,2.1,2.9,3.2,5.8,9.0,2.8,0.8,1.3,1.7,2.8,8.8,.491,.493,.000,.700,.540,.491,C,CHILACMEMNYK,noahjo01
110,Norm Nixon,47.6,106,109,10.2,15.3,4.0,20.6,16.9,31.3,1977-78,1988-89,22-33,768,416,2,35.5,6.8,14.1,6.7,13.6,0.1,0.4,2.0,2.6,0.6,2.0,2.6,8.3,1.5,0.1,3.1,2.6,15.7,.483,.489,.294,.772,.517,.488,G,LACLALSDC,nixonno01
111,Jameer Nelson,48.3,107,109,11.6,14.4,6.1,20.7,16.4,30.1,2004-05,2017-18,22-35,878,639,1,27.9,4.3,9.9,3.0,6.3,1.3,3.6,1.4,1.7,0.5,2.5,3.0,5.1,0.9,0.1,2.1,2.5,11.3,.436,.474,.368,.810,.532,.502,G,BOSDALDENDETNOPORL,nelsoja01
112,Calvin Natt,57.2,114,107,15.4,17.9,11.8,21.3,12.4,9.8,1979-80,1989-90,23-33,599,371,1,31.4,6.7,12.7,6.7,12.5,0.0,0.1,3.8,4.9,2.3,4.5,6.8,2.2,0.9,0.3,2.1,2.3,17.2,.528,.531,.219,.768,.579,.529,F,DENINDNJNPORSAS,nattca01
113,Steve Nash,129.7,118,111,48.2,20.0,5.4,21.0,19.5,41.5,1996-97,2013-14,22-39,1217,1053,8,31.3,5.2,10.6,3.8,7.4,1.4,3.2,2.5,2.8,0.5,2.5,3.0,8.5,0.7,0.1,2.9,1.6,14.3,.490,.518,.428,.904,.605,.556,G,DALLALPHO,nashst01
114,Larry Nance,109.6,116,104,43.5,19.9,13.6,20.6,11.3,11.8,1981-82,1993-94,22-34,920,795,3,33.4,6.9,12.7,6.9,12.6,0.0,0.1,3.2,4.2,2.5,5.5,8.0,2.6,0.9,2.2,1.9,2.9,17.1,.546,.548,.145,.755,.586,.546,F-C,CLEPHO,nancela01
115,Dikembe Mutombo,117.0,111,99,33.9,17.2,19.1,15.0,17.5,5.3,1991-92,2008-09,25-42,1196,997,8,30.8,3.5,6.7,3.5,6.7,0.0,0.0,2.8,4.1,3.2,7.1,10.3,1.0,0.4,2.8,1.8,2.8,9.8,.518,.518,.000,.684,.573,.518,C,ATLDENHOUNJNNYKPHI,mutomdi01
116,Dejounte Murray,20.8,108,110,9.8,17.4,11.4,23.7,12.5,27.3,2016-17,2022-23,20-26,389,318,1,27.7,5.6,12.4,4.8,9.7,0.9,2.7,1.7,2.2,1.0,4.9,5.9,5.0,1.4,0.3,1.9,1.8,13.9,.456,.488,.337,.783,.521,.492,G,ATLSAS,murrade01
117,Calvin Murphy,84.1,109,107,15.8,18.0,3.5,25.2,9.9,21.6,1970-71,1982-83,22-34,1002,0,1,30.5,7.2,15.0,7.2,14.9,0.0,0.1,3.4,3.9,0.5,1.0,2.1,4.4,1.2,0.1,0.8,3.2,17.9,.482,.484,.139,.892,.536,.483,G,HOUSDR,murphca01
118,Chris Mullin,93.1,115,110,41.6,18.8,6.9,22.2,13.3,16.5,1985-86,2000-01,22-37,986,822,5,32.6,6.8,13.4,6.0,11.3,0.8,2.2,3.7,4.2,1.0,3.1,4.1,3.5,1.6,0.6,2.3,2.1,18.2,.509,.533,.384,.865,.594,.540,F-G,GSWIND,mullich01
119,Alonzo Mourning,89.7,108,100,27.4,21.2,15.9,25.6,15.2,6.7,1992-93,2007-08,22-37,838,686,7,31.0,6.1,11.6,6.1,11.5,0.0,0.1,4.8,7.0,2.6,5.9,8.5,1.1,0.5,2.8,2.6,3.4,17.1,.527,.530,.247,.692,.583,.529,C-F,CHHMIANJN,mournal01
120,Ja Morant,19.6,112,113,9.6,20.4,7.8,30.4,14.1,35.9,2019-20,2022-23,20-23,244,242,2,32.2,8.2,17.4,6.9,13.4,1.3,3.9,4.9,6.5,1.0,3.8,4.8,7.4,1.0,0.3,3.3,1.6,22.5,.472,.516,.322,.754,.557,.508,G,MEM,moranja01
121,Earl Monroe,77.4,107,103,9.8,17.2,4.4,23.6,11.3,17.5,1967-68,1979-80,23-35,926,,4,32.0,7.5,16.1,7.5,16.1,0.0,0.0,3.9,4.9,0.3,1.1,3.0,3.9,0.5,0.1,0.3,2.6,18.8,.464,.464,,.807,.517,.464,G,BALNYK,monroea01
122,Sidney Moncrief,90.3,119,105,33.1,18.7,8.6,20.6,13.3,17.0,1979-80,1990-91,22-33,767,513,5,30.2,5.4,10.7,5.2,10.2,0.1,0.5,4.7,5.6,1.9,2.8,4.7,3.6,1.2,0.3,2.0,2.1,15.6,.502,.513,.284,.831,.591,.509,G,ATLMIL,moncrsi01
123,Steve Mix,57.6,113,99,17.1,16.2,11.1,20.3,13.8,10.4,1969-70,1982-83,22-35,787,56,1,23.9,4.1,8.2,4.1,8.1,0.0,0.0,2.5,3.1,1.7,3.2,5.3,1.8,1.1,0.2,0.7,2.2,10.6,.498,.499,.286,.803,.558,.499,F,DETLALMILPHI,mixst01
124,Mike Mitchell,50.2,109,111,5.2,16.7,9.4,25.1,8.4,6.2,1978-79,1987-88,23-32,759,443,1,32.3,8.4,17.0,8.4,16.9,0.0,0.1,3.0,3.8,2.0,3.6,5.6,1.3,0.7,0.5,1.7,2.7,19.8,.493,.495,.216,.779,.529,.494,F,CLESAS,mitchmi01
125,Donovan Mitchell,37.3,110,109,17.8,19.5,6.8,31.5,11.3,22.7,2017-18,2022-23,21-26,410,402,4,34.0,8.7,19.6,5.8,11.6,2.9,8.0,4.1,4.8,0.8,3.4,4.2,4.5,1.3,0.3,2.8,2.5,24.5,.447,.503,.364,.840,.563,.521,G,CLEUTA,mitchdo01
126,Yao Ming,65.9,112,99,20.7,23.0,16.5,26.8,14.5,9.6,2002-03,2010-11,22-30,486,476,8,32.5,7.0,13.3,7.0,13.2,0.0,0.0,5.1,6.1,2.5,6.7,9.2,1.6,0.4,1.9,2.7,3.3,19.0,.524,.525,.200,.833,.596,.525,C,HOU,mingya01
127,Paul Millsap,95.4,111,104,29.9,18.7,14.5,21.7,12.3,12.6,2006-07,2021-22,21-36,1085,746,4,28.1,5.0,10.3,4.5,8.8,0.5,1.5,2.8,3.9,2.2,4.9,7.1,2.2,1.2,1.0,1.7,3.0,13.4,.489,.513,.341,.736,.559,.513,F,ATLBRKDENPHIUTA,millspa01
128,Reggie Miller,174.4,121,109,66.1,18.4,5.1,21.6,10.5,14.4,1987-88,2004-05,22-39,1389,1304,5,34.3,5.9,12.6,4.1,7.9,1.8,4.7,4.5,5.1,0.6,2.4,3.0,3.0,1.1,0.2,1.7,2.0,18.2,.471,.516,.395,.888,.614,.544,G-F,IND,millere01
129,Brad Miller,76.5,114,105,23.2,17.5,14.5,18.4,13.7,16.3,1998-99,2011-12,22-35,868,598,2,28.3,4.0,8.3,3.7,7.6,0.2,0.7,3.0,3.8,2.0,5.2,7.1,2.8,0.7,0.7,1.6,2.7,11.2,.480,.494,.330,.804,.564,.494,C-F,CHHCHIHOUINDMINSAC,millebr01
130,Khris Middleton,52.5,111,109,14.8,16.7,8.4,23.5,12.4,18.9,2012-13,2022-23,21-31,681,592,3,31.5,6.2,13.5,4.3,8.7,1.9,4.8,2.8,3.2,0.6,4.2,4.8,3.8,1.2,0.2,2.1,2.5,17.0,.458,.496,.388,.881,.572,.526,F-G,DETMIL,middlkh01
131,Kevin McHale,113.0,118,106,34.3,20.0,13.2,22.4,11.7,8.1,1980-81,1992-93,23-35,971,400,7,31.0,7.0,12.7,7.0,12.5,0.0,0.2,3.7,4.7,2.4,4.9,7.3,1.7,0.4,1.7,1.9,2.8,17.9,.554,.558,.261,.798,.605,.555,F-C,BOS,mchalke01
132,Tracy McGrady,97.3,108,104,55.7,22.1,9.8,29.3,10.3,26.3,1997-98,2011-12,18-32,938,703,7,32.7,7.2,16.4,6.0,13.0,1.2,3.4,4.1,5.5,1.4,4.2,5.6,4.4,1.2,0.9,2.2,1.8,19.6,.435,.461,.338,.746,.519,.470,G-F,ATLDETHOUNYKORLTOR,mcgratr01
133,George McGinnis,36.2,97,97,13.1,18.6,16.4,25.7,18.7,18.1,1975-76,1981-82,25-31,528,158,3,30.7,6.4,14.3,6.4,14.3,0.0,0.0,4.4,6.7,3.0,6.8,9.8,3.8,1.7,0.4,2.4,3.8,17.2,.448,.449,.080,.651,.498,.448,F-C,DENINDPHI,mcginge01
134,Antonio McDyess,69.8,106,103,13.2,17.2,15.7,21.4,12.3,8.1,1995-96,2010-11,21-36,1015,645,1,27.6,5.0,10.0,5.0,10.0,0.0,0.1,2.1,3.1,2.4,5.1,7.5,1.3,0.8,1.1,1.6,3.0,12.0,.497,.499,.117,.670,.529,.497,F-C,DENDETNYKPHOSAS,mcdyean01
135,Xavier McDaniel,47.8,106,108,9.6,16.1,11.9,24.5,12.7,11.0,1985-86,1997-98,22-34,870,529,1,29.0,6.5,13.4,6.4,13.1,0.1,0.3,2.5,3.5,2.4,3.7,6.1,2.0,0.9,0.5,2.2,2.9,15.6,.485,.491,.261,.718,.522,.489,F,BOSNJNNYKPHOSEA,mcdanxa01
136,Bob McAdoo,89.1,104,100,27.2,20.7,14.7,25.8,14.3,10.5,1972-73,1985-86,21-34,852,1,5,33.2,8.7,17.3,8.7,17.3,0.0,0.0,4.6,6.1,2.1,6.5,9.4,2.3,0.9,1.3,1.4,3.2,22.1,.503,.504,.081,.754,.551,.503,C-F,BOSBUFDETLALNJNNYKPHI,mcadobo01
137,Anthony Mason,88.3,114,104,23.2,14.6,13.9,15.2,15.3,15.2,1989-90,2002-03,23-36,882,559,1,34.7,4.1,8.0,4.1,8.0,0.0,0.0,2.8,4.0,2.2,6.1,8.3,3.4,0.7,0.3,1.8,2.7,10.9,.509,.510,.167,.709,.563,.510,F,CHHDENMIAMILNJNNYK,masonan01
138,Jamal Mashburn,43.7,103,106,13.4,15.7,8.2,25.8,12.1,19.3,1993-94,2003-04,21-31,611,584,1,37.3,7.0,16.7,5.7,13.1,1.3,3.6,3.8,5.0,1.1,4.2,5.4,4.0,1.0,0.2,2.6,2.5,19.1,.418,.439,.345,.766,.504,.456,F,CHHDALMIANOH,mashbja01
139,Kenyon Martin,48.0,101,101,12.1,15.0,12.8,20.2,12.7,10.6,2000-01,2014-15,23-37,757,667,1,30.6,5.1,10.6,5.0,10.2,0.1,0.4,2.0,3.2,1.7,5.1,6.8,1.9,1.2,1.1,1.7,3.3,12.3,.483,.492,.234,.629,.513,.487,F,DENLACMILNJNNYK,martike01
140,Lauri Markkanen,24.8,114,112,7.3,16.9,12.6,22.6,8.6,7.0,2017-18,2022-23,20-25,347,321,1,30.6,6.0,13.2,3.6,6.8,2.4,6.4,2.9,3.3,1.3,5.9,7.1,1.4,0.7,0.5,1.4,1.9,17.3,.455,.534,.371,.858,.588,.545,F-C,CHICLEUTA,markkla01
141,Shawn Marion,124.9,110,102,47.6,18.8,14.3,20.4,9.7,9.1,1999-00,2014-15,21-36,1163,1062,4,34.5,6.3,12.9,5.6,10.9,0.7,2.1,2.0,2.5,2.3,6.3,8.7,1.9,1.5,1.1,1.5,2.2,15.2,.484,.513,.331,.810,.542,.510,F,CLEDALMIAPHOTOR,mariosh01
142,Stephon Marbury,77.5,108,110,30.7,18.7,4.5,25.4,14.2,36.1,1996-97,2008-09,19-31,846,816,2,37.7,6.8,15.7,5.6,12.1,1.2,3.6,4.5,5.7,0.7,2.3,3.0,7.6,1.2,0.1,3.0,2.4,19.3,.433,.465,.325,.784,.528,.470,G,BOSMINNJNNYKPHO,marbust01
143,Pete Maravich,46.7,96,102,8.9,18.4,5.5,29.2,14.5,23.1,1970-71,1979-80,23-32,658,4,5,37.0,9.4,21.3,9.4,21.3,0.0,0.0,5.4,6.6,0.6,2.2,4.2,5.4,0.9,0.2,0.8,2.8,24.2,.441,.441,.667,.820,.500,.441,G,ATLBOSNOJUTA,maravpe01
144,Danny Manning,55.1,106,106,18.4,16.9,10.8,23.1,14.2,13.8,1988-89,2002-03,22-36,883,398,2,27.4,5.7,11.1,5.6,10.9,0.0,0.2,2.6,3.5,1.7,3.5,5.2,2.3,1.1,0.9,2.1,3.3,14.0,.511,.517,.206,.729,.552,.513,F-C,ATLDALDETLACMILPHOUTA,mannida01
145,Moses Malone,167.1,114,105,42.4,22.3,19.8,25.6,14.1,6.0,1976-77,1994-95,21-39,1329,784,12,33.9,7.1,14.5,7.1,14.4,0.0,0.1,6.4,8.3,5.1,7.1,12.2,1.4,0.8,1.3,2.9,2.3,20.6,.491,.492,.100,.769,.569,.491,C-F,ATLBUFHOUMILPHISASWSB,malonmo01
146,Karl Malone,234.6,113,101,99.0,23.9,16.0,29.4,12.4,17.6,1985-86,2003-04,22-40,1476,1471,14,37.2,9.2,17.8,9.1,17.5,0.1,0.2,6.6,8.9,2.4,7.7,10.1,3.6,1.4,0.8,3.1,3.1,25.0,.516,.519,.274,.742,.577,.518,F,LALUTA,malonka01
147,Jeff Malone,54.2,108,111,4.0,15.2,4.4,25.1,8.7,12.0,1983-84,1995-96,22-34,905,755,2,32.8,7.8,16.2,7.7,15.9,0.1,0.4,3.3,3.7,0.6,2.0,2.6,2.4,0.6,0.1,1.7,1.9,19.0,.484,.489,.268,.871,.533,.487,G,MIAPHIUTAWSB,malonje01
148,Dan Majerle,78.5,114,106,29.7,13.8,8.1,16.2,9.9,13.3,1988-89,2001-02,23-36,955,454,3,31.6,4.1,9.6,2.7,5.6,1.4,4.0,1.7,2.4,1.2,3.3,4.5,2.9,1.3,0.4,1.2,2.0,11.4,.431,.482,.358,.741,.538,.505,G-F,CLEMIAPHO,majerda01
149,Maurice Lucas,58.7,104,102,10.6,16.3,16.8,22.1,15.0,11.4,1976-77,1987-88,24-35,855,244,4,29.0,5.7,12.0,5.7,12.0,0.0,0.0,3.0,4.0,2.5,6.3,8.8,2.3,0.7,0.6,2.1,3.4,14.4,.473,.474,.111,.763,.523,.473,F-C,LALNJNNYKPHOPORSEA,lucasma01
150,Kyle Lowry,107.7,115,108,42.6,17.8,7.8,21.3,15.4,30.4,2006-07,2022-23,20-36,1074,831,6,31.9,4.7,11.1,2.8,5.8,1.9,5.3,3.3,4.1,0.8,3.6,4.4,6.3,1.3,0.3,2.3,2.7,14.6,.424,.475,.367,.815,.569,.511,G,HOUMEMMIATOR,lowryky01
151,Kevin Love,91.0,115,107,34.8,20.9,19.3,24.4,11.1,12.7,2008-09,2022-23,20-34,870,679,5,30.2,5.6,12.7,3.8,7.9,1.8,4.8,4.0,4.8,2.5,7.9,10.4,2.3,0.6,0.4,1.9,2.0,17.0,.439,.481,.370,.830,.571,.509,F,CLEMIAMIN,loveke01
152,Brook Lopez,79.2,112,108,24.1,19.1,11.5,23.4,10.5,8.2,2008-09,2022-23,20-34,942,902,1,30.2,6.3,12.6,5.4,10.2,0.8,2.4,3.0,3.8,2.0,4.2,6.3,1.4,0.6,1.8,1.7,2.7,16.4,.496,.532,.346,.795,.573,.529,C,BRKLALMILNJN,lopezbr01
153,Damian Lillard,103.4,118,113,48.6,22.6,6.4,29.2,11.7,31.0,2012-13,2022-23,22-32,769,769,7,36.3,8.2,18.6,5.1,10.3,3.1,8.3,5.8,6.4,0.6,3.6,4.2,6.7,1.0,0.3,2.8,1.9,25.2,.439,.494,.372,.895,.588,.523,G,POR,lillada01
154,Reggie Lewis,38.9,112,108,12.4,17.1,7.4,23.3,8.8,11.6,1987-88,1992-93,22-27,450,352,1,32.6,7.1,14.6,7.0,14.3,0.1,0.3,3.3,4.0,1.3,3.0,4.3,2.6,1.3,0.9,1.6,2.8,17.6,.488,.494,.200,.824,.538,.490,G-F,BOS,lewisre01
155,Rashard Lewis,90.9,112,107,33.1,16.8,9.5,21.1,10.2,8.9,1998-99,2013-14,19-34,1049,842,2,32.0,5.4,11.9,3.7,7.5,1.7,4.4,2.4,3.0,1.4,3.8,5.2,1.7,1.1,0.5,1.5,2.3,14.9,.452,.491,.386,.805,.563,.524,F,MIAORLSEAWAS,lewisra02
156,Fat Lever,61.2,109,105,32.1,17.8,10.1,19.7,12.3,26.4,1982-83,1993-94,22-33,752,599,2,31.7,5.6,12.6,5.4,11.9,0.2,0.7,2.4,3.1,1.9,4.1,6.0,6.2,2.2,0.3,2.0,2.4,13.9,.447,.455,.310,.771,.496,.455,G,DALDENPOR,leverfa01
157,Kawhi Leonard,89.8,119,102,43.6,23.4,11.4,25.2,9.1,15.8,2011-12,2022-23,20-31,623,594,5,31.5,7.0,14.2,5.5,10.3,1.5,4.0,4.0,4.6,1.2,5.2,6.4,3.0,1.7,0.6,1.6,1.7,19.6,.495,.537,.387,.859,.602,.549,F,LACSASTOR,leonaka01
158,David Lee,76.0,114,106,19.2,19.1,17.0,20.6,13.0,12.6,2005-06,2016-17,22-33,829,505,2,29.3,5.5,10.3,5.5,10.3,0.0,0.0,2.5,3.2,2.6,6.2,8.8,2.2,0.8,0.4,1.8,2.6,13.5,.535,.537,.034,.772,.577,.536,F,BOSDALGSWNYKSAS,leeda02
159,Zach LaVine,30.2,109,114,12.0,17.4,6.9,27.4,13.1,20.2,2014-15,2022-23,19-27,550,463,2,32.4,7.3,15.7,5.1,9.9,2.2,5.8,3.7,4.4,0.5,3.5,4.0,3.9,0.9,0.3,2.7,2.2,20.5,.465,.511,.385,.833,.580,.536,G-F,CHIMIN,lavinza01
160,Bob Lanier,117.1,111,98,39.4,21.7,15.6,22.6,14.9,14.4,1970-71,1983-84,22-35,959,179,8,33.5,8.1,15.7,8.1,15.7,0.0,0.0,3.9,5.1,1.9,5.1,10.1,3.1,0.8,1.1,1.2,3.2,20.1,.514,.515,.154,.767,.559,.514,C,DETMIL,laniebo01
161,Bill Laimbeer,105.6,115,104,29.3,16.1,16.7,16.9,11.3,8.9,1980-81,1993-94,23-36,1068,861,4,31.8,5.2,10.5,5.0,9.9,0.2,0.6,2.3,2.7,2.6,7.1,9.7,2.0,0.7,0.9,1.5,3.4,12.9,.498,.508,.326,.837,.552,.507,C,CLEDET,laimbbi01
162,Christian Laettner,64.9,108,105,19.5,16.9,13.3,21.0,16.2,14.9,1992-93,2004-05,23-35,868,692,1,29.7,4.6,9.7,4.5,9.3,0.1,0.4,3.4,4.2,1.9,4.8,6.7,2.6,1.1,0.8,2.2,3.2,12.8,.480,.490,.261,.820,.557,.486,F-C,ATLDALDETMIAMINWAS,laettch01
163,Sam Lacey,50.9,98,96,25.9,14.2,15.7,14.9,23.0,15.6,1970-71,1982-83,22-34,1002,40,1,31.8,4.3,9.7,4.3,9.7,0.0,0.0,1.7,2.4,1.6,5.2,9.7,3.7,1.0,1.2,1.0,3.5,10.3,.441,.442,.188,.738,.480,.441,C,CINCLEKCKKCONJN,laceysa01
164,Kyle Korver,73.4,113,107,20.7,12.8,6.7,16.2,11.5,10.4,2003-04,2019-20,22-38,1232,423,1,25.3,3.3,7.5,1.3,2.9,2.0,4.6,1.1,1.2,0.3,2.7,3.0,1.7,0.7,0.3,1.0,2.0,9.7,.442,.464,.429,.877,.602,.574,G-F,ATLCHICLEMILPHIUTA,korveky01
165,Billy Knight,48.5,110,107,13.4,17.7,8.7,22.5,14.5,11.6,1976-77,1984-85,24-32,671,113,2,27.4,6.1,12.0,6.0,11.8,0.1,0.2,3.6,4.3,1.7,2.8,4.5,2.1,0.9,0.1,1.9,1.8,15.7,.506,.510,.274,.830,.568,.508,G-F,BOSBUFINDKCKSAS,knighbi01
166,Andrei Kirilenko,75.4,112,103,41.7,18.7,11.0,18.6,15.5,14.7,2001-02,2014-15,20-33,797,546,1,30.0,3.9,8.3,3.5,6.8,0.5,1.5,3.5,4.6,1.8,3.7,5.5,2.7,1.4,1.8,1.9,2.0,11.8,.474,.510,.310,.754,.571,.502,F,BRKMINUTA,kirilan01
167,Bernard King,75.4,108,107,27.0,19.2,9.4,27.8,13.8,16.0,1977-78,1992-93,21-36,874,547,4,33.7,9.0,17.3,8.9,17.1,0.0,0.2,4.5,6.2,1.9,3.8,5.8,3.3,1.0,0.3,3.2,3.3,22.5,.518,.521,.172,.730,.561,.519,F,GSWNJNNYKUTAWSB,kingbe01
168,Jason Kidd,138.6,107,102,73.5,17.9,10.0,19.2,18.8,38.5,1994-95,2012-13,21-39,1391,1350,10,36.0,4.5,11.2,3.0,7.1,1.4,4.1,2.2,2.8,1.3,5.0,6.3,8.7,1.9,0.3,2.9,1.8,12.6,.400,.429,.349,.785,.507,.464,G,DALNJNNYKPHO,kiddja01
169,Larry Kenon,36.5,104,103,9.5,17.6,13.5,23.5,14.5,11.6,1976-77,1982-83,24-30,503,37,2,30.8,7.1,14.5,7.1,14.5,0.0,0.0,2.8,3.5,2.7,5.1,7.8,2.6,1.3,0.3,2.2,2.1,17.0,.489,.489,.100,.798,.529,.489,F,CHICLEGSWSAS,kenonla01
170,Shawn Kemp,89.5,106,100,19.4,19.1,17.8,25.0,16.7,9.8,1989-90,2002-03,20-33,1051,728,6,27.9,5.2,10.7,5.2,10.6,0.0,0.1,4.1,5.5,2.9,5.5,8.4,1.6,1.1,1.2,2.6,3.6,14.6,.488,.490,.277,.741,.555,.490,F-C,CLEORLPORSEA,kempsh01
171,Chris Kaman,24.6,98,105,0.4,14.9,16.4,21.7,16.5,8.3,2003-04,2015-16,21-33,735,538,1,26.7,4.7,9.6,4.7,9.5,0.0,0.0,1.8,2.5,2.0,5.6,7.6,1.3,0.4,1.3,2.1,2.7,11.2,.489,.490,.042,.743,.525,.489,C,DALLACLALNOHPOR,kamanch01
172,Michael Jordan,214.0,118,103,116.1,27.9,9.4,33.3,9.3,24.9,1984-85,2002-03,21-39,1072,1039,14,38.3,11.4,22.9,10.8,21.2,0.5,1.7,6.8,8.2,1.6,4.7,6.2,5.3,2.3,0.8,2.7,2.6,30.1,.497,.510,.327,.835,.569,.509,G-F,CHIWAS,jordami01
173,DeAndre Jordan,95.5,121,103,21.9,18.4,21.6,14.0,16.3,5.3,2008-09,2022-23,20-34,1015,781,1,26.3,3.6,5.4,3.6,5.4,0.0,0.0,1.7,3.6,3.0,7.2,10.2,0.9,0.5,1.5,1.4,2.5,9.0,.675,.676,.154,.475,.645,.675,C,BRKDALDENLACLALNYKPHI,jordade01
174,Eddie Jones,100.6,111,103,42.3,16.7,6.8,20.1,10.5,14.7,1994-95,2007-08,23-36,954,902,3,34.4,5.2,11.8,3.5,7.5,1.6,4.3,2.9,3.6,0.8,3.2,4.0,2.9,1.7,0.6,1.6,2.6,14.8,.437,.474,.373,.809,.554,.505,G-F,CHHDALLALMEMMIA,jonesed02
175,Bobby Jones,73.7,115,99,30.6,17.9,11.3,17.0,16.1,12.9,1976-77,1985-86,25-34,774,138,4,26.1,4.4,8.0,4.4,8.0,0.0,0.0,2.7,3.5,1.7,3.8,5.5,2.4,1.4,1.3,1.6,2.7,11.5,.550,.552,.000,.780,.604,.550,F,DENPHI,jonesbo01
176,Nikola Jokić,94.7,125,107,52.8,27.7,19.1,26.6,15.1,35.5,2015-16,2022-23,20-27,594,553,5,30.8,7.8,14.1,6.8,11.2,1.0,2.9,3.7,4.5,2.6,7.9,10.5,6.6,1.2,0.7,2.9,2.8,20.3,.553,.605,.349,.829,.632,.589,C-F,DEN,jokicni01
177,Steve Johnson,26.9,106,107,1.1,15.3,14.2,22.3,19.4,8.1,1981-82,1990-91,24-33,626,327,1,21.8,4.5,7.9,4.5,7.9,0.0,0.0,2.7,4.2,1.9,3.6,5.5,1.2,0.5,0.8,2.4,3.8,11.7,.572,.573,.000,.634,.600,.572,C-F,CHIGSWKCKMINPORSASSEA,johnsst03
178,Marques Johnson,79.8,113,105,31.7,20.1,11.2,23.9,11.5,15.9,1977-78,1989-90,21-33,691,359,5,34.3,8.3,16.0,8.3,15.9,0.0,0.1,3.5,4.7,2.6,4.3,7.0,3.6,1.3,0.8,2.4,2.6,20.1,.518,.521,.152,.739,.556,.519,F-G,GSWLACMIL,johnsma01
179,Magic Johnson,155.8,121,104,80.0,24.1,11.1,22.3,19.4,40.9,1979-80,1995-96,20-36,906,763,11,36.7,6.9,13.2,6.5,12.0,0.4,1.2,5.5,6.5,1.8,5.5,7.2,11.2,1.9,0.4,3.9,2.3,19.5,.520,.541,.303,.848,.610,.533,G-F,LAL,johnsma02
180,Larry Johnson,69.7,112,107,22.0,16.3,11.9,20.6,12.1,14.6,1991-92,2000-01,22-31,707,699,2,36.3,6.2,12.9,5.7,11.3,0.5,1.6,3.2,4.2,2.5,5.0,7.5,3.3,0.7,0.4,2.0,2.7,16.2,.484,.505,.332,.766,.551,.505,F,CHHNYK,johnsla02
181,Kevin Johnson,92.8,118,109,37.3,20.7,5.4,22.6,16.7,38.8,1987-88,1999-00,21-33,735,623,3,34.1,6.1,12.5,5.9,11.7,0.2,0.7,5.4,6.4,0.7,2.6,3.3,9.1,1.5,0.2,3.1,2.1,17.9,.493,.504,.305,.841,.585,.501,G,CLEPHO,johnske02
182,John Johnson,37.1,96,103,5.4,14.1,9.5,19.7,19.8,18.3,1970-71,1981-82,23-34,869,1,2,29.6,5.3,11.8,5.3,11.8,0.0,0.0,2.4,3.0,1.2,2.4,5.5,3.8,0.6,0.3,1.1,2.9,12.9,.446,.446,.000,.779,.491,.446,F,CLEHOUPORSEA,johnsjo01
183,Joe Johnson,82.9,107,110,26.5,15.4,6.6,22.5,11.3,19.6,2001-02,2021-22,20-40,1277,1091,7,34.6,6.1,13.9,4.6,9.7,1.5,4.2,2.2,2.7,0.8,3.1,4.0,3.9,0.8,0.2,1.9,1.8,16.0,.441,.472,.371,.802,.530,.497,G-F,ATLBOSBRKHOUMIAPHOUTA,johnsjo02
184,Eddie Johnson,41.0,106,108,12.1,16.0,4.2,23.3,15.2,26.7,1977-78,1986-87,22-31,675,232,2,29.6,5.9,12.5,5.8,12.0,0.2,0.5,3.0,3.8,0.7,1.6,2.3,5.1,1.1,0.1,2.5,2.5,15.1,.476,.482,.326,.791,.531,.482,G,ATLCLESEA,johnsed02
185,Dennis Johnson,82.6,107,105,24.3,14.6,6.5,20.1,14.4,20.4,1976-77,1989-90,22-35,1100,673,5,32.7,5.3,11.9,5.2,11.5,0.1,0.4,3.4,4.3,1.3,2.5,3.9,5.0,1.3,0.6,2.2,2.8,14.1,.445,.455,.172,.797,.511,.448,G,BOSPHOSEA,johnsde01
186,Antawn Jamison,87.8,109,109,24.5,18.1,12.2,24.4,8.2,8.5,1998-99,2013-14,22-37,1083,864,2,34.8,7.1,15.7,6.0,12.6,1.1,3.1,3.3,4.5,2.4,5.2,7.5,1.6,1.0,0.4,1.6,2.4,18.5,.451,.477,.346,.724,.523,.485,F,CLEDALGSWLACLALWAS,jamisan01
187,LeBron James,254.7,116,104,146.2,27.2,11.3,31.6,13.1,36.3,2003-04,2022-23,19-38,1415,1413,19,38.1,10.0,19.7,8.4,15.1,1.6,4.6,5.7,7.8,1.2,6.3,7.5,7.3,1.5,0.8,3.5,1.8,27.2,.505,.554,.344,.735,.588,.545,F-G,CLELALMIA,jamesle01
188,Mark Jackson,91.8,110,107,37.5,16.0,7.3,16.9,20.9,39.4,1987-88,2003-04,22-38,1296,1092,1,30.2,3.7,8.3,3.1,6.6,0.6,1.7,1.7,2.2,1.0,2.8,3.8,8.0,1.2,0.1,2.4,1.7,9.6,.447,.477,.332,.770,.522,.481,G,DENHOUINDLACNYKTORUTA,jacksma01
189,Jaren Jackson Jr.,18.7,111,107,4.7,17.7,10.7,24.3,10.6,6.2,2018-19,2022-23,19-23,262,253,1,27.3,5.7,12.4,4.1,7.7,1.6,4.7,3.1,4.0,1.4,4.1,5.5,1.1,0.9,2.1,1.7,3.7,16.3,.465,.535,.349,.788,.576,.531,F,MEM,jacksja02
190,Allen Iverson,99.0,105,106,49.6,20.9,5.1,31.8,12.2,28.8,1996-97,2009-10,21-34,914,901,11,41.1,9.3,21.8,8.1,18.1,1.2,3.7,7.0,8.9,0.8,2.9,3.7,6.2,2.2,0.2,3.6,1.9,26.7,.425,.448,.313,.780,.518,.452,G,DENDETMEMPHI,iversal01
191,Dan Issel,82.3,116,106,24.3,21.0,13.2,24.0,10.2,11.6,1976-77,1984-85,28-36,718,236,1,31.1,7.6,14.9,7.5,14.8,0.0,0.1,5.3,6.6,2.3,5.6,7.9,2.5,1.0,0.6,1.8,2.8,20.4,.506,.508,.253,.797,.572,.507,C-F,DEN,isselda01
192,Kyrie Irving,78.9,115,110,37.4,22.4,6.4,29.4,11.3,29.9,2011-12,2022-23,19-30,668,668,8,34.3,8.6,18.2,6.3,12.3,2.3,5.9,3.9,4.4,0.8,3.1,3.9,5.7,1.3,0.4,2.6,2.3,23.4,.472,.510,.391,.884,.580,.535,G,BOSBRKCLEDAL,irvinky01
193,Brandon Ingram,21.3,108,113,6.2,15.6,8.5,25.1,12.7,19.1,2016-17,2022-23,19-25,407,368,1,32.9,6.9,14.9,5.5,11.2,1.4,3.7,3.9,5.0,0.7,4.4,5.1,4.0,0.7,0.6,2.5,2.4,19.0,.463,.496,.365,.781,.557,.509,F,LALNOP,ingrabr01
194,Zydrunas Ilgauskas,66.3,107,103,10.2,18.5,15.7,23.3,12.8,7.5,1997-98,2010-11,22-35,843,724,2,27.2,5.0,10.5,5.0,10.4,0.0,0.1,3.0,3.8,2.9,4.4,7.3,1.1,0.5,1.6,1.8,3.3,13.0,.476,.478,.310,.780,.534,.478,C,CLEMIA,ilgauzy01
195,Andre Iguodala,100.4,111,106,41.3,15.4,8.7,16.9,15.1,19.5,2004-05,2022-23,21-39,1231,784,1,32.1,4.1,8.8,3.2,6.2,0.9,2.7,2.3,3.2,0.9,4.0,4.9,4.2,1.4,0.5,1.8,1.8,11.3,.463,.520,.330,.709,.553,.512,F-G,DENGSWMIAPHI,iguodan01
196,Lou Hudson,81.0,105,103,6.8,17.4,5.8,20.0,12.4,12.4,1966-67,1978-79,22-34,890,,6,33.5,8.3,17.0,8.3,17.0,,,3.5,4.4,0.5,0.8,4.4,2.7,0.6,0.1,0.3,2.7,20.2,.489,.489,,.797,.532,.489,F-G,ATLLALSTL,hudsolo01
197,Juwan Howard,59.4,102,107,3.8,14.6,11.8,22.4,13.6,12.7,1994-95,2012-13,21-39,1208,900,1,30.3,5.4,11.5,5.4,11.5,0.0,0.0,2.5,3.3,1.9,4.2,6.1,2.2,0.7,0.3,2.0,2.9,13.4,.469,.470,.120,.764,.514,.469,F,CHADALDENHOUMIAORLPORWASWSB,howarju01
198,Josh Howard,38.0,108,105,10.0,16.7,10.8,23.0,9.4,9.0,2003-04,2012-13,23-32,507,403,1,30.3,5.4,12.2,4.8,10.1,0.7,2.0,2.8,3.6,1.7,4.0,5.7,1.6,1.0,0.5,1.4,2.6,14.3,.448,.471,.332,.770,.522,.476,F-G,DALMINUTAWAS,howarjo01
199,Dwight Howard,141.7,111,100,39.0,21.3,21.1,22.3,17.0,7.3,2004-05,2021-22,19-36,1242,1078,8,31.8,5.7,9.7,5.7,9.6,0.0,0.1,4.3,7.6,3.3,8.4,11.8,1.3,0.9,1.8,2.7,3.1,15.7,.587,.590,.214,.567,.602,.588,C,ATLCHOHOULALORLPHIWAS,howardw01
200,Allan Houston,55.3,105,107,15.0,14.9,5.1,24.9,11.7,13.1,1993-94,2004-05,22-33,839,727,2,33.7,6.4,14.3,4.8,10.5,1.6,3.9,3.1,3.6,0.4,2.5,2.9,2.4,0.7,0.2,2.1,2.5,17.3,.444,.460,.402,.863,.546,.498,G,DETNYK,houstal01
201,Jeff Hornacek,108.9,117,108,42.1,17.7,6.2,19.7,12.8,23.4,1986-87,1999-00,23-36,1077,910,1,31.5,5.5,11.1,4.7,9.2,0.8,1.9,2.8,3.1,0.9,2.5,3.4,4.9,1.4,0.2,1.8,2.2,14.5,.496,.515,.403,.877,.582,.530,G,PHIPHOUTA,hornaje01
202,Al Horford,106.2,116,105,40.2,18.3,14.2,18.6,11.0,16.4,2007-08,2022-23,21-36,1010,1000,5,32.1,5.6,10.9,4.8,8.9,0.7,2.0,1.5,2.0,2.0,6.1,8.1,3.3,0.8,1.2,1.5,2.2,13.4,.513,.544,.373,.759,.571,.547,C-F,ATLBOSOKCPHI,horfoal01
203,Lionel Hollins,22.9,97,103,3.1,13.0,4.7,20.5,18.2,22.1,1975-76,1984-85,22-31,673,234,1,27.4,4.8,10.7,4.7,10.6,0.0,0.1,2.1,2.8,0.6,1.8,2.4,4.5,1.6,0.3,2.0,2.7,11.6,.444,.448,.149,.741,.486,.445,G,DETHOUPHIPORSDC,hollili01
204,Jrue Holiday,62.9,108,109,27.2,17.4,6.7,23.6,15.3,30.8,2009-10,2022-23,19-32,902,821,2,33.1,6.5,14.0,5.0,10.0,1.5,4.0,2.0,2.6,0.9,3.2,4.1,6.5,1.5,0.5,2.7,2.2,16.4,.462,.500,.365,.783,.542,.514,G,MILNOPPHI,holidjr01
205,Tyrone Hill,56.2,108,103,0.8,14.0,18.0,16.5,15.2,4.6,1990-91,2003-04,22-35,801,610,1,28.0,3.5,7.0,3.5,7.0,0.0,0.0,2.3,3.6,3.0,5.6,8.6,0.8,0.8,0.5,1.6,3.6,9.4,.502,.503,.000,.643,.544,.502,F,CLEGSWMIAMILPHI,hillty01
206,Grant Hill,99.9,110,106,43.6,19.0,10.5,23.7,13.7,21.9,1994-95,2012-13,22-40,1026,972,7,33.9,6.2,12.8,6.0,12.1,0.2,0.7,4.1,5.4,1.1,4.9,6.0,4.1,1.2,0.6,2.4,2.3,16.7,.483,.493,.314,.769,.551,.492,F-G,DETLACORLPHO,hillgr01
207,Roy Hibbert,35.9,103,103,3.5,15.5,14.1,20.4,13.9,9.2,2008-09,2016-17,22-30,662,586,2,24.8,4.0,8.5,4.0,8.5,0.0,0.0,2.1,2.7,2.3,4.0,6.3,1.3,0.4,1.7,1.6,3.1,10.0,.465,.466,.250,.755,.514,.465,C,CHODENINDLAL,hibbero01
208,Spencer Haywood,61.4,100,100,7.7,17.7,13.8,22.9,14.5,7.9,1970-71,1982-83,21-33,760,88,4,33.7,7.6,16.4,7.6,16.4,0.0,0.0,4.0,5.0,2.0,4.2,9.3,1.8,0.5,0.8,0.9,2.9,19.2,.465,.465,.125,.800,.517,.465,F-C,LALNOJNYKSEAWSB,haywosp01
209,Gordon Hayward,62.0,112,110,23.0,17.1,8.1,22.5,12.5,18.6,2010-11,2022-23,20-32,784,621,1,31.1,5.4,11.9,4.0,8.2,1.4,3.7,3.4,4.1,0.8,3.7,4.5,3.5,1.0,0.4,2.0,1.7,15.5,.455,.494,.369,.825,.568,.512,F-G,BOSCHOUTA,haywago01
210,Elvin Hayes,120.8,101,97,21.4,17.7,15.6,22.6,12.5,7.0,1968-69,1983-84,23-38,1303,129,12,38.4,8.4,18.6,8.4,18.6,0.0,0.0,4.1,6.1,2.1,5.4,12.5,1.8,0.7,1.4,1.0,3.2,21.0,.452,.453,.147,.670,.491,.452,F-C,BALCAPHOUSDRWSB,hayesel01
211,Hersey Hawkins,90.6,115,107,32.6,16.3,6.4,19.4,12.9,13.9,1988-89,2000-01,22-34,983,896,1,32.6,5.0,10.8,3.7,7.6,1.2,3.2,3.5,4.1,0.8,2.8,3.6,2.9,1.7,0.3,1.9,2.1,14.7,.461,.488,.394,.870,.585,.518,G,CHHCHIPHISEA,hawkihe01
212,John Havlicek,131.7,101,99,11.5,17.5,7.4,21.3,13.3,19.5,1962-63,1977-78,22-37,1270,,13,36.6,8.3,18.8,8.3,18.8,,,4.2,5.2,0.5,1.1,6.3,4.8,0.4,0.1,0.2,2.6,20.8,.439,.439,,.815,.492,.439,F-G,BOS,havlijo01
213,Devin Harris,54.9,109,109,15.5,16.0,5.2,21.6,14.9,26.5,2004-05,2018-19,21-35,985,448,1,24.3,3.5,8.2,2.7,5.6,0.8,2.6,2.8,3.6,0.3,1.9,2.2,3.9,1.0,0.2,1.7,2.2,10.8,.432,.481,.325,.796,.551,.483,G,ATLDALDENNJNUTA,harride01
214,James Harden,157.8,118,107,75.9,24.4,9.1,30.0,15.6,34.0,2009-10,2022-23,20-33,996,782,10,34.8,7.3,16.5,4.5,8.9,2.8,7.6,7.4,8.6,0.8,4.9,5.7,7.0,1.5,0.5,3.7,2.6,24.7,.442,.510,.362,.860,.609,.525,G,BRKHOUOKCPHI,hardeja01
215,Tim Hardaway,85.0,110,108,39.6,18.6,5.3,24.3,14.6,37.9,1989-90,2002-03,23-36,867,770,5,35.3,6.5,15.1,4.7,10.1,1.8,5.0,2.9,3.8,0.6,2.7,3.3,8.2,1.6,0.1,2.9,2.3,17.7,.431,.469,.355,.782,.530,.490,G,DALDENGSWINDMIA,hardati01
216,Anfernee Hardaway,61.9,108,105,26.9,17.4,7.6,22.1,15.2,24.3,1993-94,2007-08,22-36,704,557,4,33.7,5.7,12.4,5.0,10.1,0.7,2.3,3.1,4.0,1.4,3.1,4.5,5.0,1.6,0.4,2.5,2.2,15.2,.458,.489,.316,.774,.535,.486,G-F,MIANYKORLPHO,hardaan01
217,Richard Hamilton,62.8,105,108,13.2,16.5,5.7,26.8,11.7,19.9,1999-00,2012-13,21-34,921,783,3,32.1,6.5,14.4,5.9,12.8,0.6,1.7,3.5,4.1,0.9,2.2,3.1,3.4,0.8,0.1,2.1,2.5,17.1,.449,.463,.346,.852,.525,.469,G-F,CHIDETWAS,hamilri01
218,Tyrese Haliburton,18.2,122,117,9.0,19.3,6.0,20.2,14.4,35.5,2020-21,2022-23,20-22,191,153,1,33.1,5.9,12.4,3.6,6.7,2.3,5.7,2.0,2.3,0.7,2.9,3.6,8.0,1.6,0.5,2.3,1.4,16.2,.479,.539,.408,.857,.603,.572,G,INDSAC,halibty01
219,Tom Gugliotta,40.2,101,105,15.3,15.9,13.7,21.5,15.2,15.1,1992-93,2004-05,23-35,763,608,1,30.9,5.1,11.3,4.8,10.3,0.3,1.0,2.5,3.4,2.1,5.2,7.3,2.8,1.4,0.6,2.3,2.5,13.0,.451,.467,.284,.757,.509,.463,F,ATLBOSGSWMINPHOUTAWSB,guglito01
220,Blake Griffin,80.8,112,107,32.7,21.0,14.2,26.9,11.8,21.6,2010-11,2022-23,21-33,759,690,6,32.0,7.1,14.5,6.4,12.3,0.7,2.1,4.1,5.9,1.9,6.1,8.0,4.0,0.8,0.5,2.3,2.7,19.1,.493,.522,.328,.696,.559,.518,F-C,BOSBRKDETLAC,griffbl01
221,Rickey Green,47.2,108,108,15.0,15.3,4.2,17.6,15.6,30.8,1977-78,1991-92,23-37,946,513,1,24.6,3.8,8.1,3.8,7.9,0.0,0.2,1.7,2.2,0.5,1.4,1.9,5.5,1.4,0.1,1.7,1.5,9.4,.469,.475,.207,.807,.518,.471,G,BOSCHHDETGSWINDMILPHIUTA,greenri01
222,Draymond Green,57.1,109,103,24.7,14.6,13.2,15.5,21.9,25.6,2012-13,2022-23,22-32,753,603,4,28.8,3.2,7.2,2.4,4.6,0.8,2.6,1.5,2.1,1.1,5.9,7.0,5.6,1.4,1.0,2.3,2.8,8.7,.448,.523,.315,.711,.539,.505,F,GSW,greendr01
223,A.C. Green,99.5,116,106,16.6,14.4,14.7,14.8,11.5,5.4,1985-86,2000-01,22-37,1278,832,1,28.6,3.6,7.2,3.5,6.8,0.1,0.4,2.4,3.3,2.6,4.8,7.4,1.1,0.8,0.4,1.1,1.9,9.6,.494,.507,.254,.734,.557,.501,F-C,DALLALMIAPHO,greenac01
224,Horace Grant,118.2,117,104,33.0,16.0,14.1,15.2,9.8,9.9,1987-88,2003-04,22-38,1165,1037,1,33.2,4.7,9.2,4.7,9.1,0.0,0.1,1.8,2.6,3.0,5.1,8.1,2.2,1.0,1.0,1.1,2.4,11.2,.509,.511,.063,.692,.540,.509,F-C,CHILALORLSEA,grantho01
225,Danny Granger,48.5,109,106,17.7,16.9,8.7,23.8,11.1,10.3,2005-06,2014-15,22-31,586,431,1,31.5,5.7,13.1,4.0,8.6,1.7,4.5,3.7,4.4,1.2,3.8,4.9,1.9,1.0,0.8,1.9,2.8,16.8,.434,.463,.380,.848,.560,.500,F,INDLACMIA,grangda01
226,Gail Goodrich,76.3,104,104,6.0,16.7,4.0,20.5,15.4,20.6,1965-66,1978-79,22-35,1031,,5,32.5,7.2,15.8,7.2,15.8,,,4.2,5.2,0.4,0.6,3.2,4.7,0.5,0.1,0.4,2.7,18.6,.456,.456,,.807,.514,.456,G,LALNOJPHO,goodrga01
227,Rudy Gobert,93.8,127,102,29.1,21.8,21.7,16.2,15.1,6.7,2013-14,2022-23,21-30,676,584,3,30.0,4.6,7.1,4.6,7.1,0.0,0.0,3.3,5.1,3.3,8.3,11.7,1.3,0.7,2.1,1.7,2.6,12.5,.654,.656,.000,.639,.671,.654,C,MINUTA,goberru01
228,Manu Ginóbili,106.4,112,100,47.6,20.2,8.0,24.5,14.9,24.5,2002-03,2017-18,25-40,1057,349,2,25.4,4.3,9.7,2.9,5.9,1.4,3.8,3.2,3.9,0.6,2.8,3.5,3.8,1.3,0.3,2.0,2.1,13.3,.447,.498,.369,.827,.582,.520,G,SAS,ginobma01
229,Artis Gilmore,107.4,117,104,34.7,20.2,17.0,19.7,17.9,8.9,1976-77,1987-88,27-38,909,476,6,32.7,6.3,10.5,6.3,10.5,0.0,0.0,4.5,6.3,2.9,7.2,10.1,2.0,0.5,1.9,2.6,3.3,17.1,.599,.600,.077,.713,.643,.599,C,BOSCHISAS,gilmoar01
230,Shai Gilgeous-Alexander,28.2,115,112,12.8,20.0,7.4,26.5,11.6,23.1,2018-19,2022-23,20-24,307,298,1,32.6,7.3,15.1,6.2,11.8,1.1,3.3,5.1,6.1,0.7,3.8,4.5,4.5,1.2,0.7,2.3,2.2,20.9,.483,.521,.348,.842,.587,.521,G,LACOKC,gilgesh01
231,George Gervin,88.1,112,108,29.8,21.7,7.3,30.7,11.4,13.0,1976-77,1985-86,24-33,791,377,9,33.5,10.2,19.9,10.1,19.6,0.1,0.3,5.7,6.8,1.5,3.1,4.6,2.8,1.2,0.8,2.7,2.9,26.2,.511,.514,.297,.844,.572,.513,G-F,CHISAS,gervige01
232,Paul George,81.2,109,104,40.3,19.4,10.5,27.2,13.1,18.5,2010-11,2022-23,20-32,793,745,8,33.6,7.0,16.1,4.5,9.4,2.5,6.6,4.0,4.8,0.9,5.5,6.4,3.7,1.7,0.4,2.7,2.7,20.6,.437,.477,.381,.850,.568,.516,F,INDLACOKC,georgpa01
233,Chris Gatling,32.1,105,104,3.2,17.6,15.3,24.1,14.1,5.8,1991-92,2001-02,24-34,700,86,1,19.7,4.0,7.8,3.9,7.5,0.1,0.3,2.2,3.4,1.8,3.6,5.3,0.7,0.7,0.5,1.5,2.7,10.3,.513,.523,.249,.660,.555,.517,F-C,CLEDALDENGSWMIAMILNJNORL,gatlich01
234,Pau Gasol,144.1,113,104,57.5,21.4,15.5,23.3,12.5,16.7,2001-02,2018-19,21-38,1226,1150,6,33.4,6.5,12.8,6.4,12.4,0.1,0.4,3.9,5.1,2.5,6.7,9.2,3.2,0.5,1.6,2.2,2.1,17.0,.507,.512,.368,.753,.565,.513,C-F,CHILALMEMMILSAS,gasolpa01
235,Marc Gasol,85.3,111,104,36.5,18.0,13.3,20.5,13.5,17.1,2008-09,2020-21,24-36,891,866,3,32.2,5.2,10.8,4.7,9.5,0.5,1.3,3.2,4.1,1.6,5.8,7.4,3.4,0.9,1.4,2.0,2.9,14.0,.481,.498,.360,.776,.557,.503,C,LALMEMTOR,gasolma01
236,Kevin Garnett,191.4,110,99,96.9,22.7,17.0,24.7,11.8,19.3,1995-96,2015-16,19-39,1462,1425,15,34.5,7.2,14.5,7.1,14.0,0.1,0.4,3.3,4.2,2.2,7.8,10.0,3.7,1.3,1.4,2.2,2.4,17.8,.497,.504,.275,.789,.546,.501,F-C,BOSBRKMIN,garneke01
237,Darius Garland,13.8,110,115,3.9,15.7,4.3,25.4,15.6,31.7,2019-20,2022-23,20-23,247,243,1,33.9,6.8,15.2,4.6,9.4,2.2,5.7,2.7,3.1,0.5,2.1,2.6,6.7,1.1,0.1,3.1,1.9,18.5,.449,.487,.387,.870,.561,.522,G,CLE,garlada01
238,World B. Free,67.7,110,109,22.0,18.8,4.8,29.0,10.9,19.0,1975-76,1987-88,22-34,886,387,1,30.4,7.3,16.1,7.1,15.4,0.2,0.7,5.3,7.1,1.1,1.6,2.7,3.7,1.0,0.3,2.1,2.6,20.3,.456,.461,.337,.753,.527,.463,G,CLEGSWHOUPHISDC,freewo01
239,Walt Frazier,113.5,104,98,15.5,19.1,7.6,21.7,12.9,23.0,1967-68,1979-80,22-34,825,,7,37.5,7.4,15.2,7.4,15.2,0.0,0.0,4.0,5.1,0.5,1.8,5.9,6.1,0.8,0.1,0.2,2.6,18.9,.490,.490,.000,.786,.542,.490,G,CLENYK,fraziwa01
240,Steve Francis,54.1,106,105,22.7,18.3,8.6,25.0,17.2,28.4,1999-00,2007-08,22-30,576,543,3,37.6,6.2,14.4,5.2,11.4,1.0,2.9,4.8,6.1,1.7,3.9,5.6,6.0,1.5,0.4,3.5,3.1,18.1,.429,.451,.341,.797,.533,.463,G,HOUNYKORL,francst01
241,De'Aaron Fox,22.6,110,115,8.0,18.3,6.2,27.8,13.1,30.2,2017-18,2022-23,20-25,390,375,1,32.3,7.5,15.8,6.2,12.0,1.2,3.8,4.0,5.5,0.5,3.1,3.6,6.2,1.3,0.4,2.8,2.6,20.2,.472,.520,.323,.734,.554,.511,G,SAC,foxde01
242,Sleepy Floyd,50.6,108,110,16.6,15.5,5.1,21.1,16.3,27.7,1982-83,1994-95,22-34,957,584,1,27.6,4.6,10.5,4.1,8.8,0.5,1.7,3.0,3.6,0.7,2.0,2.6,5.4,1.2,0.2,2.4,2.1,12.8,.444,.467,.324,.815,.531,.470,G,GSWHOUNJNSAS,floydsl01
243,Michael Finley,85.2,108,108,28.8,16.0,7.2,21.7,9.0,14.5,1995-96,2009-10,22-36,1103,875,2,34.4,6.1,13.7,4.8,10.2,1.3,3.5,2.2,2.7,1.0,3.3,4.4,2.9,0.9,0.3,1.5,1.6,15.7,.444,.467,.375,.811,.527,.492,G-F,BOSDALPHOSAS,finlemi01
244,Patrick Ewing,126.4,106,99,50.1,21.0,16.4,28.0,13.6,9.8,1985-86,2001-02,23-39,1183,1122,11,34.3,8.2,16.3,8.2,16.2,0.0,0.1,4.6,6.2,2.3,7.5,9.8,1.9,1.0,2.4,3.0,3.4,21.0,.504,.507,.152,.740,.553,.505,C-F,NYKORLSEA,ewingpa01
245,Julius Erving,106.2,111,101,51.8,22.0,10.5,26.8,13.5,17.7,1976-77,1986-87,26-36,836,823,11,34.3,8.7,17.1,8.6,16.9,0.1,0.2,4.6,5.9,2.5,4.2,6.7,3.9,1.8,1.5,2.8,2.7,22.0,.507,.510,.261,.777,.558,.509,F-G,PHI,ervinju01
246,Alex English,100.7,111,110,38.2,19.9,9.0,26.5,10.9,17.1,1976-77,1990-91,23-37,1193,753,8,31.9,8.9,17.6,8.9,17.6,0.0,0.1,3.6,4.3,2.3,3.2,5.5,3.6,0.9,0.7,2.4,2.5,21.5,.507,.508,.217,.832,.550,.507,F,DALDENINDMIL,englial01
247,Joel Embiid,55.3,116,104,26.4,27.8,19.4,35.1,13.2,19.5,2016-17,2022-23,22-28,390,390,6,31.8,8.9,17.9,7.8,14.4,1.2,3.4,8.2,10.0,2.2,8.9,11.2,3.4,0.9,1.7,3.4,3.1,27.2,.499,.538,.338,.819,.610,.532,C,PHI,embiijo01
248,Dale Ellis,84.7,114,111,22.9,16.0,6.9,22.6,9.6,8.1,1983-84,1999-00,23-39,1209,589,1,28.8,6.1,12.6,4.6,9.1,1.4,3.5,2.2,2.8,1.3,2.2,3.5,1.4,0.8,0.2,1.5,2.1,15.7,.479,.509,.403,.784,.567,.536,G-F,CHHDALDENMILSASSEA,ellisda01
249,Sean Elliott,55.7,110,107,13.5,13.9,7.3,19.5,12.2,12.0,1989-90,2000-01,21-32,742,712,2,33.0,5.2,11.2,4.4,9.1,0.8,2.1,3.0,3.8,1.1,3.2,4.3,2.6,0.8,0.4,1.8,2.2,14.2,.465,.486,.375,.799,.553,.500,F,DETSAS,elliose01
250,Anthony Edwards,8.8,106,114,3.9,16.0,8.1,27.7,12.1,17.3,2020-21,2022-23,19-21,218,201,1,34.2,7.9,17.8,5.2,10.2,2.7,7.6,3.3,4.3,0.7,4.3,5.1,3.7,1.4,0.6,2.7,2.2,21.7,.441,.507,.352,.772,.551,.516,G,MIN,edwaran01
251,Mark Eaton,44.8,97,100,11.8,10.9,15.0,10.7,19.8,4.3,1982-83,1992-93,26-36,875,815,1,28.8,2.4,5.2,2.4,5.2,0.0,0.0,1.2,1.9,2.1,5.8,7.9,1.0,0.4,3.5,1.5,3.4,6.0,.458,.458,.000,.649,.496,.458,C,UTA,eatonma01
252,Kevin Durant,161.4,118,106,80.0,25.3,10.8,30.3,12.6,20.6,2007-08,2022-23,19-34,982,979,13,36.7,9.3,18.7,7.4,13.8,1.9,4.9,6.7,7.6,0.7,6.4,7.1,4.3,1.1,1.1,3.2,1.9,27.3,.499,.539,.384,.886,.618,.549,F-G,BRKGSWOKCPHOSEA,duranke01
253,Tim Duncan,206.4,110,96,91.1,24.2,18.4,27.0,12.3,16.4,1997-98,2015-16,21-39,1392,1389,15,34.0,7.4,14.6,7.4,14.5,0.0,0.1,4.2,6.1,2.8,8.1,10.8,3.0,0.7,2.2,2.4,2.4,19.0,.506,.509,.179,.696,.551,.507,F-C,SAS,duncati01
254,Joe Dumars,86.2,113,110,25.3,15.3,3.6,21.1,12.3,20.5,1985-86,1998-99,22-35,1018,944,6,34.5,5.9,12.8,4.9,10.2,1.0,2.5,3.4,4.0,0.7,1.5,2.2,4.5,0.9,0.1,2.0,1.8,16.1,.460,.480,.382,.843,.554,.498,G,DET,dumarjo01
255,Andre Drummond,70.2,109,101,17.9,21.8,24.8,21.8,13.5,7.7,2012-13,2022-23,19-29,780,630,2,28.3,5.6,10.3,5.6,10.1,0.0,0.2,2.1,4.3,4.3,8.4,12.7,1.3,1.3,1.4,1.9,3.0,13.2,.542,.548,.128,.475,.542,.543,C,BRKCHICLEDETLALPHI,drumman01
256,Clyde Drexler,135.6,114,105,70.2,21.1,9.9,25.4,12.8,25.2,1983-84,1997-98,21-35,1086,950,10,34.6,7.7,16.3,6.9,13.9,0.8,2.4,4.3,5.5,2.4,3.7,6.1,5.6,2.0,0.7,2.7,3.0,20.4,.472,.498,.318,.788,.547,.495,G,HOUPOR,drexlcl01
257,John Drew,68.9,107,102,18.7,20.7,12.3,30.8,12.7,9.4,1974-75,1984-85,20-30,739,104,2,29.5,7.4,15.8,7.4,15.7,0.0,0.1,5.8,7.8,2.9,4.0,6.9,1.7,1.4,0.3,1.9,3.6,20.7,.470,.472,.175,.748,.538,.471,F-G,ATLUTA,drewjo01
258,Goran Dragić,56.6,109,110,15.9,16.5,6.2,23.2,15.5,27.7,2008-09,2022-23,22-36,941,530,1,27.1,4.9,10.6,3.7,7.3,1.2,3.4,2.3,3.1,0.7,2.3,3.0,4.7,0.9,0.2,2.2,2.3,13.3,.459,.505,.361,.766,.556,.516,G,BRKCHIHOUMIAMILPHOTOR,dragigo01
259,Luka Dončić,38.9,114,110,26.2,25.2,13.7,35.7,14.4,42.1,2018-19,2022-23,19-23,326,326,4,34.3,9.4,20.1,6.6,11.9,2.8,8.2,6.1,8.2,1.0,7.6,8.6,8.0,1.1,0.4,4.0,2.3,27.6,.465,.552,.339,.738,.581,.534,G-F,DAL,doncilu01
260,James Donaldson,62.3,114,106,12.4,13.8,15.8,12.8,18.0,3.9,1980-81,1994-95,23-37,957,659,1,27.4,3.2,5.7,3.2,5.7,0.0,0.0,2.1,2.8,2.2,5.7,7.8,0.8,0.4,1.3,1.5,2.1,8.6,.571,.571,,.732,.618,.571,C,DALLACNYKSDCSEAUTA,donalja01
261,Vlade Divac,96.4,108,101,36.3,17.7,15.4,19.2,16.7,16.0,1989-90,2004-05,21-36,1134,979,1,29.8,4.6,9.3,4.5,8.9,0.1,0.4,2.5,3.7,2.5,5.7,8.2,3.1,1.1,1.4,2.2,3.2,11.8,.495,.506,.235,.692,.543,.500,C,CHHLALSAC,divacvl01
262,DeMar DeRozan,91.9,112,111,25.2,19.0,7.3,27.4,9.9,19.4,2009-10,2022-23,20-33,1026,1014,6,34.4,7.6,16.1,7.1,14.6,0.4,1.5,5.5,6.5,0.7,3.7,4.4,4.0,1.0,0.3,2.1,2.3,21.0,.468,.486,.292,.840,.553,.482,G-F,CHISASTOR,derozde01
263,Luol Deng,74.0,107,105,22.9,15.4,10.1,20.6,10.3,11.2,2004-05,2018-19,19-33,902,828,2,34.3,5.7,12.5,5.0,10.3,0.7,2.2,2.7,3.5,1.6,4.4,6.1,2.3,1.0,0.5,1.6,1.7,14.8,.456,.482,.332,.769,.528,.485,F,CHICLELALMIAMIN,denglu01
264,Walter Davis,76.9,108,107,25.3,19.1,5.8,27.4,12.7,21.1,1977-78,1991-92,23-37,1033,373,6,27.9,7.9,15.4,7.7,14.8,0.2,0.6,3.0,3.6,0.9,2.1,3.0,3.8,1.2,0.1,2.5,2.4,18.9,.511,.521,.272,.851,.558,.516,G-F,DENPHOPOR,daviswa03
265,Dale Davis,86.9,114,103,18.4,15.2,17.1,14.0,12.0,5.2,1991-92,2006-07,22-37,1094,863,1,27.1,3.3,6.2,3.3,6.2,0.0,0.0,1.4,2.5,3.0,4.8,7.9,0.9,0.6,1.2,1.0,2.6,8.0,.530,.530,.000,.562,.546,.530,F-C,DETGSWINDPOR,davisda01
266,Baron Davis,63.1,105,105,33.1,17.8,6.3,24.6,14.7,36.3,1999-00,2011-12,20-32,835,692,2,34.2,5.9,14.3,4.3,9.3,1.6,5.0,2.8,3.9,0.9,2.9,3.8,7.2,1.8,0.4,2.8,2.8,16.1,.409,.456,.320,.711,.502,.465,G,CHHCLEGSWLACNOHNYK,davisba01
267,Antonio Davis,59.6,106,104,4.4,14.1,15.0,17.6,13.4,6.4,1993-94,2005-06,25-37,903,524,1,28.9,3.5,7.9,3.5,7.9,0.0,0.0,3.0,4.1,2.6,4.9,7.5,1.1,0.5,1.0,1.5,2.8,10.0,.448,.449,.087,.727,.518,.448,F-C,CHIINDNYKTOR,davisan01
268,Anthony Davis,99.2,117,104,45.7,27.0,16.6,28.4,8.8,11.9,2012-13,2022-23,19-29,654,647,8,34.4,9.0,17.3,8.5,15.7,0.5,1.6,5.6,7.1,2.6,7.8,10.4,2.4,1.3,2.3,2.0,2.4,24.0,.519,.541,.301,.793,.589,.533,F-C,LALNOHNOP,davisan02
269,Brad Daugherty,65.2,114,105,21.3,18.9,14.8,22.2,14.6,15.5,1986-87,1993-94,21-28,548,546,5,36.5,7.0,13.1,7.0,13.1,0.0,0.0,5.0,6.7,2.2,7.3,9.5,3.7,0.8,0.7,2.8,2.7,19.0,.532,.533,.143,.747,.590,.532,C,CLE,daughbr01
270,Adrian Dantley,134.2,119,109,43.8,21.5,8.6,26.1,12.5,13.0,1976-77,1990-91,21-35,955,546,6,35.8,8.6,15.8,8.5,15.8,0.0,0.0,7.2,8.7,2.3,3.4,5.7,3.0,1.0,0.2,2.6,2.7,24.3,.540,.541,.171,.818,.617,.540,F-G,BUFDALDETINDLALMILUTA,dantlad01
271,Bob Dandridge,80.3,104,100,15.1,16.7,9.4,23.1,13.8,13.5,1969-70,1981-82,22-34,839,0,4,35.2,7.7,15.9,7.7,15.9,0.0,0.0,3.1,4.0,1.1,2.8,6.8,3.4,0.8,0.4,0.8,3.5,18.5,.484,.484,.167,.780,.524,.484,F-G,MILWSB,dandrbo01
272,Stephen Curry,127.2,118,108,65.3,23.8,7.5,28.8,13.8,31.3,2009-10,2022-23,21-34,877,871,9,34.4,8.4,17.7,4.6,8.8,3.8,9.0,3.9,4.3,0.7,4.1,4.7,6.5,1.6,0.2,3.2,2.4,24.6,.475,.524,.428,.908,.627,.583,G,GSW,curryst01
273,Terry Cummings,91.1,108,105,22.5,18.3,14.4,25.6,10.5,10.5,1982-83,1999-00,21-38,1183,815,2,28.7,6.8,14.1,6.8,13.9,0.0,0.1,2.8,4.0,2.7,4.6,7.3,1.9,1.1,0.5,1.9,3.2,16.4,.484,.486,.295,.706,.520,.485,F,GSWMILNYKPHISASSDCSEA,cummite01
274,Dave Cowens,86.3,106,96,21.5,17.0,17.1,19.0,12.6,13.7,1970-71,1982-83,22-34,766,89,8,38.6,7.5,16.3,7.5,16.3,0.0,0.0,2.6,3.4,2.1,6.7,13.6,3.8,0.8,0.6,0.7,3.8,17.6,.460,.460,.071,.783,.496,.460,C-F,BOSMIL,cowenda01
275,DeMarcus Cousins,46.8,104,104,21.6,22.0,19.0,31.4,15.3,17.9,2010-11,2021-22,20-31,654,561,4,29.8,7.0,15.2,6.3,13.2,0.7,2.0,5.0,6.7,2.6,7.6,10.2,3.0,1.3,1.1,3.3,3.7,19.6,.460,.479,.331,.737,.539,.481,C-F,DENGSWHOULACMILNOPSAC,couside01
276,Mike Conley,91.5,114,109,36.0,17.4,5.4,21.5,12.9,28.8,2007-08,2022-23,20-35,1020,983,1,31.9,5.2,11.8,3.6,7.7,1.6,4.1,2.7,3.3,0.5,2.5,3.0,5.7,1.4,0.2,2.0,2.0,14.6,.438,.469,.381,.820,.552,.505,G,MEMMINUTA,conlemi01
277,Doug Collins,38.0,107,102,8.4,16.1,4.8,22.4,14.8,14.6,1973-74,1980-81,22-29,415,197,4,33.6,7.1,14.1,7.1,14.1,0.0,0.0,3.8,4.5,1.1,2.1,3.2,3.3,1.2,0.3,1.2,3.0,17.9,.501,.501,.000,.833,.557,.501,G-F,PHI,collido01
278,Derrick Coleman,64.3,105,103,22.3,18.0,15.4,23.8,14.3,13.0,1990-91,2004-05,23-37,781,672,1,33.2,5.9,13.2,5.5,11.8,0.4,1.4,4.3,5.5,2.7,6.6,9.3,2.5,0.8,1.3,2.6,2.6,16.5,.447,.465,.295,.769,.526,.462,F-C,CHHDETNJNPHI,colemde01
279,Phil Chenier,39.3,95,97,11.5,15.3,5.3,21.3,12.5,13.5,1971-72,1980-81,21-30,578,,3,33.1,7.1,16.0,7.1,16.0,0.0,0.0,2.9,3.6,0.6,2.0,3.6,3.0,1.2,0.4,0.3,2.0,17.2,.444,.444,.400,.806,.487,.445,G,BALCAPGSWINDWSB,cheniph01
280,Maurice Cheeks,103.5,116,105,42.1,16.5,4.9,15.2,17.5,29.2,1978-79,1992-93,22-36,1101,978,4,31.6,4.5,8.5,4.4,8.3,0.0,0.2,2.1,2.7,0.6,2.2,2.8,6.7,2.1,0.3,2.1,2.1,11.1,.523,.529,.255,.793,.572,.526,G,ATLNJNNYKPHISAS,cheekma01
281,Tyson Chandler,102.1,118,103,16.9,16.1,18.8,13.2,17.9,4.7,2001-02,2019-20,19-37,1160,886,1,27.3,3.1,5.1,3.1,5.1,0.0,0.0,2.1,3.2,3.0,6.0,9.0,0.8,0.5,1.2,1.4,2.8,8.2,.597,.598,.000,.644,.626,.597,C,CHACHIDALHOULALNOHNOKNYKPHO,chandty01
282,Tom Chambers,79.0,108,108,12.0,16.5,11.2,25.4,12.1,10.1,1981-82,1997-98,22-38,1107,743,4,30.6,6.7,14.2,6.5,13.6,0.2,0.7,4.6,5.7,1.8,4.3,6.1,2.1,0.8,0.6,2.3,3.4,18.1,.468,.476,.307,.807,.542,.476,F-C,CHHPHIPHOSDCSEAUTA,chambto01
283,Cedric Ceballos,40.4,110,107,10.1,19.3,12.4,25.9,11.3,8.3,1990-91,2000-01,21-31,609,313,1,24.2,5.6,11.2,5.2,10.0,0.4,1.2,2.7,3.6,2.1,3.3,5.3,1.2,0.7,0.3,1.6,1.8,14.3,.500,.524,.309,.753,.559,.518,F,DALDETLALMIAPHO,cebalce01
284,Sam Cassell,87.5,110,108,28.8,19.5,6.2,25.7,14.4,34.4,1993-94,2007-08,24-38,993,690,1,30.0,5.7,12.6,5.1,10.6,0.7,2.0,3.6,4.2,0.6,2.6,3.2,6.0,1.1,0.2,2.4,2.8,15.7,.454,.477,.331,.861,.544,.480,G,BOSDALHOULACMILMINNJNPHO,cassesa01
285,Bill Cartwright,72.8,112,107,9.7,15.2,12.8,19.2,14.9,7.1,1979-80,1994-95,22-37,963,676,1,28.5,4.8,9.2,4.8,9.2,0.0,0.0,3.5,4.6,1.9,4.5,6.3,1.4,0.5,0.7,2.0,2.9,13.2,.525,.525,.000,.771,.588,.525,C,CHINYKSEA,cartwbi01
286,Vince Carter,125.3,108,107,57.9,18.6,8.2,26.3,9.7,19.3,1998-99,2019-20,22-43,1541,983,8,30.1,6.0,13.8,4.5,9.8,1.5,4.0,3.1,3.9,1.1,3.2,4.3,3.1,1.0,0.6,1.7,2.6,16.7,.435,.462,.371,.798,.536,.489,G-F,ATLDALMEMNJNORLPHOSACTOR,cartevi01
287,Joe Barry Carroll,35.6,102,107,8.2,16.4,12.9,24.3,14.1,8.3,1980-81,1990-91,22-32,705,533,1,32.4,7.1,15.0,7.1,15.0,0.0,0.0,3.4,4.6,2.4,5.3,7.7,1.8,1.0,1.6,2.8,3.1,17.7,.474,.475,.000,.747,.519,.474,C-F,DENGSWHOUNJNPHO,carrojo01
288,Austin Carr,32.9,102,105,5.2,15.0,5.2,22.1,11.7,14.5,1971-72,1980-81,23-32,682,,1,28.8,6.4,14.2,6.4,14.2,0.0,0.0,2.6,3.2,1.0,1.1,2.9,2.8,0.6,0.1,0.7,2.0,15.4,.449,.449,.154,.804,.491,.449,G,CLEDALWSB,carrau01
289,Andrew Bynum,37.4,114,103,9.1,19.6,17.0,19.9,13.6,7.5,2005-06,2013-14,18-26,418,319,1,25.6,4.6,8.2,4.6,8.2,0.0,0.0,2.4,3.4,2.4,5.3,7.7,1.2,0.3,1.6,1.5,2.5,11.5,.556,.557,.111,.690,.592,.556,C,CLEINDLAL,bynuman01
290,Jimmy Butler,104.8,122,107,43.6,21.6,9.0,22.9,9.5,20.6,2011-12,2022-23,22-33,751,646,6,33.2,5.9,12.6,5.1,10.2,0.8,2.4,5.6,6.6,1.6,3.7,5.4,4.2,1.6,0.5,1.6,1.4,18.1,.466,.501,.323,.842,.583,.497,F-G,CHIMIAMINPHI,butleji01
291,Caron Butler,50.9,105,108,12.6,15.0,9.0,21.7,11.8,12.3,2002-03,2015-16,22-35,881,732,2,32.2,5.2,12.0,4.4,9.6,0.8,2.4,2.8,3.3,1.3,3.7,5.0,2.3,1.3,0.2,1.8,2.4,14.1,.434,.456,.348,.847,.523,.469,F,DALDETLACLALMIAMILOKCSACWAS,butleca01
292,Don Buse,34.9,109,103,13.6,12.7,4.7,12.3,13.6,21.5,1976-77,1984-85,26-34,648,103,1,26.3,2.8,6.4,2.6,5.6,0.3,0.8,1.0,1.3,0.6,1.8,2.3,4.5,1.8,0.1,0.9,1.5,6.9,.442,.457,.333,.780,.497,.462,G,INDKCKPHOPOR,busedo01
293,Kobe Bryant,172.7,110,105,80.1,22.9,8.1,31.8,11.6,24.2,1996-97,2015-16,18-37,1346,1198,18,36.1,8.7,19.5,7.3,15.3,1.4,4.1,6.2,7.4,1.1,4.1,5.2,4.7,1.4,0.5,3.0,2.5,25.0,.447,.479,.329,.837,.550,.482,G-F,LAL,bryanko01
294,Jaylen Brown,29.5,108,109,8.1,16.5,9.6,25.9,11.4,12.4,2016-17,2022-23,20-26,467,360,2,29.7,6.7,14.0,4.8,8.9,1.9,5.1,2.6,3.7,0.9,4.3,5.2,2.2,1.0,0.4,2.0,2.5,17.9,.477,.541,.367,.724,.573,.544,F-G,BOS,brownja02
295,Fred Brown,63.2,107,101,22.6,17.7,5.5,24.2,11.6,20.2,1971-72,1983-84,23-35,963,4,1,25.4,6.2,13.1,6.1,12.7,0.1,0.3,2.0,2.3,0.7,1.7,2.7,3.3,1.2,0.2,0.9,2.0,14.6,.478,.480,.373,.858,.518,.482,G,SEA,brownfr01
296,Terrell Brandon,65.9,110,105,30.3,19.7,6.1,23.9,12.9,35.5,1991-92,2001-02,21-31,724,480,2,29.8,5.4,12.0,4.9,10.5,0.5,1.5,2.5,2.8,0.6,2.4,3.0,6.1,1.6,0.3,2.0,1.8,13.8,.448,.462,.355,.873,.519,.471,G,CLEMILMIN,brandte01
297,Elton Brand,109.6,110,104,37.3,20.5,15.0,22.8,11.8,11.7,1999-00,2015-16,20-36,1058,868,2,33.0,6.2,12.5,6.2,12.4,0.0,0.0,3.4,4.7,3.1,5.4,8.5,2.1,0.9,1.7,1.9,2.9,15.9,.500,.501,.095,.736,.548,.501,F-C,ATLCHIDALLACPHI,brandel01
298,Chris Bosh,106.0,113,105,31.1,20.6,14.1,24.6,10.7,9.9,2003-04,2015-16,19-31,893,881,11,35.8,7.0,14.1,6.6,13.1,0.3,1.0,5.0,6.3,2.2,6.3,8.5,2.0,0.8,1.0,2.0,2.4,19.2,.494,.506,.335,.799,.571,.506,F-C,MIATOR,boshch01
299,Carlos Boozer,80.3,108,102,23.1,19.5,17.7,24.3,12.6,13.2,2002-03,2014-15,21-33,861,775,2,31.2,6.8,13.0,6.8,13.0,0.0,0.0,2.6,3.7,2.4,7.1,9.5,2.2,0.9,0.4,2.1,3.0,16.2,.521,.522,.071,.722,.554,.521,F-C,CHICLELALUTA,boozeca01
300,Devin Booker,35.6,110,114,13.0,18.4,6.5,30.3,12.9,23.7,2015-16,2022-23,19-26,526,501,3,33.8,8.4,18.2,6.4,12.5,2.1,5.8,5.1,5.8,0.6,3.4,4.0,4.7,0.8,0.3,3.1,3.0,23.9,.461,.508,.358,.868,.575,.517,G,PHO,bookede01
301,Mookie Blaylock,71.8,106,105,39.2,16.8,6.6,20.1,14.4,30.9,1989-90,2001-02,22-34,889,800,1,34.9,5.3,12.9,3.8,8.6,1.4,4.3,1.4,1.9,1.1,3.0,4.1,6.7,2.3,0.3,2.3,1.9,13.5,.409,.445,.336,.736,.488,.465,G,ATLGSWNJN,blaylmo01
302,Rolando Blackman,75.6,113,112,19.8,16.7,5.7,23.2,10.3,14.4,1981-82,1993-94,22-34,980,815,4,32.7,7.0,14.3,6.8,13.6,0.2,0.7,3.7,4.4,1.1,2.3,3.3,3.0,0.7,0.3,1.9,1.7,18.0,.493,.501,.343,.840,.555,.501,G,DALNYK,blackro01
303,Otis Birdsong,48.2,107,107,14.3,16.5,5.3,24.5,11.2,16.0,1977-78,1988-89,22-33,696,317,4,31.1,7.7,15.2,7.6,14.9,0.1,0.3,2.6,3.9,1.3,1.7,3.0,3.2,1.2,0.2,2.1,2.6,18.0,.506,.510,.274,.655,.533,.509,G,BOSKCKNJN,birdsot01
304,Larry Bird,145.8,115,101,77.2,23.5,14.5,26.5,12.7,24.7,1979-80,1991-92,23-35,897,870,12,38.4,9.6,19.3,8.9,17.4,0.7,1.9,4.4,5.0,2.0,8.0,10.0,6.3,1.7,0.8,3.1,2.5,24.3,.496,.509,.376,.886,.564,.514,F,BOS,birdla01
305,Dave Bing,68.8,99,100,5.6,17.6,4.7,22.1,16.8,24.3,1966-67,1977-78,23-34,901,,7,36.4,7.7,17.5,7.7,17.5,,,4.9,6.3,0.5,0.8,3.8,6.0,0.5,0.1,0.2,2.9,20.3,.441,.441,,.775,.502,.441,G,BOSDETWSB,bingda01
306,Chauncey Billups,120.8,118,107,43.5,18.8,5.3,21.9,13.6,28.1,1997-98,2013-14,21-37,1043,937,5,31.6,4.5,10.9,2.8,6.4,1.8,4.5,4.3,4.8,0.5,2.4,2.9,5.4,1.0,0.2,2.0,2.1,15.2,.415,.435,.387,.894,.580,.495,G,BOSDENDETLACMINNYKTOR,billuch01
307,Butch Beard,32.8,105,100,6.2,15.0,7.1,16.1,18.8,20.2,1969-70,1978-79,22-31,605,,1,23.6,3.6,7.4,3.6,7.4,,,2.1,2.7,0.8,1.6,3.4,3.6,0.8,0.1,0.3,2.6,9.3,.487,.487,,.771,.540,.487,G,ATLCLEGSWNYKSEA,beardbu01
308,Bradley Beal,52.3,110,112,22.6,18.4,6.5,27.7,11.1,20.6,2012-13,2022-23,19-29,695,661,3,34.7,8.1,17.6,5.9,11.7,2.2,5.9,3.8,4.6,0.9,3.2,4.1,4.3,1.1,0.4,2.5,2.2,22.1,.460,.503,.372,.823,.564,.522,G,WAS,bealbr01
309,Rick Barry,93.4,105,99,24.8,20.2,7.8,23.1,13.2,20.3,1965-66,1979-80,21-35,794,,8,36.3,9.1,20.4,9.0,20.1,0.1,0.3,4.8,5.3,0.6,3.0,6.5,5.1,1.4,0.3,0.7,2.9,23.2,.449,.450,.330,.900,.510,.451,F,GSWHOUSFW,barryri01
310,Dana Barros,49.6,114,110,18.1,16.4,4.7,20.0,13.5,23.7,1989-90,2003-04,22-36,850,264,1,22.9,3.9,8.4,2.6,5.3,1.3,3.1,1.5,1.7,0.3,1.6,1.9,3.3,0.9,0.1,1.4,1.3,10.5,.460,.488,.411,.858,.572,.536,G,BOSDETPHISEA,barroda01
311,Charles Barkley,177.2,119,105,80.5,24.6,18.2,24.8,14.8,17.5,1984-85,1999-00,21-36,1073,1012,11,36.7,7.9,14.5,7.4,12.7,0.5,1.9,5.9,8.1,4.0,7.7,11.7,3.9,1.5,0.8,3.1,3.1,22.1,.541,.581,.266,.735,.612,.558,F,HOUPHIPHO,barklch01
312,LaMelo Ball,10.5,109,112,6.2,18.6,10.7,28.0,15.3,35.8,2020-21,2022-23,19-21,162,142,1,31.8,7.0,16.3,4.1,8.9,2.8,7.5,2.7,3.3,1.3,5.1,6.4,7.3,1.5,0.4,3.2,3.0,19.4,.426,.467,.377,.828,.547,.512,G,CHO,ballla01
313,Vin Baker,47.0,104,107,5.3,16.3,13.4,23.0,13.4,10.2,1993-94,2005-06,22-34,791,604,4,32.5,5.9,12.2,5.9,12.0,0.0,0.2,3.1,4.8,2.9,4.6,7.4,1.9,0.7,1.0,2.2,3.2,15.0,.485,.490,.215,.638,.522,.487,F,BOSHOULACMILNYKSEA,bakervi01
314,B.J. Armstrong,45.0,115,110,8.1,14.5,4.3,18.4,11.9,20.9,1989-90,1999-00,22-32,747,341,1,23.8,3.8,8.0,3.2,6.6,0.6,1.4,1.6,1.9,0.3,1.5,1.8,3.3,0.7,0.1,1.2,1.5,9.8,.477,.487,.425,.856,.555,.513,G,CHHCHIGSWORL,armstbj01
315,Gilbert Arenas,51.3,109,109,22.3,19.6,6.3,27.7,14.3,26.8,2001-02,2011-12,20-30,552,455,3,35.1,6.7,16.0,4.8,10.5,2.0,5.6,5.2,6.5,0.8,3.1,3.9,5.3,1.6,0.2,3.2,3.0,20.7,.421,.458,.351,.803,.547,.482,G,GSWMEMORLWAS,arenagi01
316,Tiny Archibald,83.4,109,105,12.9,18.0,3.4,18.0,20.2,30.1,1970-71,1983-84,22-35,876,268,6,35.6,6.7,14.4,6.7,14.3,0.0,0.1,5.3,6.6,0.4,1.2,2.3,7.4,0.8,0.1,1.3,2.3,18.8,.467,.469,.224,.810,.543,.468,G,BOSCINKCKKCOMILNYN,architi01
317,Carmelo Anthony,108.5,108,109,36.7,19.5,10.1,29.7,10.5,14.4,2003-04,2021-22,19-37,1260,1120,10,34.5,8.0,18.0,6.7,14.1,1.4,3.9,5.0,6.2,1.6,4.6,6.2,2.7,1.0,0.5,2.4,2.8,22.5,.447,.472,.355,.814,.543,.485,F,DENHOULALNYKOKCPOR,anthoca01
318,Giannis Antetokounmpo,96.0,116,104,48.4,24.9,16.0,28.9,13.7,25.0,2013-14,2022-23,19-28,716,651,7,32.5,8.2,15.3,7.5,12.9,0.7,2.4,5.6,7.8,1.8,7.8,9.6,4.7,1.1,1.3,3.0,3.0,22.6,.537,.583,.288,.709,.605,.559,F-G,MIL,antetgi01
319,Kenny Anderson,62.5,108,106,21.9,16.4,5.7,21.3,14.1,33.2,1991-92,2004-05,21-34,858,693,1,30.1,4.7,11.1,4.0,9.2,0.6,1.8,2.6,3.3,0.8,2.3,3.1,6.1,1.5,0.1,2.1,2.3,12.6,.421,.436,.346,.790,.501,.449,G,ATLBOSCHHINDLACNJNNOHPORSEA,anderke01
320,Ray Allen,145.1,114,108,57.6,18.6,6.8,23.8,11.4,16.5,1996-97,2013-14,21-38,1300,1149,10,35.6,6.6,14.6,4.3,8.9,2.3,5.7,3.4,3.8,0.9,3.1,4.1,3.4,1.1,0.2,2.1,2.2,18.9,.452,.485,.400,.894,.580,.530,G,BOSMIAMILSEA,allenra02
321,Jarrett Allen,44.2,128,108,10.9,20.0,17.6,16.4,12.9,7.8,2017-18,2022-23,19-24,406,341,1,27.6,4.7,7.5,4.7,7.3,0.0,0.3,2.5,3.5,2.8,6.1,8.9,1.4,0.6,1.3,1.3,2.1,12.0,.630,.645,.183,.705,.662,.633,C-F,BRKCLE,allenja01
322,LaMarcus Aldridge,115.7,113,107,33.4,20.7,13.8,25.7,8.0,10.2,2006-07,2021-22,21-36,1076,997,7,33.7,7.7,15.7,7.5,15.0,0.2,0.7,3.4,4.2,2.6,5.5,8.1,1.9,0.7,1.1,1.5,2.4,19.1,.493,.500,.320,.813,.544,.499,F-C,BRKPORSAS,aldrila01
323,Danny Ainge,71.5,114,108,21.9,14.7,5.6,18.5,12.7,20.8,1981-82,1994-95,22-35,1042,508,1,26.6,4.5,9.5,3.5,7.0,1.0,2.5,1.6,1.9,0.7,2.0,2.7,4.0,1.1,0.1,1.5,2.4,11.5,.469,.502,.378,.846,.555,.519,G,BOSPHOPORSAC,aingeda01
324,Mark Aguirre,67.8,109,110,24.4,19.0,9.2,29.1,11.9,16.9,1981-82,1993-94,22-34,923,639,3,30.0,7.8,16.1,7.4,14.7,0.4,1.4,4.0,5.4,1.8,3.1,5.0,3.1,0.7,0.3,2.5,2.8,20.0,.484,.500,.312,.741,.542,.498,F-G,DALDETLAC,aguirma01
325,Bam Adebayo,42.5,117,107,14.3,20.0,16.3,21.6,15.0,19.0,2017-18,2022-23,20-25,415,311,2,29.4,5.6,10.2,5.6,10.1,0.0,0.1,3.4,4.5,2.2,6.3,8.5,3.4,1.0,0.9,2.2,2.5,14.7,.553,.560,.129,.754,.604,.554,C-F,MIA,adebaba01
326,Michael Adams,46.9,112,110,19.9,16.6,5.0,20.2,13.5,28.2,1985-86,1995-96,23-33,653,510,1,31.3,5.0,12.0,3.5,7.6,1.5,4.4,3.3,3.9,0.6,2.3,2.9,6.4,1.7,0.1,2.1,1.8,14.7,.415,.462,.332,.849,.536,.475,G,CHHDENSACWSB,adamsmi01
327,Alvan Adams,73.5,105,100,33.0,18.3,14.1,22.0,17.8,21.4,1975-76,1987-88,21-33,988,342,1,27.5,5.8,11.6,5.8,11.6,0.0,0.0,2.5,3.2,2.0,5.0,7.0,4.1,1.3,0.8,2.2,3.3,14.1,.498,.498,.133,.788,.541,.498,C-F,PHO,adamsal01
328,Shareef Abdur-Rahim,71.2,108,107,21.9,19.0,12.5,25.0,13.5,13.6,1996-97,2007-08,20-31,830,704,1,34.8,6.5,13.9,6.4,13.2,0.2,0.6,4.8,6.0,2.3,5.3,7.5,2.5,1.0,0.8,2.6,2.8,18.1,.472,.480,.297,.810,.549,.479,F,ATLPORSACVAN,abdursh01
329,Kareem Abdul-Jabbar,273.4,115,99,85.7,24.6,15.7,24.3,13.4,14.6,1969-70,1988-89,22-41,1560,625,19,36.8,10.2,18.1,10.2,18.1,0.0,0.0,4.3,6.0,1.9,6.0,11.2,3.6,0.7,2.0,1.6,3.0,24.6,.559,.560,.056,.721,.592,.559,C,LALMIL,abdulka01