,Player,AS,MP,FG,FGA,2P,2PA,3P,3PA,FT,FTA,ORB,DRB,TRB,AST,STL,BLK,TOV,PF,PTS,FG%,2P%,3P%,FT%,TS%,eFG%,Pos,WS,ORtg,DRtg,VORP,PER,TRB%,AST%,TOV%,USG%,HOF,MVP
1,Trae Young,2,33.8,8.1,18.6,5.6,11.4,2.5,7.2,6.7,7.6,0.7,3.0,3.7,9.3,1.0,0.1,4.1,1.7,25.5,0.438,0.491,0.353,0.875,0.581,0.506,G,32.6,115.0,117.0,15.2,22.3,5.9,44.1,15.9,32.7,0,0
3,James Worthy,7,32.4,7.4,14.3,7.3,13.7,0.1,0.5,2.6,3.4,1.7,3.4,5.1,3.0,1.1,0.7,2.0,2.1,17.6,0.521,0.532,0.241,0.769,0.559,0.525,F,81.2,112.0,108.0,29.2,17.7,8.9,14.0,11.3,22.9,1,0
4,Metta World Peace,1,31.7,4.7,11.4,3.5,7.9,1.2,3.4,2.6,3.6,1.2,3.3,4.5,2.7,1.7,0.5,1.8,2.6,13.2,0.414,0.447,0.339,0.715,0.508,0.465,F,61.1,102.0,103.0,25.4,14.8,8.1,14.5,12.2,21.3,0,0
5,Brian Winters,2,30.7,6.9,14.5,6.7,14.1,0.2,0.5,2.2,2.6,0.7,1.9,2.6,4.1,1.2,0.3,1.6,2.8,16.2,0.475,0.479,0.363,0.842,0.516,0.481,G-F,38.6,105.0,105.0,7.8,15.2,4.5,19.3,13.5,23.0,0,0
7,Zion Williamson,2,32.0,9.9,16.4,9.7,15.8,0.2,0.6,5.8,8.4,2.5,4.4,7.0,3.6,0.9,0.6,2.9,2.1,25.8,0.605,0.615,0.343,0.691,0.643,0.611,F-C,14.2,121.0,114.0,6.6,26.0,11.9,19.7,12.4,30.1,0,0
8,Mo Williams,1,29.2,5.0,11.4,3.6,7.9,1.3,3.5,1.9,2.2,0.5,2.3,2.8,4.9,0.9,0.1,2.3,2.5,13.2,0.434,0.46,0.378,0.871,0.532,0.493,G,40.0,106.0,110.0,10.0,15.0,5.5,28.1,15.5,22.8,0,0
10,Gus Williams,2,31.1,7.0,15.2,6.9,14.7,0.1,0.6,2.9,3.8,1.0,1.7,2.7,5.6,2.0,0.4,2.0,2.0,17.1,0.461,0.469,0.238,0.756,0.505,0.465,G,67.9,106.0,102.0,31.8,18.5,4.6,27.1,11.9,25.5,0,0
11,Deron Williams,3,34.2,5.8,13.0,4.4,9.1,1.4,3.9,3.4,4.1,0.4,2.7,3.1,8.1,1.0,0.2,2.8,2.5,16.3,0.445,0.482,0.357,0.822,0.552,0.498,G,77.3,112.0,110.0,28.3,18.2,5.4,39.5,16.1,23.5,0,0
12,Buck Williams,3,32.5,4.9,8.9,4.9,8.9,0.0,0.0,3.0,4.6,3.5,6.5,10.0,1.3,0.8,0.8,2.1,3.3,12.8,0.549,0.55,0.167,0.664,0.587,0.549,F-C,120.1,112.0,104.0,21.7,15.3,17.2,5.5,16.3,16.4,0,0
13,Dominique Wilkins,9,35.5,9.3,20.1,8.6,18.0,0.7,2.1,5.6,6.9,2.7,3.9,6.7,2.5,1.3,0.6,2.5,1.9,24.8,0.461,0.478,0.319,0.811,0.536,0.478,F-G,117.5,112.0,108.0,50.6,21.6,10.4,12.1,9.7,30.3,1,0
14,Jamaal Wilkes,3,32.9,7.5,15.1,7.5,15.0,0.0,0.1,2.6,3.5,2.0,4.2,6.2,2.5,1.3,0.3,1.5,2.8,17.7,0.499,0.501,0.135,0.759,0.533,0.5,F-G,71.3,110.0,103.0,14.1,16.5,9.8,10.2,11.0,22.5,1,0
16,Andrew Wiggins,1,34.8,7.1,15.9,5.7,11.8,1.5,4.1,3.4,4.7,1.3,3.2,4.5,2.3,1.0,0.7,2.0,2.2,19.1,0.449,0.483,0.354,0.72,0.532,0.495,F-G,26.2,105.0,113.0,3.0,14.8,7.1,10.8,9.8,24.9,0,0
17,Sidney Wicks,4,33.9,6.6,14.5,6.6,14.5,0.0,0.0,3.6,5.2,2.0,4.3,8.7,3.2,0.8,0.6,0.9,3.3,16.8,0.459,0.459,0.0,0.685,0.502,0.459,F-C,42.4,95.0,101.0,8.2,16.2,13.0,13.9,19.5,17.5,0,0
18,Jo Jo White,7,35.8,7.4,16.6,7.4,16.6,0.0,0.0,2.5,3.0,0.6,1.8,4.0,4.9,0.8,0.1,0.6,2.5,17.2,0.444,0.444,0.167,0.834,0.481,0.444,G,54.0,95.0,101.0,6.9,14.2,5.4,19.2,16.4,19.5,1,0
19,Paul Westphal,5,25.5,6.2,12.3,6.1,12.0,0.1,0.2,3.2,3.8,0.5,1.4,1.9,4.4,1.2,0.3,1.4,2.1,15.6,0.504,0.508,0.275,0.82,0.558,0.506,G,67.7,109.0,101.0,24.8,19.4,4.0,26.2,13.9,26.0,1,0
20,Russell Westbrook,9,34.3,8.0,18.3,6.9,14.6,1.1,3.7,5.2,6.7,1.6,5.7,7.3,8.4,1.6,0.3,4.1,2.6,22.4,0.438,0.471,0.305,0.778,0.526,0.468,G,108.0,108.0,106.0,56.7,22.2,11.6,41.7,16.1,31.9,0,1
22,David West,2,28.2,5.5,11.1,5.5,10.9,0.1,0.2,2.5,3.0,1.7,4.6,6.4,2.2,0.7,0.8,1.6,2.3,13.6,0.495,0.499,0.265,0.817,0.544,0.498,F-C,85.9,109.0,104.0,27.6,18.6,13.1,13.6,11.4,23.1,0,0
23,Scott Wedman,2,28.6,5.7,11.8,5.6,11.5,0.1,0.3,1.7,2.1,1.7,3.1,4.8,2.0,0.9,0.3,1.0,2.8,13.2,0.481,0.485,0.335,0.794,0.515,0.485,F-G,53.7,107.0,104.0,10.5,14.2,9.0,9.9,9.8,20.5,0,0
24,Chris Webber,5,37.1,8.7,18.1,8.3,17.0,0.3,1.1,3.0,4.7,2.7,7.0,9.8,4.2,1.4,1.4,2.8,3.2,20.7,0.479,0.49,0.299,0.649,0.513,0.487,F-C,84.7,104.0,101.0,42.1,20.9,14.6,20.2,12.1,27.1,1,0
25,Kermit Washington,1,25.3,3.5,6.7,3.5,6.7,0.0,0.0,2.2,3.3,3.0,5.3,8.3,1.4,0.8,1.1,1.2,3.2,9.2,0.526,0.526,0.0,0.656,0.565,0.526,F-C,36.0,113.0,101.0,8.1,16.0,17.3,7.1,16.8,15.3,0,0
27,Bill Walton,2,28.3,5.5,10.5,5.5,10.5,0.0,0.0,2.4,3.6,2.4,8.2,10.5,3.4,0.8,2.2,1.8,2.8,13.3,0.521,0.521,0.0,0.66,0.551,0.521,C-F,39.3,103.0,96.0,21.3,20.0,19.8,17.1,20.6,20.6,1,1
29,Rasheed Wallace,4,32.7,5.7,12.2,4.7,9.3,1.0,2.9,2.1,2.9,1.4,5.3,6.7,1.8,1.0,1.3,1.5,2.9,14.4,0.467,0.508,0.336,0.721,0.536,0.507,F-C,105.1,107.0,101.0,38.3,17.0,12.1,9.6,10.2,21.3,0,0
30,Gerald Wallace,1,29.7,4.2,9.0,3.7,7.4,0.5,1.6,3.0,4.2,1.4,4.4,5.8,2.1,1.4,0.8,1.8,2.2,11.9,0.469,0.502,0.312,0.709,0.549,0.496,F,59.7,107.0,103.0,23.5,16.3,11.5,11.7,14.1,19.5,0,0
31,Ben Wallace,4,29.5,2.4,5.0,2.4,4.9,0.0,0.0,1.0,2.5,3.2,6.5,9.6,1.3,1.3,2.0,1.0,1.9,5.7,0.474,0.477,0.137,0.414,0.474,0.475,F-C,93.5,106.0,96.0,36.1,15.5,18.9,6.8,13.8,11.0,1,0
32,John Wall,5,34.9,6.8,15.7,5.8,12.6,1.0,3.1,4.2,5.4,0.6,3.6,4.2,8.9,1.6,0.7,3.7,2.2,18.7,0.43,0.457,0.322,0.776,0.517,0.462,G,44.5,104.0,107.0,24.1,19.0,6.7,41.8,17.1,27.6,0,0
33,Kemba Walker,4,33.1,6.7,15.9,4.4,9.7,2.2,6.2,3.8,4.5,0.6,3.2,3.8,5.3,1.2,0.4,2.1,1.5,19.3,0.418,0.455,0.36,0.84,0.539,0.488,G,59.9,109.0,110.0,29.8,19.1,6.3,27.8,10.5,26.9,0,0
36,Antoine Walker,3,35.3,6.8,16.5,5.3,11.7,1.6,4.8,2.3,3.7,2.1,5.6,7.7,3.5,1.2,0.5,2.8,2.8,17.5,0.414,0.45,0.325,0.633,0.484,0.461,F,38.1,97.0,105.0,18.0,16.0,12.5,18.4,13.4,26.5,0,0
37,Dwyane Wade,13,33.9,8.0,16.7,7.5,14.9,0.5,1.8,5.4,7.1,1.2,3.5,4.7,5.4,1.5,0.8,3.2,2.2,22.0,0.48,0.502,0.293,0.765,0.554,0.495,G,120.7,109.0,104.0,62.8,23.5,8.1,30.4,13.7,31.4,0,0
38,Nikola Vučević,2,31.1,7.3,14.7,6.5,12.3,0.8,2.4,1.6,2.1,2.5,8.0,10.5,2.8,0.9,0.9,1.7,2.4,17.0,0.496,0.524,0.35,0.763,0.544,0.524,C,66.5,109.0,106.0,27.3,20.3,18.6,15.6,10.0,24.7,0,0
39,Fred VanVleet,1,29.7,4.9,12.2,2.5,5.8,2.4,6.4,2.3,2.7,0.4,2.9,3.3,5.2,1.3,0.4,1.7,2.1,14.6,0.403,0.435,0.375,0.868,0.544,0.501,G,32.2,114.0,110.0,13.6,16.2,6.1,26.0,11.0,21.8,0,0
40,Kiki Vandeweghe,2,30.3,7.6,14.4,7.3,13.7,0.3,0.7,4.3,4.9,1.1,2.3,3.4,2.1,0.6,0.3,1.6,1.9,19.7,0.525,0.533,0.368,0.872,0.594,0.534,F,75.6,119.0,113.0,17.7,18.4,6.1,9.9,8.9,23.6,0,0
41,Norm Van Lier,3,35.1,4.4,10.7,4.4,10.7,0.0,0.0,2.9,3.7,0.7,1.7,4.8,7.0,1.0,0.1,0.3,3.6,11.8,0.414,0.414,0.0,0.78,0.476,0.414,G,47.8,101.0,98.0,6.2,14.0,6.9,27.0,26.9,12.1,0,0
42,Nick Van Exel,1,32.9,5.3,13.0,3.5,8.2,1.7,4.9,2.1,2.7,0.4,2.5,2.9,6.6,0.8,0.1,2.1,1.6,14.4,0.405,0.433,0.357,0.794,0.507,0.471,G,55.9,108.0,110.0,17.7,15.8,4.9,32.6,12.9,22.0,0,0
45,Wes Unseld,5,36.4,4.4,8.7,4.4,8.7,0.0,0.0,1.9,3.0,2.1,5.1,14.0,3.9,0.6,0.4,0.6,2.8,10.8,0.509,0.509,0.5,0.633,0.537,0.509,C-F,110.1,113.0,96.0,25.3,16.0,18.0,13.5,19.0,11.7,1,1
47,Kelly Tripucka,2,29.6,6.3,13.3,6.0,12.6,0.2,0.7,4.4,5.2,1.3,2.5,3.8,3.0,1.0,0.2,2.4,2.3,17.2,0.473,0.479,0.361,0.849,0.552,0.482,F-G,44.4,109.0,110.0,11.2,16.2,7.0,14.5,13.4,24.1,0,0
48,Karl-Anthony Towns,3,34.1,8.5,16.2,6.9,12.0,1.6,4.2,4.4,5.3,2.9,8.2,11.2,3.2,0.8,1.3,2.7,3.4,23.1,0.526,0.571,0.394,0.835,0.623,0.577,C-F,68.2,119.0,109.0,29.3,24.5,18.3,15.8,12.7,26.7,0,0
49,Andrew Toney,2,26.9,6.1,12.2,5.8,11.4,0.3,0.9,3.4,4.3,0.5,1.7,2.2,4.2,0.8,0.2,3.0,2.9,15.9,0.5,0.512,0.342,0.797,0.565,0.512,G,26.9,106.0,108.0,4.4,16.1,4.4,23.9,17.4,25.9,0,0
50,Rudy Tomjanovich,5,33.5,7.3,14.6,7.3,14.5,0.0,0.2,2.7,3.5,1.5,3.6,8.1,2.0,0.5,0.2,0.4,2.5,17.4,0.501,0.504,0.262,0.784,0.539,0.502,F,70.4,109.0,105.0,13.3,16.9,12.4,8.9,9.3,21.4,1,0
52,Otis Thorpe,1,31.7,5.5,10.0,5.5,10.0,0.0,0.1,3.1,4.5,2.7,5.5,8.2,2.2,0.7,0.4,2.2,3.3,14.0,0.546,0.548,0.047,0.687,0.584,0.546,F-C,106.4,112.0,107.0,19.1,16.0,14.6,10.6,15.6,19.2,0,0
53,Klay Thompson,5,32.9,7.4,16.3,4.3,8.8,3.1,7.4,1.9,2.2,0.5,3.1,3.5,2.3,0.9,0.5,1.7,2.1,19.7,0.455,0.488,0.416,0.851,0.573,0.55,G-F,51.1,109.0,109.0,15.7,16.2,5.9,11.2,9.0,25.1,0,0
54,David Thompson,4,32.0,8.3,16.4,8.2,16.3,0.0,0.2,5.5,7.1,1.4,2.3,3.8,3.2,0.9,0.8,2.2,2.5,22.1,0.504,0.506,0.277,0.778,0.566,0.505,G-F,50.8,111.0,107.0,16.8,19.7,6.1,15.4,12.3,26.5,1,0
55,Isiah Thomas,12,36.3,7.3,16.2,6.9,14.8,0.4,1.4,4.1,5.4,1.0,2.6,3.6,9.3,1.9,0.3,3.8,3.0,19.2,0.452,0.468,0.29,0.759,0.516,0.465,G,80.7,106.0,107.0,41.6,18.1,5.3,37.4,16.8,25.3,1,0
56,Isaiah Thomas,2,28.3,5.8,13.3,3.9,8.0,1.9,5.2,4.3,4.9,0.5,1.9,2.4,4.8,0.9,0.1,2.3,2.1,17.7,0.434,0.481,0.362,0.872,0.573,0.506,G,45.3,113.0,112.0,16.1,19.6,4.7,28.7,12.8,27.2,0,0
57,Reggie Theus,2,33.7,6.9,14.6,6.6,13.7,0.2,0.9,4.5,5.5,1.2,2.1,3.3,6.3,1.2,0.2,3.4,2.9,18.5,0.471,0.486,0.252,0.826,0.545,0.479,G,66.9,108.0,111.0,18.5,16.6,5.3,27.7,16.7,24.3,0,0
58,Jeff Teague,1,26.8,4.3,9.7,3.4,7.3,0.9,2.4,2.7,3.2,0.3,2.1,2.4,5.6,1.1,0.3,2.2,1.9,12.2,0.444,0.472,0.36,0.844,0.549,0.489,G,52.4,109.0,108.0,14.3,16.8,5.1,32.3,16.4,22.2,0,0
59,Jayson Tatum,4,34.0,7.9,17.2,5.4,10.7,2.4,6.5,4.3,5.1,0.9,6.1,7.0,3.3,1.1,0.7,2.3,2.1,22.4,0.457,0.508,0.374,0.847,0.578,0.528,F,44.5,113.0,108.0,19.4,19.6,11.2,16.0,10.5,27.7,0,0
60,Wally Szczerbiak,1,30.8,5.4,11.0,4.4,8.8,0.9,2.2,2.5,2.9,1.0,3.0,4.0,2.4,0.6,0.2,1.5,2.1,14.1,0.485,0.505,0.406,0.86,0.573,0.526,F,53.3,113.0,108.0,13.6,16.0,7.5,12.6,10.8,20.5,0,0
62,Amar'e Stoudemire,6,31.0,7.0,13.0,7.0,12.9,0.0,0.2,4.9,6.4,2.4,5.4,7.8,1.2,0.8,1.2,2.3,3.2,18.9,0.537,0.54,0.236,0.761,0.597,0.538,F-C,92.5,113.0,105.0,21.9,21.8,14.4,6.9,12.7,26.2,0,0
64,Peja Stojaković,3,33.5,6.0,13.3,3.8,7.9,2.2,5.5,2.8,3.1,0.9,3.8,4.7,1.8,0.9,0.1,1.4,1.7,17.0,0.45,0.484,0.401,0.895,0.577,0.532,F,82.6,114.0,106.0,26.2,17.1,7.8,8.6,8.4,21.5,0,0
65,John Stockton,10,31.8,4.7,9.1,4.1,7.6,0.6,1.5,3.2,3.9,0.6,2.1,2.7,10.5,2.2,0.2,2.8,2.6,13.1,0.515,0.541,0.384,0.826,0.608,0.546,G,207.7,121.0,104.0,106.5,21.8,5.0,50.2,20.8,18.9,1,0
66,John Starks,1,27.2,4.6,11.1,3.2,6.9,1.4,4.1,2.0,2.6,0.5,2.0,2.5,3.6,1.1,0.1,1.8,2.6,12.5,0.412,0.455,0.34,0.769,0.513,0.476,G,49.9,104.0,104.0,16.5,14.0,5.2,22.0,12.7,23.0,0,0
67,Jerry Stackhouse,2,31.2,5.6,13.6,4.5,10.3,1.0,3.3,4.8,5.8,1.0,2.2,3.2,3.3,0.9,0.5,2.7,1.9,16.9,0.409,0.441,0.309,0.822,0.524,0.446,G-F,52.4,103.0,108.0,17.4,16.5,5.8,19.4,14.4,27.3,0,0
68,Latrell Sprewell,4,38.6,6.7,15.7,5.4,12.1,1.2,3.6,3.8,4.7,0.8,3.2,4.1,4.0,1.4,0.4,2.7,1.8,18.3,0.425,0.451,0.337,0.804,0.516,0.464,G,56.3,103.0,108.0,21.0,15.1,6.1,17.6,13.1,23.8,0,0
69,Rik Smits,1,26.6,6.1,12.1,6.1,12.0,0.0,0.0,2.6,3.4,1.8,4.3,6.1,1.4,0.4,1.3,1.8,3.5,14.8,0.507,0.508,0.115,0.773,0.548,0.507,C,56.6,107.0,106.0,10.4,17.9,13.3,9.3,11.8,25.7,0,0
70,Steve Smith,1,30.6,4.9,11.1,3.7,7.7,1.2,3.4,3.3,3.8,1.2,2.1,3.2,3.1,0.8,0.3,1.8,2.4,14.3,0.44,0.476,0.358,0.845,0.556,0.494,G,83.7,114.0,108.0,24.6,16.1,6.2,17.1,12.4,21.7,0,0
71,Randy Smith,2,32.2,6.8,14.6,6.8,14.5,0.0,0.1,3.0,3.8,0.9,2.0,3.7,4.6,1.4,0.1,1.2,2.6,16.7,0.47,0.472,0.155,0.781,0.513,0.47,G-F,60.1,104.0,104.0,16.0,16.5,5.9,20.8,13.1,23.6,0,0
72,Phil Smith,2,29.1,6.1,12.8,6.1,12.7,0.0,0.1,2.9,3.7,0.9,2.1,3.0,3.9,1.1,0.3,1.5,2.5,15.1,0.476,0.478,0.253,0.779,0.523,0.477,G,41.1,103.0,104.0,9.9,15.8,5.4,19.0,14.4,22.4,0,0
75,Ben Simmons,3,32.9,6.0,10.8,6.0,10.7,0.0,0.1,2.6,4.5,1.8,6.0,7.8,7.5,1.6,0.7,3.2,2.9,14.7,0.56,0.565,0.139,0.591,0.578,0.561,G-F,32.6,113.0,106.0,14.1,19.1,12.9,34.1,20.2,20.7,0,0
76,Paul Silas,2,27.9,3.4,7.9,3.4,7.9,0.0,0.0,2.5,3.8,1.6,2.6,9.9,2.1,0.3,0.1,0.3,2.5,9.4,0.432,0.432,0.0,0.673,0.489,0.432,F-C,79.9,98.0,97.0,5.6,13.9,16.6,9.4,19.3,11.7,0,0
77,Jack Sikma,7,33.4,5.8,12.5,5.6,11.9,0.2,0.6,3.9,4.6,2.3,7.5,9.8,3.2,1.0,0.9,2.3,3.5,15.6,0.464,0.47,0.328,0.849,0.54,0.471,C-F,112.5,109.0,101.0,37.0,17.3,16.2,13.7,13.9,20.6,1,0
78,Pascal Siakam,2,30.6,6.4,13.2,5.4,10.1,1.0,3.1,3.1,4.0,1.5,5.1,6.5,3.5,0.9,0.7,1.9,2.8,16.9,0.487,0.536,0.328,0.772,0.567,0.525,F,40.2,114.0,109.0,14.2,18.0,11.7,18.2,11.2,23.6,0,0
80,Lonnie Shelton,1,27.5,5.1,10.3,5.1,10.3,0.0,0.0,1.8,2.4,2.1,4.0,6.1,2.2,1.1,0.8,1.9,3.8,12.0,0.492,0.493,0.097,0.738,0.524,0.492,F-C,37.5,102.0,102.0,7.9,14.2,11.9,11.1,16.0,19.5,0,0
86,Charlie Scott,3,34.4,7.3,16.5,7.3,16.5,0.0,0.0,3.2,4.2,0.8,2.2,3.6,4.8,1.1,0.3,1.2,3.7,17.9,0.444,0.444,0.182,0.772,0.487,0.444,G-F,26.9,93.0,103.0,2.1,14.5,5.3,20.7,19.0,19.3,1,0
88,Detlef Schrempf,3,29.6,4.8,9.7,4.3,8.6,0.4,1.1,3.9,4.9,1.6,4.5,6.2,3.4,0.8,0.3,2.0,3.0,13.9,0.491,0.505,0.384,0.803,0.586,0.513,F-C,109.5,117.0,107.0,32.4,17.2,12.0,17.2,14.4,20.3,0,0
92,Ralph Sampson,4,29.8,6.4,13.2,6.4,13.1,0.0,0.1,2.6,3.9,2.6,6.2,8.8,2.3,0.9,1.6,3.0,3.5,15.4,0.486,0.489,0.172,0.661,0.518,0.487,C-F,20.1,99.0,104.0,5.0,16.0,16.0,10.8,16.7,23.8,1,0
93,Domantas Sabonis,3,29.4,5.9,10.7,5.4,9.4,0.4,1.3,2.9,4.0,2.4,7.3,9.7,4.1,0.8,0.4,2.4,3.1,15.1,0.547,0.578,0.324,0.735,0.604,0.567,C-F,46.5,117.0,109.0,16.2,19.5,18.3,21.1,16.1,21.9,0,0
94,D'Angelo Russell,1,29.8,6.4,15.1,3.9,8.1,2.5,6.9,2.4,3.1,0.5,3.0,3.5,5.7,1.1,0.3,2.8,1.9,17.7,0.426,0.48,0.361,0.789,0.541,0.508,G,19.2,106.0,114.0,9.9,16.5,6.3,31.5,14.6,27.4,0,0
95,Cazzie Russell,1,27.2,6.3,13.7,6.3,13.7,0.0,0.0,2.5,3.0,0.4,0.8,3.8,2.2,0.3,0.0,0.0,2.1,15.1,0.464,0.464,0.0,0.827,0.506,0.464,F-G,51.7,102.0,103.0,3.3,15.8,6.3,12.1,9.6,18.6,0,0
96,Campy Russell,1,29.6,6.0,13.1,5.9,12.9,0.1,0.2,3.8,4.9,1.6,3.2,4.8,3.0,1.0,0.2,1.8,2.7,15.8,0.459,0.461,0.366,0.772,0.52,0.462,F,35.8,104.0,104.0,9.8,16.3,8.6,14.5,14.9,23.0,0,0
99,Jeff Ruland,2,33.4,6.3,11.2,6.3,11.2,0.0,0.1,4.7,6.5,3.3,6.9,10.2,3.0,0.8,0.8,3.7,3.7,17.4,0.564,0.566,0.158,0.718,0.615,0.564,C-F,34.3,109.0,102.0,11.5,18.7,17.0,13.8,20.6,22.3,0,0
100,Brandon Roy,3,35.5,6.8,14.9,5.8,12.0,1.0,2.8,4.2,5.2,1.1,3.2,4.3,4.7,1.0,0.2,1.8,1.9,18.8,0.459,0.485,0.348,0.8,0.548,0.492,G,37.4,115.0,110.0,16.3,20.0,7.3,23.9,9.6,25.3,0,0
101,Curtis Rowe,1,31.0,4.8,9.9,4.8,9.9,0.0,0.0,2.1,3.0,1.5,3.2,7.2,1.6,0.3,0.3,0.3,2.3,11.6,0.482,0.482,0.0,0.701,0.519,0.482,F,34.1,92.0,101.0,3.2,12.9,11.8,7.0,19.2,15.6,0,0
102,Dan Roundfield,3,31.4,5.7,11.9,5.7,11.8,0.0,0.1,3.7,5.0,3.3,6.4,9.7,2.2,0.9,1.5,2.4,3.4,15.2,0.485,0.487,0.115,0.738,0.54,0.485,F-C,65.2,107.0,101.0,20.0,18.1,16.6,10.4,15.8,21.5,0,0
103,Derrick Rose,3,31.0,6.9,15.2,6.1,12.6,0.8,2.6,3.0,3.6,0.8,2.5,3.3,5.3,0.8,0.3,2.5,1.2,17.7,0.456,0.485,0.315,0.831,0.527,0.483,G,44.2,107.0,110.0,18.3,18.1,5.8,30.3,12.7,27.7,0,1
104,Rajon Rondo,4,29.9,4.1,8.9,3.6,7.5,0.5,1.4,1.2,1.9,1.0,3.6,4.5,7.9,1.6,0.1,2.7,2.1,9.8,0.456,0.482,0.324,0.611,0.501,0.483,G,61.8,104.0,104.0,23.2,15.8,8.7,40.6,21.7,18.9,0,0
105,Dennis Rodman,2,31.7,3.0,5.8,2.9,5.4,0.1,0.4,1.2,2.0,4.8,8.4,13.1,1.8,0.7,0.6,1.6,3.1,7.3,0.521,0.542,0.231,0.584,0.546,0.529,F,89.8,114.0,100.0,21.0,14.6,23.4,7.6,19.5,11.4,1,0
108,Truck Robinson,2,32.6,6.2,12.9,6.2,12.9,0.0,0.0,3.1,4.6,2.6,6.8,9.4,1.7,0.7,0.7,2.1,2.9,15.5,0.483,0.483,1.0,0.662,0.52,0.483,F-C,52.7,100.0,100.0,6.1,14.9,15.4,7.8,15.3,21.3,0,0
109,Glenn Robinson,2,36.8,8.1,17.6,7.2,15.0,0.9,2.6,3.6,4.4,1.5,4.6,6.1,2.7,1.2,0.6,3.1,2.7,20.7,0.459,0.48,0.34,0.82,0.529,0.485,F,39.8,102.0,107.0,13.5,17.5,9.8,13.8,13.8,28.1,0,0
111,David Robinson,10,34.7,7.5,14.4,7.4,14.3,0.0,0.1,6.1,8.3,3.1,7.5,10.6,2.5,1.4,3.0,2.4,2.9,21.1,0.518,0.52,0.25,0.736,0.583,0.519,C,178.7,116.0,96.0,81.9,26.2,17.3,12.4,11.9,26.2,1,1
112,Clifford Robinson,1,30.8,5.4,12.2,4.4,9.7,0.9,2.5,2.6,3.7,1.3,3.2,4.6,2.2,1.0,1.0,1.8,3.0,14.2,0.438,0.459,0.356,0.689,0.512,0.475,F-C,89.7,103.0,103.0,26.6,14.5,8.4,12.1,11.6,22.3,0,0
114,Alvin Robertson,4,31.7,5.7,11.9,5.4,10.8,0.3,1.0,2.3,3.1,2.1,3.1,5.2,5.0,2.7,0.4,2.7,3.4,14.0,0.477,0.494,0.295,0.743,0.527,0.49,G,52.1,106.0,106.0,28.3,17.0,9.4,23.1,17.0,20.7,0,0
115,Doc Rivers,1,27.3,3.8,8.6,3.4,7.3,0.4,1.3,2.8,3.6,0.7,2.3,3.0,5.7,1.8,0.4,1.9,3.1,10.9,0.444,0.465,0.328,0.784,0.534,0.469,G,68.2,112.0,105.0,30.5,16.6,6.2,29.2,15.8,18.6,0,0
117,Mitch Richmond,6,35.2,7.5,16.4,6.1,12.9,1.4,3.5,4.7,5.5,0.9,3.0,3.9,3.5,1.2,0.3,2.6,2.6,21.0,0.455,0.474,0.388,0.85,0.557,0.497,G,79.3,110.0,110.0,29.3,17.6,6.1,16.7,12.3,26.0,1,0
118,Micheal Ray Richardson,4,33.4,6.1,13.5,5.9,12.4,0.2,1.0,2.3,3.4,1.8,3.7,5.5,7.0,2.6,0.4,3.3,3.3,14.8,0.457,0.477,0.22,0.69,0.497,0.465,G-F,35.2,101.0,103.0,21.2,16.9,9.2,28.7,18.3,21.8,0,0
119,Glen Rice,3,35.0,6.8,14.9,5.2,11.0,1.6,3.9,3.2,3.8,0.9,3.4,4.4,2.1,1.0,0.3,1.7,2.4,18.3,0.456,0.476,0.4,0.846,0.554,0.508,F,88.7,112.0,109.0,24.9,16.2,7.2,10.2,9.5,23.1,0,0
122,Michael Redd,1,32.0,6.7,15.0,5.0,10.6,1.7,4.4,4.0,4.8,1.0,2.8,3.8,2.1,0.9,0.1,1.5,1.6,19.0,0.447,0.475,0.38,0.838,0.558,0.503,G,55.9,113.0,111.0,21.4,19.5,7.0,12.1,8.2,26.5,0,0
123,Theo Ratliff,1,25.3,2.7,5.5,2.7,5.5,0.0,0.0,1.7,2.4,1.9,3.8,5.7,0.6,0.5,2.4,1.2,2.8,7.2,0.496,0.496,0.0,0.71,0.546,0.496,C-F,47.9,106.0,101.0,10.3,14.3,13.0,3.7,15.8,14.1,0,0
124,Zach Randolph,2,31.0,6.7,14.1,6.5,13.5,0.2,0.7,3.1,4.1,2.9,6.2,9.1,1.8,0.7,0.3,2.1,2.4,16.6,0.471,0.481,0.273,0.764,0.522,0.478,F-C,81.1,106.0,106.0,18.8,19.3,17.3,10.9,11.4,26.6,0,0
125,Julius Randle,2,31.7,6.8,14.5,5.7,11.1,1.1,3.3,4.0,5.3,2.0,7.4,9.4,3.6,0.7,0.4,2.8,3.1,18.7,0.47,0.51,0.336,0.745,0.556,0.509,F-C,39.7,109.0,110.0,13.6,18.1,15.9,18.9,14.1,26.6,0,0
126,Mark Price,4,29.9,5.5,11.6,4.1,8.2,1.4,3.4,3.0,3.3,0.6,2.0,2.6,6.7,1.2,0.1,2.5,1.3,15.2,0.472,0.501,0.402,0.904,0.586,0.53,G,71.1,116.0,109.0,31.1,19.6,4.9,36.1,16.0,22.8,0,0
127,Jim Price,1,25.1,4.2,9.4,4.2,9.4,0.0,0.0,1.6,2.0,0.8,2.1,3.1,3.7,1.4,0.2,0.5,2.7,10.0,0.444,0.444,0.0,0.815,0.485,0.444,G,19.7,97.0,99.0,4.7,13.7,6.1,20.2,19.9,17.1,0,0
128,Kristaps Porziņģis,1,31.1,6.9,15.3,5.1,10.2,1.8,5.1,3.9,4.7,1.7,6.2,7.9,1.8,0.7,1.8,1.7,3.0,19.6,0.453,0.5,0.359,0.827,0.563,0.512,F-C,34.9,112.0,108.0,13.0,20.4,14.0,9.3,9.0,27.0,0,0
129,Terry Porter,2,27.8,4.3,9.2,3.2,6.6,1.0,2.6,2.7,3.2,0.6,2.5,3.0,5.6,1.2,0.1,2.1,1.7,12.2,0.463,0.493,0.386,0.836,0.576,0.518,G,110.4,115.0,107.0,43.3,17.2,6.1,29.0,16.4,19.1,0,0
131,Scottie Pippen,7,34.9,6.3,13.3,5.5,10.8,0.8,2.5,2.7,3.8,1.8,4.6,6.4,5.2,2.0,0.8,2.8,2.8,16.1,0.473,0.507,0.326,0.704,0.536,0.504,F-G,125.1,108.0,102.0,63.2,18.6,10.6,23.1,15.6,22.5,1,0
132,Ricky Pierce,1,24.4,5.6,11.3,5.3,10.3,0.3,0.9,3.5,4.0,0.9,1.5,2.4,1.9,0.8,0.2,1.5,2.3,14.9,0.493,0.509,0.322,0.875,0.573,0.507,G,72.2,116.0,110.0,18.6,17.7,5.6,12.4,10.3,25.0,0,0
133,Paul Pierce,10,34.2,6.5,14.5,4.9,10.2,1.6,4.3,5.2,6.4,0.8,4.8,5.6,3.5,1.3,0.6,2.6,2.7,19.7,0.445,0.478,0.368,0.806,0.568,0.5,F-G,150.0,109.0,103.0,65.5,19.7,9.6,18.7,13.2,26.8,1,0
137,Gary Payton,9,35.3,6.5,14.0,5.7,11.3,0.8,2.7,2.4,3.4,1.0,2.9,3.9,6.7,1.8,0.2,2.3,2.4,16.3,0.466,0.501,0.317,0.729,0.528,0.496,G,145.5,111.0,106.0,62.5,18.9,6.5,31.9,12.8,22.5,1,0
138,Jim Paxson,2,27.2,5.8,11.6,5.7,11.1,0.1,0.6,2.6,3.2,0.7,1.4,2.0,2.9,1.2,0.1,1.5,1.8,14.3,0.498,0.511,0.225,0.807,0.547,0.503,G-F,53.7,113.0,109.0,13.3,16.1,4.2,15.4,10.1,21.5,0,0
139,Chris Paul,12,34.4,6.3,13.4,5.0,9.8,1.3,3.7,3.9,4.5,0.6,3.9,4.5,9.5,2.1,0.2,2.4,2.4,17.9,0.472,0.51,0.368,0.87,0.582,0.522,G,204.6,123.0,106.0,96.0,24.4,7.5,45.0,13.4,23.5,0,0
140,Tony Parker,6,30.5,6.2,12.6,5.8,11.3,0.4,1.3,2.7,3.6,0.4,2.4,2.7,5.6,0.8,0.1,2.3,1.6,15.5,0.491,0.51,0.324,0.751,0.546,0.508,G,111.3,109.0,105.0,30.1,18.2,5.1,32.2,13.8,25.1,0,0
141,Robert Parish,9,28.4,6.0,11.1,6.0,11.1,0.0,0.0,2.5,3.5,2.9,6.3,9.1,1.4,0.8,1.5,2.0,2.8,14.5,0.537,0.537,0.0,0.721,0.571,0.537,C,147.0,111.0,102.0,40.7,19.2,17.9,6.9,13.9,21.5,1,0
142,Hakeem Olajuwon,12,35.7,8.7,17.0,8.7,16.9,0.0,0.1,4.4,6.2,3.3,7.8,11.1,2.5,1.7,3.1,3.0,3.5,21.8,0.512,0.514,0.202,0.712,0.553,0.513,C,162.8,108.0,98.0,74.2,23.6,17.2,12.1,13.1,27.1,1,1
143,Victor Oladipo,2,32.3,6.2,14.2,4.6,9.5,1.6,4.6,2.9,3.7,0.6,3.9,4.5,3.9,1.6,0.5,2.5,2.4,16.8,0.436,0.48,0.345,0.79,0.533,0.492,G,25.5,103.0,107.0,10.8,16.0,7.7,19.6,13.7,25.1,0,0
144,Mehmet Okur,1,29.1,4.8,10.4,3.8,7.9,0.9,2.5,3.0,3.8,2.0,5.0,7.0,1.7,0.5,0.7,1.6,2.9,13.5,0.458,0.484,0.375,0.797,0.558,0.503,C-F,54.7,112.0,105.0,14.5,17.1,14.5,10.1,11.4,21.4,0,0
146,Charles Oakley,1,31.4,3.8,8.0,3.7,7.8,0.1,0.2,2.1,2.7,3.1,6.5,9.5,2.5,1.1,0.3,2.2,3.4,9.7,0.471,0.477,0.253,0.761,0.526,0.474,F-C,89.7,105.0,102.0,15.4,13.4,17.3,11.9,19.1,15.8,0,0
147,Shaquille O'Neal,15,34.7,9.4,16.1,9.4,16.1,0.0,0.0,4.9,9.3,3.5,7.4,10.9,2.5,0.6,2.3,2.7,3.4,23.7,0.582,0.583,0.045,0.527,0.586,0.582,C,181.7,113.0,101.0,75.5,26.4,17.8,13.9,11.9,29.5,1,1
148,Jermaine O'Neal,6,27.1,5.1,10.9,5.1,10.8,0.0,0.1,3.0,4.2,2.0,5.2,7.2,1.4,0.5,1.8,1.9,2.9,13.2,0.467,0.469,0.147,0.715,0.517,0.467,C-F,66.0,102.0,100.0,15.6,17.9,15.3,9.5,12.7,24.8,0,0
149,Dirk Nowitzki,14,33.8,7.3,15.6,6.0,12.2,1.3,3.4,4.8,5.4,1.0,6.6,7.5,2.4,0.8,0.8,1.6,2.4,20.7,0.471,0.496,0.38,0.879,0.577,0.512,F,206.3,116.0,104.0,84.8,22.4,12.7,12.6,8.4,26.5,0,1
151,Joakim Noah,2,27.7,3.3,6.8,3.3,6.8,0.0,0.0,2.1,2.9,3.2,5.8,9.0,2.8,0.8,1.3,1.7,2.8,8.8,0.491,0.493,0.0,0.7,0.54,0.491,C,61.9,112.0,100.0,20.9,17.6,18.2,16.1,17.2,16.0,0,0
152,Norm Nixon,2,35.5,6.8,14.1,6.7,13.6,0.1,0.4,2.0,2.6,0.6,2.0,2.6,8.3,1.5,0.1,3.1,2.6,15.7,0.483,0.489,0.294,0.772,0.517,0.488,G,47.6,106.0,109.0,10.2,15.3,4.0,31.3,16.9,20.6,0,0
153,Jameer Nelson,1,27.9,4.3,9.9,3.0,6.3,1.3,3.6,1.4,1.7,0.5,2.5,3.0,5.1,0.9,0.1,2.1,2.5,11.3,0.436,0.474,0.368,0.81,0.532,0.502,G,48.3,107.0,109.0,11.6,14.4,6.1,30.1,16.4,20.7,0,0
155,Calvin Natt,1,31.4,6.7,12.7,6.7,12.5,0.0,0.1,3.8,4.9,2.3,4.5,6.8,2.2,0.9,0.3,2.1,2.3,17.2,0.528,0.531,0.219,0.768,0.579,0.529,F,57.2,114.0,107.0,15.4,17.9,11.8,9.8,12.4,21.3,0,0
156,Steve Nash,8,31.3,5.2,10.6,3.8,7.4,1.4,3.2,2.5,2.8,0.5,2.5,3.0,8.5,0.7,0.1,2.9,1.6,14.3,0.49,0.518,0.428,0.904,0.605,0.556,G,129.7,118.0,111.0,48.2,20.0,5.4,41.5,19.5,21.0,1,1
157,Larry Nance,3,33.4,6.9,12.7,6.9,12.6,0.0,0.1,3.2,4.2,2.5,5.5,8.0,2.6,0.9,2.2,1.9,2.9,17.1,0.546,0.548,0.145,0.755,0.586,0.546,F-C,109.6,116.0,104.0,43.5,19.9,13.6,11.8,11.3,20.6,0,0
158,Dikembe Mutombo,8,30.8,3.5,6.7,3.5,6.7,0.0,0.0,2.8,4.1,3.2,7.1,10.3,1.0,0.4,2.8,1.8,2.8,9.8,0.518,0.518,0.0,0.684,0.573,0.518,C,117.0,111.0,99.0,33.9,17.2,19.1,5.3,17.5,15.0,1,0
159,Dejounte Murray,1,27.7,5.6,12.4,4.8,9.7,0.9,2.7,1.7,2.2,1.0,4.9,5.9,5.0,1.4,0.3,1.9,1.8,13.9,0.456,0.488,0.337,0.783,0.521,0.492,G,20.8,108.0,110.0,9.8,17.4,11.4,27.3,12.5,23.7,0,0
160,Calvin Murphy,1,30.5,7.2,15.0,7.2,14.9,0.0,0.1,3.4,3.9,0.5,1.0,2.1,4.4,1.2,0.1,0.8,3.2,17.9,0.482,0.484,0.139,0.892,0.536,0.483,G,84.1,109.0,107.0,15.8,18.0,3.5,21.6,9.9,25.2,1,0
162,Chris Mullin,5,32.6,6.8,13.4,6.0,11.3,0.8,2.2,3.7,4.2,1.0,3.1,4.1,3.5,1.6,0.6,2.3,2.1,18.2,0.509,0.533,0.384,0.865,0.594,0.54,F-G,93.1,115.0,110.0,41.6,18.8,6.9,16.5,13.3,22.2,1,0
163,Alonzo Mourning,7,31.0,6.1,11.6,6.1,11.5,0.0,0.1,4.8,7.0,2.6,5.9,8.5,1.1,0.5,2.8,2.6,3.4,17.1,0.527,0.53,0.247,0.692,0.583,0.529,C-F,89.7,108.0,100.0,27.4,21.2,15.9,6.7,15.2,25.6,1,0
164,Ja Morant,2,32.2,8.2,17.4,6.9,13.4,1.3,3.9,4.9,6.5,1.0,3.8,4.8,7.4,1.0,0.3,3.3,1.6,22.5,0.472,0.516,0.322,0.754,0.557,0.508,G,19.6,112.0,113.0,9.6,20.4,7.8,35.9,14.1,30.4,0,0
165,Earl Monroe,4,32.0,7.5,16.1,7.5,16.1,0.0,0.0,3.9,4.9,0.3,1.1,3.0,3.9,0.5,0.1,0.3,2.6,18.8,0.464,0.464,0.0,0.807,0.517,0.464,G,77.4,107.0,103.0,9.8,17.2,4.4,17.5,11.3,23.6,1,0
166,Sidney Moncrief,5,30.2,5.4,10.7,5.2,10.2,0.1,0.5,4.7,5.6,1.9,2.8,4.7,3.6,1.2,0.3,2.0,2.1,15.6,0.502,0.513,0.284,0.831,0.591,0.509,G,90.3,119.0,105.0,33.1,18.7,8.6,17.0,13.3,20.6,1,0
168,Steve Mix,1,23.9,4.1,8.2,4.1,8.1,0.0,0.0,2.5,3.1,1.7,3.2,5.3,1.8,1.1,0.2,0.7,2.2,10.6,0.498,0.499,0.286,0.803,0.558,0.499,F,57.6,113.0,99.0,17.1,16.2,11.1,10.4,13.8,20.3,0,0
169,Mike Mitchell,1,32.3,8.4,17.0,8.4,16.9,0.0,0.1,3.0,3.8,2.0,3.6,5.6,1.3,0.7,0.5,1.7,2.7,19.8,0.493,0.495,0.216,0.779,0.529,0.494,F,50.2,109.0,111.0,5.2,16.7,9.4,6.2,8.4,25.1,0,0
170,Donovan Mitchell,4,34.0,8.7,19.6,5.8,11.6,2.9,8.0,4.1,4.8,0.8,3.4,4.2,4.5,1.3,0.3,2.8,2.5,24.5,0.447,0.503,0.364,0.84,0.563,0.521,G,37.3,110.0,109.0,17.8,19.5,6.8,22.7,11.3,31.5,0,0
171,Yao Ming,8,32.5,7.0,13.3,7.0,13.2,0.0,0.0,5.1,6.1,2.5,6.7,9.2,1.6,0.4,1.9,2.7,3.3,19.0,0.524,0.525,0.2,0.833,0.596,0.525,C,65.9,112.0,99.0,20.7,23.0,16.5,9.6,14.5,26.8,1,0
172,Paul Millsap,4,28.1,5.0,10.3,4.5,8.8,0.5,1.5,2.8,3.9,2.2,4.9,7.1,2.2,1.2,1.0,1.7,3.0,13.4,0.489,0.513,0.341,0.736,0.559,0.513,F,95.4,111.0,104.0,29.9,18.7,14.5,12.6,12.3,21.7,0,0
173,Reggie Miller,5,34.3,5.9,12.6,4.1,7.9,1.8,4.7,4.5,5.1,0.6,2.4,3.0,3.0,1.1,0.2,1.7,2.0,18.2,0.471,0.516,0.395,0.888,0.614,0.544,G-F,174.4,121.0,109.0,66.1,18.4,5.1,14.4,10.5,21.6,1,0
174,Brad Miller,2,28.3,4.0,8.3,3.7,7.6,0.2,0.7,3.0,3.8,2.0,5.2,7.1,2.8,0.7,0.7,1.6,2.7,11.2,0.48,0.494,0.33,0.804,0.564,0.494,C-F,76.5,114.0,105.0,23.2,17.5,14.5,16.3,13.7,18.4,0,0
178,Khris Middleton,3,31.5,6.2,13.5,4.3,8.7,1.9,4.8,2.8,3.2,0.6,4.2,4.8,3.8,1.2,0.2,2.1,2.5,17.0,0.458,0.496,0.388,0.881,0.572,0.526,F-G,52.5,111.0,109.0,14.8,16.7,8.4,18.9,12.4,23.5,0,0
180,Kevin McHale,7,31.0,7.0,12.7,7.0,12.5,0.0,0.2,3.7,4.7,2.4,4.9,7.3,1.7,0.4,1.7,1.9,2.8,17.9,0.554,0.558,0.261,0.798,0.605,0.555,F-C,113.0,118.0,106.0,34.3,20.0,13.2,8.1,11.7,22.4,1,0
182,Tracy McGrady,7,32.7,7.2,16.4,6.0,13.0,1.2,3.4,4.1,5.5,1.4,4.2,5.6,4.4,1.2,0.9,2.2,1.8,19.6,0.435,0.461,0.338,0.746,0.519,0.47,G-F,97.3,108.0,104.0,55.7,22.1,9.8,26.3,10.3,29.3,1,0
184,George McGinnis,3,30.7,6.4,14.3,6.4,14.3,0.0,0.0,4.4,6.7,3.0,6.8,9.8,3.8,1.7,0.4,2.4,3.8,17.2,0.448,0.449,0.08,0.651,0.498,0.448,F-C,36.2,97.0,97.0,13.1,18.6,16.4,18.1,18.7,25.7,1,0
185,Antonio McDyess,1,27.6,5.0,10.0,5.0,10.0,0.0,0.1,2.1,3.1,2.4,5.1,7.5,1.3,0.8,1.1,1.6,3.0,12.0,0.497,0.499,0.117,0.67,0.529,0.497,F-C,69.8,106.0,103.0,13.2,17.2,15.7,8.1,12.3,21.4,0,0
186,Xavier McDaniel,1,29.0,6.5,13.4,6.4,13.1,0.1,0.3,2.5,3.5,2.4,3.7,6.1,2.0,0.9,0.5,2.2,2.9,15.6,0.485,0.491,0.261,0.718,0.522,0.489,F,47.8,106.0,108.0,9.6,16.1,11.9,11.0,12.7,24.5,0,0
187,Bob McAdoo,5,33.2,8.7,17.3,8.7,17.3,0.0,0.0,4.6,6.1,2.1,6.5,9.4,2.3,0.9,1.3,1.4,3.2,22.1,0.503,0.504,0.081,0.754,0.551,0.503,C-F,89.1,104.0,100.0,27.2,20.7,14.7,10.5,14.3,25.8,1,1
188,Anthony Mason,1,34.7,4.1,8.0,4.1,8.0,0.0,0.0,2.8,4.0,2.2,6.1,8.3,3.4,0.7,0.3,1.8,2.7,10.9,0.509,0.51,0.167,0.709,0.563,0.51,F,88.3,114.0,104.0,23.2,14.6,13.9,15.2,15.3,15.2,0,0
189,Jamal Mashburn,1,37.3,7.0,16.7,5.7,13.1,1.3,3.6,3.8,5.0,1.1,4.2,5.4,4.0,1.0,0.2,2.6,2.5,19.1,0.418,0.439,0.345,0.766,0.504,0.456,F,43.7,103.0,106.0,13.4,15.7,8.2,19.3,12.1,25.8,0,0
191,Kenyon Martin,1,30.6,5.1,10.6,5.0,10.2,0.1,0.4,2.0,3.2,1.7,5.1,6.8,1.9,1.2,1.1,1.7,3.3,12.3,0.483,0.492,0.234,0.629,0.513,0.487,F,48.0,101.0,101.0,12.1,15.0,12.8,10.6,12.7,20.2,0,0
192,Lauri Markkanen,1,30.6,6.0,13.2,3.6,6.8,2.4,6.4,2.9,3.3,1.3,5.9,7.1,1.4,0.7,0.5,1.4,1.9,17.3,0.455,0.534,0.371,0.858,0.588,0.545,F-C,24.8,114.0,112.0,7.3,16.9,12.6,7.0,8.6,22.6,0,0
193,Shawn Marion,4,34.5,6.3,12.9,5.6,10.9,0.7,2.1,2.0,2.5,2.3,6.3,8.7,1.9,1.5,1.1,1.5,2.2,15.2,0.484,0.513,0.331,0.81,0.542,0.51,F,124.9,110.0,102.0,47.6,18.8,14.3,9.1,9.7,20.4,0,0
195,Stephon Marbury,2,37.7,6.8,15.7,5.6,12.1,1.2,3.6,4.5,5.7,0.7,2.3,3.0,7.6,1.2,0.1,3.0,2.4,19.3,0.433,0.465,0.325,0.784,0.528,0.47,G,77.5,108.0,110.0,30.7,18.7,4.5,36.1,14.2,25.4,0,0
196,Pete Maravich,5,37.0,9.4,21.3,9.4,21.3,0.0,0.0,5.4,6.6,0.6,2.2,4.2,5.4,0.9,0.2,0.8,2.8,24.2,0.441,0.441,0.667,0.82,0.5,0.441,G,46.7,96.0,102.0,8.9,18.4,5.5,23.1,14.5,29.2,1,0
197,Danny Manning,2,27.4,5.7,11.1,5.6,10.9,0.0,0.2,2.6,3.5,1.7,3.5,5.2,2.3,1.1,0.9,2.1,3.3,14.0,0.511,0.517,0.206,0.729,0.552,0.513,F-C,55.1,106.0,106.0,18.4,16.9,10.8,13.8,14.2,23.1,0,0
198,Moses Malone,12,33.9,7.1,14.5,7.1,14.4,0.0,0.1,6.4,8.3,5.1,7.1,12.2,1.4,0.8,1.3,2.9,2.3,20.6,0.491,0.492,0.1,0.769,0.569,0.491,C-F,167.1,114.0,105.0,42.4,22.3,19.8,6.0,14.1,25.6,1,1
199,Karl Malone,14,37.2,9.2,17.8,9.1,17.5,0.1,0.2,6.6,8.9,2.4,7.7,10.1,3.6,1.4,0.8,3.1,3.1,25.0,0.516,0.519,0.274,0.742,0.577,0.518,F,234.6,113.0,101.0,99.0,23.9,16.0,17.6,12.4,29.4,1,1
200,Jeff Malone,2,32.8,7.8,16.2,7.7,15.9,0.1,0.4,3.3,3.7,0.6,2.0,2.6,2.4,0.6,0.1,1.7,1.9,19.0,0.484,0.489,0.268,0.871,0.533,0.487,G,54.2,108.0,111.0,4.0,15.2,4.4,12.0,8.7,25.1,0,0
201,Dan Majerle,3,31.6,4.1,9.6,2.7,5.6,1.4,4.0,1.7,2.4,1.2,3.3,4.5,2.9,1.3,0.4,1.2,2.0,11.4,0.431,0.482,0.358,0.741,0.538,0.505,G-F,78.5,114.0,106.0,29.7,13.8,8.1,13.3,9.9,16.2,0,0
204,Maurice Lucas,4,29.0,5.7,12.0,5.7,12.0,0.0,0.0,3.0,4.0,2.5,6.3,8.8,2.3,0.7,0.6,2.1,3.4,14.4,0.473,0.474,0.111,0.763,0.523,0.473,F-C,58.7,104.0,102.0,10.6,16.3,16.8,11.4,15.0,22.1,0,0
206,Kyle Lowry,6,31.9,4.7,11.1,2.8,5.8,1.9,5.3,3.3,4.1,0.8,3.6,4.4,6.3,1.3,0.3,2.3,2.7,14.6,0.424,0.475,0.367,0.815,0.569,0.511,G,107.7,115.0,108.0,42.6,17.8,7.8,30.4,15.4,21.3,0,0
208,Kevin Love,5,30.2,5.6,12.7,3.8,7.9,1.8,4.8,4.0,4.8,2.5,7.9,10.4,2.3,0.6,0.4,1.9,2.0,17.0,0.439,0.481,0.37,0.83,0.571,0.509,F,91.0,115.0,107.0,34.8,20.9,19.3,12.7,11.1,24.4,0,0
210,Brook Lopez,1,30.2,6.3,12.6,5.4,10.2,0.8,2.4,3.0,3.8,2.0,4.2,6.3,1.4,0.6,1.8,1.7,2.7,16.4,0.496,0.532,0.346,0.795,0.573,0.529,C,79.2,112.0,108.0,24.1,19.1,11.5,8.2,10.5,23.4,0,0
211,Damian Lillard,7,36.3,8.2,18.6,5.1,10.3,3.1,8.3,5.8,6.4,0.6,3.6,4.2,6.7,1.0,0.3,2.8,1.9,25.2,0.439,0.494,0.372,0.895,0.588,0.523,G,103.4,118.0,113.0,48.6,22.6,6.4,31.0,11.7,29.2,0,0
212,Reggie Lewis,1,32.6,7.1,14.6,7.0,14.3,0.1,0.3,3.3,4.0,1.3,3.0,4.3,2.6,1.3,0.9,1.6,2.8,17.6,0.488,0.494,0.2,0.824,0.538,0.49,G-F,38.9,112.0,108.0,12.4,17.1,7.4,11.6,8.8,23.3,0,0
213,Rashard Lewis,2,32.0,5.4,11.9,3.7,7.5,1.7,4.4,2.4,3.0,1.4,3.8,5.2,1.7,1.1,0.5,1.5,2.3,14.9,0.452,0.491,0.386,0.805,0.563,0.524,F,90.9,112.0,107.0,33.1,16.8,9.5,8.9,10.2,21.1,0,0
214,Fat Lever,2,31.7,5.6,12.6,5.4,11.9,0.2,0.7,2.4,3.1,1.9,4.1,6.0,6.2,2.2,0.3,2.0,2.4,13.9,0.447,0.455,0.31,0.771,0.496,0.455,G,61.2,109.0,105.0,32.1,17.8,10.1,26.4,12.3,19.7,0,0
215,Kawhi Leonard,5,31.5,7.0,14.2,5.5,10.3,1.5,4.0,4.0,4.6,1.2,5.2,6.4,3.0,1.7,0.6,1.6,1.7,19.6,0.495,0.537,0.387,0.859,0.602,0.549,F,89.8,119.0,102.0,43.6,23.4,11.4,15.8,9.1,25.2,0,0
216,David Lee,2,29.3,5.5,10.3,5.5,10.3,0.0,0.0,2.5,3.2,2.6,6.2,8.8,2.2,0.8,0.4,1.8,2.6,13.5,0.535,0.537,0.034,0.772,0.577,0.536,F,76.0,114.0,106.0,19.2,19.1,17.0,12.6,13.0,20.6,0,0
218,Zach LaVine,2,32.4,7.3,15.7,5.1,9.9,2.2,5.8,3.7,4.4,0.5,3.5,4.0,3.9,0.9,0.3,2.7,2.2,20.5,0.465,0.511,0.385,0.833,0.58,0.536,G-F,30.2,109.0,114.0,12.0,17.4,6.9,20.2,13.1,27.4,0,0
220,Bob Lanier,8,33.5,8.1,15.7,8.1,15.7,0.0,0.0,3.9,5.1,1.9,5.1,10.1,3.1,0.8,1.1,1.2,3.2,20.1,0.514,0.515,0.154,0.767,0.559,0.514,C,117.1,111.0,98.0,39.4,21.7,15.6,14.4,14.9,22.6,1,0
221,Bill Laimbeer,4,31.8,5.2,10.5,5.0,9.9,0.2,0.6,2.3,2.7,2.6,7.1,9.7,2.0,0.7,0.9,1.5,3.4,12.9,0.498,0.508,0.326,0.837,0.552,0.507,C,105.6,115.0,104.0,29.3,16.1,16.7,8.9,11.3,16.9,0,0
222,Christian Laettner,1,29.7,4.6,9.7,4.5,9.3,0.1,0.4,3.4,4.2,1.9,4.8,6.7,2.6,1.1,0.8,2.2,3.2,12.8,0.48,0.49,0.261,0.82,0.557,0.486,F-C,64.9,108.0,105.0,19.5,16.9,13.3,14.9,16.2,21.0,0,0
223,Sam Lacey,1,31.8,4.3,9.7,4.3,9.7,0.0,0.0,1.7,2.4,1.6,5.2,9.7,3.7,1.0,1.2,1.0,3.5,10.3,0.441,0.442,0.188,0.738,0.48,0.441,C,50.9,98.0,96.0,25.9,14.2,15.7,15.6,23.0,14.9,0,0
224,Kyle Korver,1,25.3,3.3,7.5,1.3,2.9,2.0,4.6,1.1,1.2,0.3,2.7,3.0,1.7,0.7,0.3,1.0,2.0,9.7,0.442,0.464,0.429,0.877,0.602,0.574,G-F,73.4,113.0,107.0,20.7,12.8,6.7,10.4,11.5,16.2,0,0
226,Billy Knight,2,27.4,6.1,12.0,6.0,11.8,0.1,0.2,3.6,4.3,1.7,2.8,4.5,2.1,0.9,0.1,1.9,1.8,15.7,0.506,0.51,0.274,0.83,0.568,0.508,G-F,48.5,110.0,107.0,13.4,17.7,8.7,11.6,14.5,22.5,0,0
227,Andrei Kirilenko,1,30.0,3.9,8.3,3.5,6.8,0.5,1.5,3.5,4.6,1.8,3.7,5.5,2.7,1.4,1.8,1.9,2.0,11.8,0.474,0.51,0.31,0.754,0.571,0.502,F,75.4,112.0,103.0,41.7,18.7,11.0,14.7,15.5,18.6,0,0
229,Bernard King,4,33.7,9.0,17.3,8.9,17.1,0.0,0.2,4.5,6.2,1.9,3.8,5.8,3.3,1.0,0.3,3.2,3.3,22.5,0.518,0.521,0.172,0.73,0.561,0.519,F,75.4,108.0,107.0,27.0,19.2,9.4,16.0,13.8,27.8,1,0
230,Jason Kidd,10,36.0,4.5,11.2,3.0,7.1,1.4,4.1,2.2,2.8,1.3,5.0,6.3,8.7,1.9,0.3,2.9,1.8,12.6,0.4,0.429,0.349,0.785,0.507,0.464,G,138.6,107.0,102.0,73.5,17.9,10.0,38.5,18.8,19.2,1,0
232,Larry Kenon,2,30.8,7.1,14.5,7.1,14.5,0.0,0.0,2.8,3.5,2.7,5.1,7.8,2.6,1.3,0.3,2.2,2.1,17.0,0.489,0.489,0.1,0.798,0.529,0.489,F,36.5,104.0,103.0,9.5,17.6,13.5,11.6,14.5,23.5,0,0
233,Shawn Kemp,6,27.9,5.2,10.7,5.2,10.6,0.0,0.1,4.1,5.5,2.9,5.5,8.4,1.6,1.1,1.2,2.6,3.6,14.6,0.488,0.49,0.277,0.741,0.555,0.49,F-C,89.5,106.0,100.0,19.4,19.1,17.8,9.8,16.7,25.0,0,0
235,Chris Kaman,1,26.7,4.7,9.6,4.7,9.5,0.0,0.0,1.8,2.5,2.0,5.6,7.6,1.3,0.4,1.3,2.1,2.7,11.2,0.489,0.49,0.042,0.743,0.525,0.489,C,24.6,98.0,105.0,0.4,14.9,16.4,8.3,16.5,21.7,0,0
236,Michael Jordan,14,38.3,11.4,22.9,10.8,21.2,0.5,1.7,6.8,8.2,1.6,4.7,6.2,5.3,2.3,0.8,2.7,2.6,30.1,0.497,0.51,0.327,0.835,0.569,0.509,G-F,214.0,118.0,103.0,116.1,27.9,9.4,24.9,9.3,33.3,1,1
237,DeAndre Jordan,1,26.3,3.6,5.4,3.6,5.4,0.0,0.0,1.7,3.6,3.0,7.2,10.2,0.9,0.5,1.5,1.4,2.5,9.0,0.675,0.676,0.154,0.475,0.645,0.675,C,95.5,121.0,103.0,21.9,18.4,21.6,5.3,16.3,14.0,0,0
239,Eddie Jones,3,34.4,5.2,11.8,3.5,7.5,1.6,4.3,2.9,3.6,0.8,3.2,4.0,2.9,1.7,0.6,1.6,2.6,14.8,0.437,0.474,0.373,0.809,0.554,0.505,G-F,100.6,111.0,103.0,42.3,16.7,6.8,14.7,10.5,20.1,0,0
240,Bobby Jones,4,26.1,4.4,8.0,4.4,8.0,0.0,0.0,2.7,3.5,1.7,3.8,5.5,2.4,1.4,1.3,1.6,2.7,11.5,0.55,0.552,0.0,0.78,0.604,0.55,F,73.7,115.0,99.0,30.6,17.9,11.3,12.9,16.1,17.0,1,0
241,Nikola Jokić,5,30.8,7.8,14.1,6.8,11.2,1.0,2.9,3.7,4.5,2.6,7.9,10.5,6.6,1.2,0.7,2.9,2.8,20.3,0.553,0.605,0.349,0.829,0.632,0.589,C-F,94.7,125.0,107.0,52.8,27.7,19.1,35.5,15.1,26.6,0,1
243,Steve Johnson,1,21.8,4.5,7.9,4.5,7.9,0.0,0.0,2.7,4.2,1.9,3.6,5.5,1.2,0.5,0.8,2.4,3.8,11.7,0.572,0.573,0.0,0.634,0.6,0.572,C-F,26.9,106.0,107.0,1.1,15.3,14.2,8.1,19.4,22.3,0,0
244,Marques Johnson,5,34.3,8.3,16.0,8.3,15.9,0.0,0.1,3.5,4.7,2.6,4.3,7.0,3.6,1.3,0.8,2.4,2.6,20.1,0.518,0.521,0.152,0.739,0.556,0.519,F-G,79.8,113.0,105.0,31.7,20.1,11.2,15.9,11.5,23.9,0,0
245,Magic Johnson,11,36.7,6.9,13.2,6.5,12.0,0.4,1.2,5.5,6.5,1.8,5.5,7.2,11.2,1.9,0.4,3.9,2.3,19.5,0.52,0.541,0.303,0.848,0.61,0.533,G-F,155.8,121.0,104.0,80.0,24.1,11.1,40.9,19.4,22.3,1,1
246,Larry Johnson,2,36.3,6.2,12.9,5.7,11.3,0.5,1.6,3.2,4.2,2.5,5.0,7.5,3.3,0.7,0.4,2.0,2.7,16.2,0.484,0.505,0.332,0.766,0.551,0.505,F,69.7,112.0,107.0,22.0,16.3,11.9,14.6,12.1,20.6,0,0
247,Kevin Johnson,3,34.1,6.1,12.5,5.9,11.7,0.2,0.7,5.4,6.4,0.7,2.6,3.3,9.1,1.5,0.2,3.1,2.1,17.9,0.493,0.504,0.305,0.841,0.585,0.501,G,92.8,118.0,109.0,37.3,20.7,5.4,38.8,16.7,22.6,0,0
248,John Johnson,2,29.6,5.3,11.8,5.3,11.8,0.0,0.0,2.4,3.0,1.2,2.4,5.5,3.8,0.6,0.3,1.1,2.9,12.9,0.446,0.446,0.0,0.779,0.491,0.446,F,37.1,96.0,103.0,5.4,14.1,9.5,18.3,19.8,19.7,0,0
249,Joe Johnson,7,34.6,6.1,13.9,4.6,9.7,1.5,4.2,2.2,2.7,0.8,3.1,4.0,3.9,0.8,0.2,1.9,1.8,16.0,0.441,0.472,0.371,0.802,0.53,0.497,G-F,82.9,107.0,110.0,26.5,15.4,6.6,19.6,11.3,22.5,0,0
251,Eddie Johnson,2,29.6,5.9,12.5,5.8,12.0,0.2,0.5,3.0,3.8,0.7,1.6,2.3,5.1,1.1,0.1,2.5,2.5,15.1,0.476,0.482,0.326,0.791,0.531,0.482,G,41.0,106.0,108.0,12.1,16.0,4.2,26.7,15.2,23.3,0,0
252,Dennis Johnson,5,32.7,5.3,11.9,5.2,11.5,0.1,0.4,3.4,4.3,1.3,2.5,3.9,5.0,1.3,0.6,2.2,2.8,14.1,0.445,0.455,0.172,0.797,0.511,0.448,G,82.6,107.0,105.0,24.3,14.6,6.5,20.4,14.4,20.1,1,0
253,Antawn Jamison,2,34.8,7.1,15.7,6.0,12.6,1.1,3.1,3.3,4.5,2.4,5.2,7.5,1.6,1.0,0.4,1.6,2.4,18.5,0.451,0.477,0.346,0.724,0.523,0.485,F,87.8,109.0,109.0,24.5,18.1,12.2,8.5,8.2,24.4,0,0
254,LeBron James,19,38.1,10.0,19.7,8.4,15.1,1.6,4.6,5.7,7.8,1.2,6.3,7.5,7.3,1.5,0.8,3.5,1.8,27.2,0.505,0.554,0.344,0.735,0.588,0.545,F-G,254.7,116.0,104.0,146.2,27.2,11.3,36.3,13.1,31.6,0,1
255,Mark Jackson,1,30.2,3.7,8.3,3.1,6.6,0.6,1.7,1.7,2.2,1.0,2.8,3.8,8.0,1.2,0.1,2.4,1.7,9.6,0.447,0.477,0.332,0.77,0.522,0.481,G,91.8,110.0,107.0,37.5,16.0,7.3,39.4,20.9,16.9,0,0
257,Jaren Jackson Jr.,1,27.3,5.7,12.4,4.1,7.7,1.6,4.7,3.1,4.0,1.4,4.1,5.5,1.1,0.9,2.1,1.7,3.7,16.3,0.465,0.535,0.349,0.788,0.576,0.531,F,18.7,111.0,107.0,4.7,17.7,10.7,6.2,10.6,24.3,0,0
258,Allen Iverson,11,41.1,9.3,21.8,8.1,18.1,1.2,3.7,7.0,8.9,0.8,2.9,3.7,6.2,2.2,0.2,3.6,1.9,26.7,0.425,0.448,0.313,0.78,0.518,0.452,G,99.0,105.0,106.0,49.6,20.9,5.1,28.8,12.2,31.8,1,1
259,Dan Issel,1,31.1,7.6,14.9,7.5,14.8,0.0,0.1,5.3,6.6,2.3,5.6,7.9,2.5,1.0,0.6,1.8,2.8,20.4,0.506,0.508,0.253,0.797,0.572,0.507,C-F,82.3,116.0,106.0,24.3,21.0,13.2,11.6,10.2,24.0,1,0
260,Kyrie Irving,8,34.3,8.6,18.2,6.3,12.3,2.3,5.9,3.9,4.4,0.8,3.1,3.9,5.7,1.3,0.4,2.6,2.3,23.4,0.472,0.51,0.391,0.884,0.58,0.535,G,78.9,115.0,110.0,37.4,22.4,6.4,29.9,11.3,29.4,0,0
261,Brandon Ingram,1,32.9,6.9,14.9,5.5,11.2,1.4,3.7,3.9,5.0,0.7,4.4,5.1,4.0,0.7,0.6,2.5,2.4,19.0,0.463,0.496,0.365,0.781,0.557,0.509,F,21.3,108.0,113.0,6.2,15.6,8.5,19.1,12.7,25.1,0,0
263,Zydrunas Ilgauskas,2,27.2,5.0,10.5,5.0,10.4,0.0,0.1,3.0,3.8,2.9,4.4,7.3,1.1,0.5,1.6,1.8,3.3,13.0,0.476,0.478,0.31,0.78,0.534,0.478,C,66.3,107.0,103.0,10.2,18.5,15.7,7.5,12.8,23.3,0,0
264,Andre Iguodala,1,32.1,4.1,8.8,3.2,6.2,0.9,2.7,2.3,3.2,0.9,4.0,4.9,4.2,1.4,0.5,1.8,1.8,11.3,0.463,0.52,0.33,0.709,0.553,0.512,F-G,100.4,111.0,106.0,41.3,15.4,8.7,19.5,15.1,16.9,0,0
267,Lou Hudson,6,33.5,8.3,17.0,8.3,17.0,0.0,0.0,3.5,4.4,0.5,0.8,4.4,2.7,0.6,0.1,0.3,2.7,20.2,0.489,0.489,0.0,0.797,0.532,0.489,F-G,81.0,105.0,103.0,6.8,17.4,5.8,12.4,12.4,20.0,1,0
269,Juwan Howard,1,30.3,5.4,11.5,5.4,11.5,0.0,0.0,2.5,3.3,1.9,4.2,6.1,2.2,0.7,0.3,2.0,2.9,13.4,0.469,0.47,0.12,0.764,0.514,0.469,F,59.4,102.0,107.0,3.8,14.6,11.8,12.7,13.6,22.4,0,0
270,Josh Howard,1,30.3,5.4,12.2,4.8,10.1,0.7,2.0,2.8,3.6,1.7,4.0,5.7,1.6,1.0,0.5,1.4,2.6,14.3,0.448,0.471,0.332,0.77,0.522,0.476,F-G,38.0,108.0,105.0,10.0,16.7,10.8,9.0,9.4,23.0,0,0
271,Dwight Howard,8,31.8,5.7,9.7,5.7,9.6,0.0,0.1,4.3,7.6,3.3,8.4,11.8,1.3,0.9,1.8,2.7,3.1,15.7,0.587,0.59,0.214,0.567,0.602,0.588,C,141.7,111.0,100.0,39.0,21.3,21.1,7.3,17.0,22.3,0,0
272,Allan Houston,2,33.7,6.4,14.3,4.8,10.5,1.6,3.9,3.1,3.6,0.4,2.5,2.9,2.4,0.7,0.2,2.1,2.5,17.3,0.444,0.46,0.402,0.863,0.546,0.498,G,55.3,105.0,107.0,15.0,14.9,5.1,13.1,11.7,24.9,0,0
273,Jeff Hornacek,1,31.5,5.5,11.1,4.7,9.2,0.8,1.9,2.8,3.1,0.9,2.5,3.4,4.9,1.4,0.2,1.8,2.2,14.5,0.496,0.515,0.403,0.877,0.582,0.53,G,108.9,117.0,108.0,42.1,17.7,6.2,23.4,12.8,19.7,0,0
274,Al Horford,5,32.1,5.6,10.9,4.8,8.9,0.7,2.0,1.5,2.0,2.0,6.1,8.1,3.3,0.8,1.2,1.5,2.2,13.4,0.513,0.544,0.373,0.759,0.571,0.547,C-F,106.2,116.0,105.0,40.2,18.3,14.2,16.4,11.0,18.6,0,0
275,Lionel Hollins,1,27.4,4.8,10.7,4.7,10.6,0.0,0.1,2.1,2.8,0.6,1.8,2.4,4.5,1.6,0.3,2.0,2.7,11.6,0.444,0.448,0.149,0.741,0.486,0.445,G,22.9,97.0,103.0,3.1,13.0,4.7,22.1,18.2,20.5,0,0
276,Jrue Holiday,2,33.1,6.5,14.0,5.0,10.0,1.5,4.0,2.0,2.6,0.9,3.2,4.1,6.5,1.5,0.5,2.7,2.2,16.4,0.462,0.5,0.365,0.783,0.542,0.514,G,62.9,108.0,109.0,27.2,17.4,6.7,30.8,15.3,23.6,0,0
277,Tyrone Hill,1,28.0,3.5,7.0,3.5,7.0,0.0,0.0,2.3,3.6,3.0,5.6,8.6,0.8,0.8,0.5,1.6,3.6,9.4,0.502,0.503,0.0,0.643,0.544,0.502,F,56.2,108.0,103.0,0.8,14.0,18.0,4.6,15.2,16.5,0,0
278,Grant Hill,7,33.9,6.2,12.8,6.0,12.1,0.2,0.7,4.1,5.4,1.1,4.9,6.0,4.1,1.2,0.6,2.4,2.3,16.7,0.483,0.493,0.314,0.769,0.551,0.492,F-G,99.9,110.0,106.0,43.6,19.0,10.5,21.9,13.7,23.7,1,0
279,Roy Hibbert,2,24.8,4.0,8.5,4.0,8.5,0.0,0.0,2.1,2.7,2.3,4.0,6.3,1.3,0.4,1.7,1.6,3.1,10.0,0.465,0.466,0.25,0.755,0.514,0.465,C,35.9,103.0,103.0,3.5,15.5,14.1,9.2,13.9,20.4,0,0
282,Spencer Haywood,4,33.7,7.6,16.4,7.6,16.4,0.0,0.0,4.0,5.0,2.0,4.2,9.3,1.8,0.5,0.8,0.9,2.9,19.2,0.465,0.465,0.125,0.8,0.517,0.465,F-C,61.4,100.0,100.0,7.7,17.7,13.8,7.9,14.5,22.9,1,0
283,Gordon Hayward,1,31.1,5.4,11.9,4.0,8.2,1.4,3.7,3.4,4.1,0.8,3.7,4.5,3.5,1.0,0.4,2.0,1.7,15.5,0.455,0.494,0.369,0.825,0.568,0.512,F-G,62.0,112.0,110.0,23.0,17.1,8.1,18.6,12.5,22.5,0,0
284,Elvin Hayes,12,38.4,8.4,18.6,8.4,18.6,0.0,0.0,4.1,6.1,2.1,5.4,12.5,1.8,0.7,1.4,1.0,3.2,21.0,0.452,0.453,0.147,0.67,0.491,0.452,F-C,120.8,101.0,97.0,21.4,17.7,15.6,7.0,12.5,22.6,1,0
285,Hersey Hawkins,1,32.6,5.0,10.8,3.7,7.6,1.2,3.2,3.5,4.1,0.8,2.8,3.6,2.9,1.7,0.3,1.9,2.1,14.7,0.461,0.488,0.394,0.87,0.585,0.518,G,90.6,115.0,107.0,32.6,16.3,6.4,13.9,12.9,19.4,0,0
287,John Havlicek,13,36.6,8.3,18.8,8.3,18.8,0.0,0.0,4.2,5.2,0.5,1.1,6.3,4.8,0.4,0.1,0.2,2.6,20.8,0.439,0.439,0.0,0.815,0.492,0.439,F-G,131.7,101.0,99.0,11.5,17.5,7.4,19.5,13.3,21.3,1,0
289,Devin Harris,1,24.3,3.5,8.2,2.7,5.6,0.8,2.6,2.8,3.6,0.3,1.9,2.2,3.9,1.0,0.2,1.7,2.2,10.8,0.432,0.481,0.325,0.796,0.551,0.483,G,54.9,109.0,109.0,15.5,16.0,5.2,26.5,14.9,21.6,0,0
290,James Harden,10,34.8,7.3,16.5,4.5,8.9,2.8,7.6,7.4,8.6,0.8,4.9,5.7,7.0,1.5,0.5,3.7,2.6,24.7,0.442,0.51,0.362,0.86,0.609,0.525,G,157.8,118.0,107.0,75.9,24.4,9.1,34.0,15.6,30.0,0,1
291,Tim Hardaway,5,35.3,6.5,15.1,4.7,10.1,1.8,5.0,2.9,3.8,0.6,2.7,3.3,8.2,1.6,0.1,2.9,2.3,17.7,0.431,0.469,0.355,0.782,0.53,0.49,G,85.0,110.0,108.0,39.6,18.6,5.3,37.9,14.6,24.3,1,0
292,Anfernee Hardaway,4,33.7,5.7,12.4,5.0,10.1,0.7,2.3,3.1,4.0,1.4,3.1,4.5,5.0,1.6,0.4,2.5,2.2,15.2,0.458,0.489,0.316,0.774,0.535,0.486,G-F,61.9,108.0,105.0,26.9,17.4,7.6,24.3,15.2,22.1,0,0
293,Richard Hamilton,3,32.1,6.5,14.4,5.9,12.8,0.6,1.7,3.5,4.1,0.9,2.2,3.1,3.4,0.8,0.1,2.1,2.5,17.1,0.449,0.463,0.346,0.852,0.525,0.469,G-F,62.8,105.0,108.0,13.2,16.5,5.7,19.9,11.7,26.8,0,0
294,Tyrese Haliburton,1,33.1,5.9,12.4,3.6,6.7,2.3,5.7,2.0,2.3,0.7,2.9,3.6,8.0,1.6,0.5,2.3,1.4,16.2,0.479,0.539,0.408,0.857,0.603,0.572,G,18.2,122.0,117.0,9.0,19.3,6.0,35.5,14.4,20.2,0,0
296,Tom Gugliotta,1,30.9,5.1,11.3,4.8,10.3,0.3,1.0,2.5,3.4,2.1,5.2,7.3,2.8,1.4,0.6,2.3,2.5,13.0,0.451,0.467,0.284,0.757,0.509,0.463,F,40.2,101.0,105.0,15.3,15.9,13.7,15.1,15.2,21.5,0,0
299,Blake Griffin,6,32.0,7.1,14.5,6.4,12.3,0.7,2.1,4.1,5.9,1.9,6.1,8.0,4.0,0.8,0.5,2.3,2.7,19.1,0.493,0.522,0.328,0.696,0.559,0.518,F-C,80.8,112.0,107.0,32.7,21.0,14.2,21.6,11.8,26.9,0,0
301,Rickey Green,1,24.6,3.8,8.1,3.8,7.9,0.0,0.2,1.7,2.2,0.5,1.4,1.9,5.5,1.4,0.1,1.7,1.5,9.4,0.469,0.475,0.207,0.807,0.518,0.471,G,47.2,108.0,108.0,15.0,15.3,4.2,30.8,15.6,17.6,0,0
303,Draymond Green,4,28.8,3.2,7.2,2.4,4.6,0.8,2.6,1.5,2.1,1.1,5.9,7.0,5.6,1.4,1.0,2.3,2.8,8.7,0.448,0.523,0.315,0.711,0.539,0.505,F,57.1,109.0,103.0,24.7,14.6,13.2,25.6,21.9,15.5,0,0
304,A.C. Green,1,28.6,3.6,7.2,3.5,6.8,0.1,0.4,2.4,3.3,2.6,4.8,7.4,1.1,0.8,0.4,1.1,1.9,9.6,0.494,0.507,0.254,0.734,0.557,0.501,F-C,99.5,116.0,106.0,16.6,14.4,14.7,5.4,11.5,14.8,0,0
305,Horace Grant,1,33.2,4.7,9.2,4.7,9.1,0.0,0.1,1.8,2.6,3.0,5.1,8.1,2.2,1.0,1.0,1.1,2.4,11.2,0.509,0.511,0.063,0.692,0.54,0.509,F-C,118.2,117.0,104.0,33.0,16.0,14.1,9.9,9.8,15.2,0,0
306,Danny Granger,1,31.5,5.7,13.1,4.0,8.6,1.7,4.5,3.7,4.4,1.2,3.8,4.9,1.9,1.0,0.8,1.9,2.8,16.8,0.434,0.463,0.38,0.848,0.56,0.5,F,48.5,109.0,106.0,17.7,16.9,8.7,10.3,11.1,23.8,0,0
307,Gail Goodrich,5,32.5,7.2,15.8,7.2,15.8,0.0,0.0,4.2,5.2,0.4,0.6,3.2,4.7,0.5,0.1,0.4,2.7,18.6,0.456,0.456,0.0,0.807,0.514,0.456,G,76.3,104.0,104.0,6.0,16.7,4.0,20.6,15.4,20.5,1,0
309,Rudy Gobert,3,30.0,4.6,7.1,4.6,7.1,0.0,0.0,3.3,5.1,3.3,8.3,11.7,1.3,0.7,2.1,1.7,2.6,12.5,0.654,0.656,0.0,0.639,0.671,0.654,C,93.8,127.0,102.0,29.1,21.8,21.7,6.7,15.1,16.2,0,0
310,Manu Ginóbili,2,25.4,4.3,9.7,2.9,5.9,1.4,3.8,3.2,3.9,0.6,2.8,3.5,3.8,1.3,0.3,2.0,2.1,13.3,0.447,0.498,0.369,0.827,0.582,0.52,G,106.4,112.0,100.0,47.6,20.2,8.0,24.5,14.9,24.5,1,0
311,Artis Gilmore,6,32.7,6.3,10.5,6.3,10.5,0.0,0.0,4.5,6.3,2.9,7.2,10.1,2.0,0.5,1.9,2.6,3.3,17.1,0.599,0.6,0.077,0.713,0.643,0.599,C,107.4,117.0,104.0,34.7,20.2,17.0,8.9,17.9,19.7,1,0
312,Shai Gilgeous-Alexander,1,32.6,7.3,15.1,6.2,11.8,1.1,3.3,5.1,6.1,0.7,3.8,4.5,4.5,1.2,0.7,2.3,2.2,20.9,0.483,0.521,0.348,0.842,0.587,0.521,G,28.2,115.0,112.0,12.8,20.0,7.4,23.1,11.6,26.5,0,0
313,George Gervin,9,33.5,10.2,19.9,10.1,19.6,0.1,0.3,5.7,6.8,1.5,3.1,4.6,2.8,1.2,0.8,2.7,2.9,26.2,0.511,0.514,0.297,0.844,0.572,0.513,G-F,88.1,112.0,108.0,29.8,21.7,7.3,13.0,11.4,30.7,1,0
314,Paul George,8,33.6,7.0,16.1,4.5,9.4,2.5,6.6,4.0,4.8,0.9,5.5,6.4,3.7,1.7,0.4,2.7,2.7,20.6,0.437,0.477,0.381,0.85,0.568,0.516,F,81.2,109.0,104.0,40.3,19.4,10.5,18.5,13.1,27.2,0,0
316,Chris Gatling,1,19.7,4.0,7.8,3.9,7.5,0.1,0.3,2.2,3.4,1.8,3.6,5.3,0.7,0.7,0.5,1.5,2.7,10.3,0.513,0.523,0.249,0.66,0.555,0.517,F-C,32.1,105.0,104.0,3.2,17.6,15.3,5.8,14.1,24.1,0,0
317,Pau Gasol,6,33.4,6.5,12.8,6.4,12.4,0.1,0.4,3.9,5.1,2.5,6.7,9.2,3.2,0.5,1.6,2.2,2.1,17.0,0.507,0.512,0.368,0.753,0.565,0.513,C-F,144.1,113.0,104.0,57.5,21.4,15.5,16.7,12.5,23.3,0,0
318,Marc Gasol,3,32.2,5.2,10.8,4.7,9.5,0.5,1.3,3.2,4.1,1.6,5.8,7.4,3.4,0.9,1.4,2.0,2.9,14.0,0.481,0.498,0.36,0.776,0.557,0.503,C,85.3,111.0,104.0,36.5,18.0,13.3,17.1,13.5,20.5,0,0
319,Kevin Garnett,15,34.5,7.2,14.5,7.1,14.0,0.1,0.4,3.3,4.2,2.2,7.8,10.0,3.7,1.3,1.4,2.2,2.4,17.8,0.497,0.504,0.275,0.789,0.546,0.501,F-C,191.4,110.0,99.0,96.9,22.7,17.0,19.3,11.8,24.7,1,1
321,Darius Garland,1,33.9,6.8,15.2,4.6,9.4,2.2,5.7,2.7,3.1,0.5,2.1,2.6,6.7,1.1,0.1,3.1,1.9,18.5,0.449,0.487,0.387,0.87,0.561,0.522,G,13.8,110.0,115.0,3.9,15.7,4.3,31.7,15.6,25.4,0,0
325,World B. Free,1,30.4,7.3,16.1,7.1,15.4,0.2,0.7,5.3,7.1,1.1,1.6,2.7,3.7,1.0,0.3,2.1,2.6,20.3,0.456,0.461,0.337,0.753,0.527,0.463,G,67.7,110.0,109.0,22.0,18.8,4.8,19.0,10.9,29.0,0,0
326,Walt Frazier,7,37.5,7.4,15.2,7.4,15.2,0.0,0.0,4.0,5.1,0.5,1.8,5.9,6.1,0.8,0.1,0.2,2.6,18.9,0.49,0.49,0.0,0.786,0.542,0.49,G,113.5,104.0,98.0,15.5,19.1,7.6,23.0,12.9,21.7,1,0
327,Steve Francis,3,37.6,6.2,14.4,5.2,11.4,1.0,2.9,4.8,6.1,1.7,3.9,5.6,6.0,1.5,0.4,3.5,3.1,18.1,0.429,0.451,0.341,0.797,0.533,0.463,G,54.1,106.0,105.0,22.7,18.3,8.6,28.4,17.2,25.0,0,0
328,De'Aaron Fox,1,32.3,7.5,15.8,6.2,12.0,1.2,3.8,4.0,5.5,0.5,3.1,3.6,6.2,1.3,0.4,2.8,2.6,20.2,0.472,0.52,0.323,0.734,0.554,0.511,G,22.6,110.0,115.0,8.0,18.3,6.2,30.2,13.1,27.8,0,0
330,Sleepy Floyd,1,27.6,4.6,10.5,4.1,8.8,0.5,1.7,3.0,3.6,0.7,2.0,2.6,5.4,1.2,0.2,2.4,2.1,12.8,0.444,0.467,0.324,0.815,0.531,0.47,G,50.6,108.0,110.0,16.6,15.5,5.1,27.7,16.3,21.1,0,0
331,Michael Finley,2,34.4,6.1,13.7,4.8,10.2,1.3,3.5,2.2,2.7,1.0,3.3,4.4,2.9,0.9,0.3,1.5,1.6,15.7,0.444,0.467,0.375,0.811,0.527,0.492,G-F,85.2,108.0,108.0,28.8,16.0,7.2,14.5,9.0,21.7,0,0
333,Patrick Ewing,11,34.3,8.2,16.3,8.2,16.2,0.0,0.1,4.6,6.2,2.3,7.5,9.8,1.9,1.0,2.4,3.0,3.4,21.0,0.504,0.507,0.152,0.74,0.553,0.505,C-F,126.4,106.0,99.0,50.1,21.0,16.4,9.8,13.6,28.0,1,0
334,Julius Erving,11,34.3,8.7,17.1,8.6,16.9,0.1,0.2,4.6,5.9,2.5,4.2,6.7,3.9,1.8,1.5,2.8,2.7,22.0,0.507,0.51,0.261,0.777,0.558,0.509,F-G,106.2,111.0,101.0,51.8,22.0,10.5,17.7,13.5,26.8,1,1
335,Alex English,8,31.9,8.9,17.6,8.9,17.6,0.0,0.1,3.6,4.3,2.3,3.2,5.5,3.6,0.9,0.7,2.4,2.5,21.5,0.507,0.508,0.217,0.832,0.55,0.507,F,100.7,111.0,110.0,38.2,19.9,9.0,17.1,10.9,26.5,1,0
337,Joel Embiid,6,31.8,8.9,17.9,7.8,14.4,1.2,3.4,8.2,10.0,2.2,8.9,11.2,3.4,0.9,1.7,3.4,3.1,27.2,0.499,0.538,0.338,0.819,0.61,0.532,C,55.3,116.0,104.0,26.4,27.8,19.4,19.5,13.2,35.1,0,0
338,Dale Ellis,1,28.8,6.1,12.6,4.6,9.1,1.4,3.5,2.2,2.8,1.3,2.2,3.5,1.4,0.8,0.2,1.5,2.1,15.7,0.479,0.509,0.403,0.784,0.567,0.536,G-F,84.7,114.0,111.0,22.9,16.0,6.9,8.1,9.6,22.6,0,0
339,Sean Elliott,2,33.0,5.2,11.2,4.4,9.1,0.8,2.1,3.0,3.8,1.1,3.2,4.3,2.6,0.8,0.4,1.8,2.2,14.2,0.465,0.486,0.375,0.799,0.553,0.5,F,55.7,110.0,107.0,13.5,13.9,7.3,12.0,12.2,19.5,0,0
340,Anthony Edwards,1,34.2,7.9,17.8,5.2,10.2,2.7,7.6,3.3,4.3,0.7,4.3,5.1,3.7,1.4,0.6,2.7,2.2,21.7,0.441,0.507,0.352,0.772,0.551,0.516,G,8.8,106.0,114.0,3.9,16.0,8.1,17.3,12.1,27.7,0,0
342,Mark Eaton,1,28.8,2.4,5.2,2.4,5.2,0.0,0.0,1.2,1.9,2.1,5.8,7.9,1.0,0.4,3.5,1.5,3.4,6.0,0.458,0.458,0.0,0.649,0.496,0.458,C,44.8,97.0,100.0,11.8,10.9,15.0,4.3,19.8,10.7,0,0
343,Kevin Durant,13,36.7,9.3,18.7,7.4,13.8,1.9,4.9,6.7,7.6,0.7,6.4,7.1,4.3,1.1,1.1,3.2,1.9,27.3,0.499,0.539,0.384,0.886,0.618,0.549,F-G,161.4,118.0,106.0,80.0,25.3,10.8,20.6,12.6,30.3,0,1
344,Tim Duncan,15,34.0,7.4,14.6,7.4,14.5,0.0,0.1,4.2,6.1,2.8,8.1,10.8,3.0,0.7,2.2,2.4,2.4,19.0,0.506,0.509,0.179,0.696,0.551,0.507,F-C,206.4,110.0,96.0,91.1,24.2,18.4,16.4,12.3,27.0,1,1
345,Joe Dumars,6,34.5,5.9,12.8,4.9,10.2,1.0,2.5,3.4,4.0,0.7,1.5,2.2,4.5,0.9,0.1,2.0,1.8,16.1,0.46,0.48,0.382,0.843,0.554,0.498,G,86.2,113.0,110.0,25.3,15.3,3.6,20.5,12.3,21.1,1,0
348,Andre Drummond,2,28.3,5.6,10.3,5.6,10.1,0.0,0.2,2.1,4.3,4.3,8.4,12.7,1.3,1.3,1.4,1.9,3.0,13.2,0.542,0.548,0.128,0.475,0.542,0.543,C,70.2,109.0,101.0,17.9,21.8,24.8,7.7,13.5,21.8,0,0
349,Clyde Drexler,10,34.6,7.7,16.3,6.9,13.9,0.8,2.4,4.3,5.5,2.4,3.7,6.1,5.6,2.0,0.7,2.7,3.0,20.4,0.472,0.498,0.318,0.788,0.547,0.495,G,135.6,114.0,105.0,70.2,21.1,9.9,25.2,12.8,25.4,1,0
350,John Drew,2,29.5,7.4,15.8,7.4,15.7,0.0,0.1,5.8,7.8,2.9,4.0,6.9,1.7,1.4,0.3,1.9,3.6,20.7,0.47,0.472,0.175,0.748,0.538,0.471,F-G,68.9,107.0,102.0,18.7,20.7,12.3,9.4,12.7,30.8,0,0
351,Goran Dragić,1,27.1,4.9,10.6,3.7,7.3,1.2,3.4,2.3,3.1,0.7,2.3,3.0,4.7,0.9,0.2,2.2,2.3,13.3,0.459,0.505,0.361,0.766,0.556,0.516,G,56.6,109.0,110.0,15.9,16.5,6.2,27.7,15.5,23.2,0,0
352,Luka Dončić,4,34.3,9.4,20.1,6.6,11.9,2.8,8.2,6.1,8.2,1.0,7.6,8.6,8.0,1.1,0.4,4.0,2.3,27.6,0.465,0.552,0.339,0.738,0.581,0.534,G-F,38.9,114.0,110.0,26.2,25.2,13.7,42.1,14.4,35.7,0,0
353,James Donaldson,1,27.4,3.2,5.7,3.2,5.7,0.0,0.0,2.1,2.8,2.2,5.7,7.8,0.8,0.4,1.3,1.5,2.1,8.6,0.571,0.571,0.0,0.732,0.618,0.571,C,62.3,114.0,106.0,12.4,13.8,15.8,3.9,18.0,12.8,0,0
354,Vlade Divac,1,29.8,4.6,9.3,4.5,8.9,0.1,0.4,2.5,3.7,2.5,5.7,8.2,3.1,1.1,1.4,2.2,3.2,11.8,0.495,0.506,0.235,0.692,0.543,0.5,C,96.4,108.0,101.0,36.3,17.7,15.4,16.0,16.7,19.2,1,0
356,DeMar DeRozan,6,34.4,7.6,16.1,7.1,14.6,0.4,1.5,5.5,6.5,0.7,3.7,4.4,4.0,1.0,0.3,2.1,2.3,21.0,0.468,0.486,0.292,0.84,0.553,0.482,G-F,91.9,112.0,111.0,25.2,19.0,7.3,19.4,9.9,27.4,0,0
357,Luol Deng,2,34.3,5.7,12.5,5.0,10.3,0.7,2.2,2.7,3.5,1.6,4.4,6.1,2.3,1.0,0.5,1.6,1.7,14.8,0.456,0.482,0.332,0.769,0.528,0.485,F,74.0,107.0,105.0,22.9,15.4,10.1,11.2,10.3,20.6,0,0
359,Walter Davis,6,27.9,7.9,15.4,7.7,14.8,0.2,0.6,3.0,3.6,0.9,2.1,3.0,3.8,1.2,0.1,2.5,2.4,18.9,0.511,0.521,0.272,0.851,0.558,0.516,G-F,76.9,108.0,107.0,25.3,19.1,5.8,21.1,12.7,27.4,0,0
360,Dale Davis,1,27.1,3.3,6.2,3.3,6.2,0.0,0.0,1.4,2.5,3.0,4.8,7.9,0.9,0.6,1.2,1.0,2.6,8.0,0.53,0.53,0.0,0.562,0.546,0.53,F-C,86.9,114.0,103.0,18.4,15.2,17.1,5.2,12.0,14.0,0,0
361,Baron Davis,2,34.2,5.9,14.3,4.3,9.3,1.6,5.0,2.8,3.9,0.9,2.9,3.8,7.2,1.8,0.4,2.8,2.8,16.1,0.409,0.456,0.32,0.711,0.502,0.465,G,63.1,105.0,105.0,33.1,17.8,6.3,36.3,14.7,24.6,0,0
362,Antonio Davis,1,28.9,3.5,7.9,3.5,7.9,0.0,0.0,3.0,4.1,2.6,4.9,7.5,1.1,0.5,1.0,1.5,2.8,10.0,0.448,0.449,0.087,0.727,0.518,0.448,F-C,59.6,106.0,104.0,4.4,14.1,15.0,6.4,13.4,17.6,0,0
363,Anthony Davis,8,34.4,9.0,17.3,8.5,15.7,0.5,1.6,5.6,7.1,2.6,7.8,10.4,2.4,1.3,2.3,2.0,2.4,24.0,0.519,0.541,0.301,0.793,0.589,0.533,F-C,99.2,117.0,104.0,45.7,27.0,16.6,11.9,8.8,28.4,0,0
365,Brad Daugherty,5,36.5,7.0,13.1,7.0,13.1,0.0,0.0,5.0,6.7,2.2,7.3,9.5,3.7,0.8,0.7,2.8,2.7,19.0,0.532,0.533,0.143,0.747,0.59,0.532,C,65.2,114.0,105.0,21.3,18.9,14.8,15.5,14.6,22.2,0,0
366,Adrian Dantley,6,35.8,8.6,15.8,8.5,15.8,0.0,0.0,7.2,8.7,2.3,3.4,5.7,3.0,1.0,0.2,2.6,2.7,24.3,0.54,0.541,0.171,0.818,0.617,0.54,F-G,134.2,119.0,109.0,43.8,21.5,8.6,13.0,12.5,26.1,1,0
367,Bob Dandridge,4,35.2,7.7,15.9,7.7,15.9,0.0,0.0,3.1,4.0,1.1,2.8,6.8,3.4,0.8,0.4,0.8,3.5,18.5,0.484,0.484,0.167,0.78,0.524,0.484,F-G,80.3,104.0,100.0,15.1,16.7,9.4,13.5,13.8,23.1,1,0
368,Stephen Curry,9,34.4,8.4,17.7,4.6,8.8,3.8,9.0,3.9,4.3,0.7,4.1,4.7,6.5,1.6,0.2,3.2,2.4,24.6,0.475,0.524,0.428,0.908,0.627,0.583,G,127.2,118.0,108.0,65.3,23.8,7.5,31.3,13.8,28.8,0,1
370,Terry Cummings,2,28.7,6.8,14.1,6.8,13.9,0.0,0.1,2.8,4.0,2.7,4.6,7.3,1.9,1.1,0.5,1.9,3.2,16.4,0.484,0.486,0.295,0.706,0.52,0.485,F,91.1,108.0,105.0,22.5,18.3,14.4,10.5,10.5,25.6,0,0
371,Dave Cowens,8,38.6,7.5,16.3,7.5,16.3,0.0,0.0,2.6,3.4,2.1,6.7,13.6,3.8,0.8,0.6,0.7,3.8,17.6,0.46,0.46,0.071,0.783,0.496,0.46,C-F,86.3,106.0,96.0,21.5,17.0,17.1,13.7,12.6,19.0,1,1
373,DeMarcus Cousins,4,29.8,7.0,15.2,6.3,13.2,0.7,2.0,5.0,6.7,2.6,7.6,10.2,3.0,1.3,1.1,3.3,3.7,19.6,0.46,0.479,0.331,0.737,0.539,0.481,C-F,46.8,104.0,104.0,21.6,22.0,19.0,17.9,15.3,31.4,0,0
375,Mike Conley,1,31.9,5.2,11.8,3.6,7.7,1.6,4.1,2.7,3.3,0.5,2.5,3.0,5.7,1.4,0.2,2.0,2.0,14.6,0.438,0.469,0.381,0.82,0.552,0.505,G,91.5,114.0,109.0,36.0,17.4,5.4,28.8,12.9,21.5,0,0
376,Doug Collins,4,33.6,7.1,14.1,7.1,14.1,0.0,0.0,3.8,4.5,1.1,2.1,3.2,3.3,1.2,0.3,1.2,3.0,17.9,0.501,0.501,0.0,0.833,0.557,0.501,G-F,38.0,107.0,102.0,8.4,16.1,4.8,14.6,14.8,22.4,0,0
378,Derrick Coleman,1,33.2,5.9,13.2,5.5,11.8,0.4,1.4,4.3,5.5,2.7,6.6,9.3,2.5,0.8,1.3,2.6,2.6,16.5,0.447,0.465,0.295,0.769,0.526,0.462,F-C,64.3,105.0,103.0,22.3,18.0,15.4,13.0,14.3,23.8,0,0
381,Phil Chenier,3,33.1,7.1,16.0,7.1,16.0,0.0,0.0,2.9,3.6,0.6,2.0,3.6,3.0,1.2,0.4,0.3,2.0,17.2,0.444,0.444,0.4,0.806,0.487,0.445,G,39.3,95.0,97.0,11.5,15.3,5.3,13.5,12.5,21.3,0,0
382,Maurice Cheeks,4,31.6,4.5,8.5,4.4,8.3,0.0,0.2,2.1,2.7,0.6,2.2,2.8,6.7,2.1,0.3,2.1,2.1,11.1,0.523,0.529,0.255,0.793,0.572,0.526,G,103.5,116.0,105.0,42.1,16.5,4.9,29.2,17.5,15.2,1,0
384,Tyson Chandler,1,27.3,3.1,5.1,3.1,5.1,0.0,0.0,2.1,3.2,3.0,6.0,9.0,0.8,0.5,1.2,1.4,2.8,8.2,0.597,0.598,0.0,0.644,0.626,0.597,C,102.1,118.0,103.0,16.9,16.1,18.8,4.7,17.9,13.2,0,0
385,Tom Chambers,4,30.6,6.7,14.2,6.5,13.6,0.2,0.7,4.6,5.7,1.8,4.3,6.1,2.1,0.8,0.6,2.3,3.4,18.1,0.468,0.476,0.307,0.807,0.542,0.476,F-C,79.0,108.0,108.0,12.0,16.5,11.2,10.1,12.1,25.4,0,0
387,Cedric Ceballos,1,24.2,5.6,11.2,5.2,10.0,0.4,1.2,2.7,3.6,2.1,3.3,5.3,1.2,0.7,0.3,1.6,1.8,14.3,0.5,0.524,0.309,0.753,0.559,0.518,F,40.4,110.0,107.0,10.1,19.3,12.4,8.3,11.3,25.9,0,0
388,Sam Cassell,1,30.0,5.7,12.6,5.1,10.6,0.7,2.0,3.6,4.2,0.6,2.6,3.2,6.0,1.1,0.2,2.4,2.8,15.7,0.454,0.477,0.331,0.861,0.544,0.48,G,87.5,110.0,108.0,28.8,19.5,6.2,34.4,14.4,25.7,0,0
389,Bill Cartwright,1,28.5,4.8,9.2,4.8,9.2,0.0,0.0,3.5,4.6,1.9,4.5,6.3,1.4,0.5,0.7,2.0,2.9,13.2,0.525,0.525,0.0,0.771,0.588,0.525,C,72.8,112.0,107.0,9.7,15.2,12.8,7.1,14.9,19.2,0,0
390,Vince Carter,8,30.1,6.0,13.8,4.5,9.8,1.5,4.0,3.1,3.9,1.1,3.2,4.3,3.1,1.0,0.6,1.7,2.6,16.7,0.435,0.462,0.371,0.798,0.536,0.489,G-F,125.3,108.0,107.0,57.9,18.6,8.2,19.3,9.7,26.3,0,0
391,Joe Barry Carroll,1,32.4,7.1,15.0,7.1,15.0,0.0,0.0,3.4,4.6,2.4,5.3,7.7,1.8,1.0,1.6,2.8,3.1,17.7,0.474,0.475,0.0,0.747,0.519,0.474,C-F,35.6,102.0,107.0,8.2,16.4,12.9,8.3,14.1,24.3,0,0
392,Austin Carr,1,28.8,6.4,14.2,6.4,14.2,0.0,0.0,2.6,3.2,1.0,1.1,2.9,2.8,0.6,0.1,0.7,2.0,15.4,0.449,0.449,0.154,0.804,0.491,0.449,G,32.9,102.0,105.0,5.2,15.0,5.2,14.5,11.7,22.1,0,0
394,Andrew Bynum,1,25.6,4.6,8.2,4.6,8.2,0.0,0.0,2.4,3.4,2.4,5.3,7.7,1.2,0.3,1.6,1.5,2.5,11.5,0.556,0.557,0.111,0.69,0.592,0.556,C,37.4,114.0,103.0,9.1,19.6,17.0,7.5,13.6,19.9,0,0
395,Jimmy Butler,6,33.2,5.9,12.6,5.1,10.2,0.8,2.4,5.6,6.6,1.6,3.7,5.4,4.2,1.6,0.5,1.6,1.4,18.1,0.466,0.501,0.323,0.842,0.583,0.497,F-G,104.8,122.0,107.0,43.6,21.6,9.0,20.6,9.5,22.9,0,0
396,Caron Butler,2,32.2,5.2,12.0,4.4,9.6,0.8,2.4,2.8,3.3,1.3,3.7,5.0,2.3,1.3,0.2,1.8,2.4,14.1,0.434,0.456,0.348,0.847,0.523,0.469,F,50.9,105.0,108.0,12.6,15.0,9.0,12.3,11.8,21.7,0,0
397,Don Buse,1,26.3,2.8,6.4,2.6,5.6,0.3,0.8,1.0,1.3,0.6,1.8,2.3,4.5,1.8,0.1,0.9,1.5,6.9,0.442,0.457,0.333,0.78,0.497,0.462,G,34.9,109.0,103.0,13.6,12.7,4.7,21.5,13.6,12.3,0,0
398,Kobe Bryant,18,36.1,8.7,19.5,7.3,15.3,1.4,4.1,6.2,7.4,1.1,4.1,5.2,4.7,1.4,0.5,3.0,2.5,25.0,0.447,0.479,0.329,0.837,0.55,0.482,G-F,172.7,110.0,105.0,80.1,22.9,8.1,24.2,11.6,31.8,1,1
399,Jaylen Brown,2,29.7,6.7,14.0,4.8,8.9,1.9,5.1,2.6,3.7,0.9,4.3,5.2,2.2,1.0,0.4,2.0,2.5,17.9,0.477,0.541,0.367,0.724,0.573,0.544,F-G,29.5,108.0,109.0,8.1,16.5,9.6,12.4,11.4,25.9,0,0
400,Fred Brown,1,25.4,6.2,13.1,6.1,12.7,0.1,0.3,2.0,2.3,0.7,1.7,2.7,3.3,1.2,0.2,0.9,2.0,14.6,0.478,0.48,0.373,0.858,0.518,0.482,G,63.2,107.0,101.0,22.6,17.7,5.5,20.2,11.6,24.2,0,0
404,Terrell Brandon,2,29.8,5.4,12.0,4.9,10.5,0.5,1.5,2.5,2.8,0.6,2.4,3.0,6.1,1.6,0.3,2.0,1.8,13.8,0.448,0.462,0.355,0.873,0.519,0.471,G,65.9,110.0,105.0,30.3,19.7,6.1,35.5,12.9,23.9,0,0
405,Elton Brand,2,33.0,6.2,12.5,6.2,12.4,0.0,0.0,3.4,4.7,3.1,5.4,8.5,2.1,0.9,1.7,1.9,2.9,15.9,0.5,0.501,0.095,0.736,0.548,0.501,F-C,109.6,110.0,104.0,37.3,20.5,15.0,11.7,11.8,22.8,0,0
407,Chris Bosh,11,35.8,7.0,14.1,6.6,13.1,0.3,1.0,5.0,6.3,2.2,6.3,8.5,2.0,0.8,1.0,2.0,2.4,19.2,0.494,0.506,0.335,0.799,0.571,0.506,F-C,106.0,113.0,105.0,31.1,20.6,14.1,9.9,10.7,24.6,1,0
409,Carlos Boozer,2,31.2,6.8,13.0,6.8,13.0,0.0,0.0,2.6,3.7,2.4,7.1,9.5,2.2,0.9,0.4,2.1,3.0,16.2,0.521,0.522,0.071,0.722,0.554,0.521,F-C,80.3,108.0,102.0,23.1,19.5,17.7,13.2,12.6,24.3,0,0
411,Devin Booker,3,33.8,8.4,18.2,6.4,12.5,2.1,5.8,5.1,5.8,0.6,3.4,4.0,4.7,0.8,0.3,3.1,3.0,23.9,0.461,0.508,0.358,0.868,0.575,0.517,G,35.6,110.0,114.0,13.0,18.4,6.5,23.7,12.9,30.3,0,0
413,Mookie Blaylock,1,34.9,5.3,12.9,3.8,8.6,1.4,4.3,1.4,1.9,1.1,3.0,4.1,6.7,2.3,0.3,2.3,1.9,13.5,0.409,0.445,0.336,0.736,0.488,0.465,G,71.8,106.0,105.0,39.2,16.8,6.6,30.9,14.4,20.1,0,0
414,Rolando Blackman,4,32.7,7.0,14.3,6.8,13.6,0.2,0.7,3.7,4.4,1.1,2.3,3.3,3.0,0.7,0.3,1.9,1.7,18.0,0.493,0.501,0.343,0.84,0.555,0.501,G,75.6,113.0,112.0,19.8,16.7,5.7,14.4,10.3,23.2,0,0
415,Otis Birdsong,4,31.1,7.7,15.2,7.6,14.9,0.1,0.3,2.6,3.9,1.3,1.7,3.0,3.2,1.2,0.2,2.1,2.6,18.0,0.506,0.51,0.274,0.655,0.533,0.509,G,48.2,107.0,107.0,14.3,16.5,5.3,16.0,11.2,24.5,0,0
416,Larry Bird,12,38.4,9.6,19.3,8.9,17.4,0.7,1.9,4.4,5.0,2.0,8.0,10.0,6.3,1.7,0.8,3.1,2.5,24.3,0.496,0.509,0.376,0.886,0.564,0.514,F,145.8,115.0,101.0,77.2,23.5,14.5,24.7,12.7,26.5,1,1
417,Dave Bing,7,36.4,7.7,17.5,7.7,17.5,0.0,0.0,4.9,6.3,0.5,0.8,3.8,6.0,0.5,0.1,0.2,2.9,20.3,0.441,0.441,0.0,0.775,0.502,0.441,G,68.8,99.0,100.0,5.6,17.6,4.7,24.3,16.8,22.1,1,0
418,Chauncey Billups,5,31.6,4.5,10.9,2.8,6.4,1.8,4.5,4.3,4.8,0.5,2.4,2.9,5.4,1.0,0.2,2.0,2.1,15.2,0.415,0.435,0.387,0.894,0.58,0.495,G,120.8,118.0,107.0,43.5,18.8,5.3,28.1,13.6,21.9,0,0
422,Butch Beard,1,23.6,3.6,7.4,3.6,7.4,0.0,0.0,2.1,2.7,0.8,1.6,3.4,3.6,0.8,0.1,0.3,2.6,9.3,0.487,0.487,0.0,0.771,0.54,0.487,G,32.8,105.0,100.0,6.2,15.0,7.1,20.2,18.8,16.1,0,0
423,Bradley Beal,3,34.7,8.1,17.6,5.9,11.7,2.2,5.9,3.8,4.6,0.9,3.2,4.1,4.3,1.1,0.4,2.5,2.2,22.1,0.46,0.503,0.372,0.823,0.564,0.522,G,52.3,110.0,112.0,22.6,18.4,6.5,20.6,11.1,27.7,0,0
425,Rick Barry,8,36.3,9.1,20.4,9.0,20.1,0.1,0.3,4.8,5.3,0.6,3.0,6.5,5.1,1.4,0.3,0.7,2.9,23.2,0.449,0.45,0.33,0.9,0.51,0.451,F,93.4,105.0,99.0,24.8,20.2,7.8,20.3,13.2,23.1,1,0
426,Dana Barros,1,22.9,3.9,8.4,2.6,5.3,1.3,3.1,1.5,1.7,0.3,1.6,1.9,3.3,0.9,0.1,1.4,1.3,10.5,0.46,0.488,0.411,0.858,0.572,0.536,G,49.6,114.0,110.0,18.1,16.4,4.7,23.7,13.5,20.0,0,0
430,Charles Barkley,11,36.7,7.9,14.5,7.4,12.7,0.5,1.9,5.9,8.1,4.0,7.7,11.7,3.9,1.5,0.8,3.1,3.1,22.1,0.541,0.581,0.266,0.735,0.612,0.558,F,177.2,119.0,105.0,80.5,24.6,18.2,17.5,14.8,24.8,1,1
431,LaMelo Ball,1,31.8,7.0,16.3,4.1,8.9,2.8,7.5,2.7,3.3,1.3,5.1,6.4,7.3,1.5,0.4,3.2,3.0,19.4,0.426,0.467,0.377,0.828,0.547,0.512,G,10.5,109.0,112.0,6.2,18.6,10.7,35.8,15.3,28.0,0,0
432,Vin Baker,4,32.5,5.9,12.2,5.9,12.0,0.0,0.2,3.1,4.8,2.9,4.6,7.4,1.9,0.7,1.0,2.2,3.2,15.0,0.485,0.49,0.215,0.638,0.522,0.487,F,47.0,104.0,107.0,5.3,16.3,13.4,10.2,13.4,23.0,0,0
433,B.J. Armstrong,1,23.8,3.8,8.0,3.2,6.6,0.6,1.4,1.6,1.9,0.3,1.5,1.8,3.3,0.7,0.1,1.2,1.5,9.8,0.477,0.487,0.425,0.856,0.555,0.513,G,45.0,115.0,110.0,8.1,14.5,4.3,20.9,11.9,18.4,0,0
435,Gilbert Arenas,3,35.1,6.7,16.0,4.8,10.5,2.0,5.6,5.2,6.5,0.8,3.1,3.9,5.3,1.6,0.2,3.2,3.0,20.7,0.421,0.458,0.351,0.803,0.547,0.482,G,51.3,109.0,109.0,22.3,19.6,6.3,26.8,14.3,27.7,0,0
436,Tiny Archibald,6,35.6,6.7,14.4,6.7,14.3,0.0,0.1,5.3,6.6,0.4,1.2,2.3,7.4,0.8,0.1,1.3,2.3,18.8,0.467,0.469,0.224,0.81,0.543,0.468,G,83.4,109.0,105.0,12.9,18.0,3.4,30.1,20.2,18.0,1,0
437,Carmelo Anthony,10,34.5,8.0,18.0,6.7,14.1,1.4,3.9,5.0,6.2,1.6,4.6,6.2,2.7,1.0,0.5,2.4,2.8,22.5,0.447,0.472,0.355,0.814,0.543,0.485,F,108.5,108.0,109.0,36.7,19.5,10.1,14.4,10.5,29.7,0,0
438,Giannis Antetokounmpo,7,32.5,8.2,15.3,7.5,12.9,0.7,2.4,5.6,7.8,1.8,7.8,9.6,4.7,1.1,1.3,3.0,3.0,22.6,0.537,0.583,0.288,0.709,0.605,0.559,F-G,96.0,116.0,104.0,48.4,24.9,16.0,25.0,13.7,28.9,0,1
439,Kenny Anderson,1,30.1,4.7,11.1,4.0,9.2,0.6,1.8,2.6,3.3,0.8,2.3,3.1,6.1,1.5,0.1,2.1,2.3,12.6,0.421,0.436,0.346,0.79,0.501,0.449,G,62.5,108.0,106.0,21.9,16.4,5.7,33.2,14.1,21.3,0,0
440,Ray Allen,10,35.6,6.6,14.6,4.3,8.9,2.3,5.7,3.4,3.8,0.9,3.1,4.1,3.4,1.1,0.2,2.1,2.2,18.9,0.452,0.485,0.4,0.894,0.58,0.53,G,145.1,114.0,108.0,57.6,18.6,6.8,16.5,11.4,23.8,1,0
441,Jarrett Allen,1,27.6,4.7,7.5,4.7,7.3,0.0,0.3,2.5,3.5,2.8,6.1,8.9,1.4,0.6,1.3,1.3,2.1,12.0,0.63,0.645,0.183,0.705,0.662,0.633,C-F,44.2,128.0,108.0,10.9,20.0,17.6,7.8,12.9,16.4,0,0
442,LaMarcus Aldridge,7,33.7,7.7,15.7,7.5,15.0,0.2,0.7,3.4,4.2,2.6,5.5,8.1,1.9,0.7,1.1,1.5,2.4,19.1,0.493,0.5,0.32,0.813,0.544,0.499,F-C,115.7,113.0,107.0,33.4,20.7,13.8,10.2,8.0,25.7,0,0
443,Danny Ainge,1,26.6,4.5,9.5,3.5,7.0,1.0,2.5,1.6,1.9,0.7,2.0,2.7,4.0,1.1,0.1,1.5,2.4,11.5,0.469,0.502,0.378,0.846,0.555,0.519,G,71.5,114.0,108.0,21.9,14.7,5.6,20.8,12.7,18.5,0,0
444,Mark Aguirre,3,30.0,7.8,16.1,7.4,14.7,0.4,1.4,4.0,5.4,1.8,3.1,5.0,3.1,0.7,0.3,2.5,2.8,20.0,0.484,0.5,0.312,0.741,0.542,0.498,F-G,67.8,109.0,110.0,24.4,19.0,9.2,16.9,11.9,29.1,0,0
445,Bam Adebayo,2,29.4,5.6,10.2,5.6,10.1,0.0,0.1,3.4,4.5,2.2,6.3,8.5,3.4,1.0,0.9,2.2,2.5,14.7,0.553,0.56,0.129,0.754,0.604,0.554,C-F,42.5,117.0,107.0,14.3,20.0,16.3,19.0,15.0,21.6,0,0
446,Michael Adams,1,31.3,5.0,12.0,3.5,7.6,1.5,4.4,3.3,3.9,0.6,2.3,2.9,6.4,1.7,0.1,2.1,1.8,14.7,0.415,0.462,0.332,0.849,0.536,0.475,G,46.9,112.0,110.0,19.9,16.6,5.0,28.2,13.5,20.2,0,0
447,Alvan Adams,1,27.5,5.8,11.6,5.8,11.6,0.0,0.0,2.5,3.2,2.0,5.0,7.0,4.1,1.3,0.8,2.2,3.3,14.1,0.498,0.498,0.133,0.788,0.541,0.498,C-F,73.5,105.0,100.0,33.0,18.3,14.1,21.4,17.8,22.0,0,0
448,Shareef Abdur-Rahim,1,34.8,6.5,13.9,6.4,13.2,0.2,0.6,4.8,6.0,2.3,5.3,7.5,2.5,1.0,0.8,2.6,2.8,18.1,0.472,0.48,0.297,0.81,0.549,0.479,F,71.2,108.0,107.0,21.9,19.0,12.5,13.6,13.5,25.0,0,0
449,Kareem Abdul-Jabbar,19,36.8,10.2,18.1,10.2,18.1,0.0,0.0,4.3,6.0,1.9,6.0,11.2,3.6,0.7,2.0,1.6,3.0,24.6,0.559,0.56,0.056,0.721,0.592,0.559,C,273.4,115.0,99.0,85.7,24.6,15.7,14.6,13.4,24.3,1,1
