Rk,Player,From,To,Age,G,GS,AS,MP,FG,FGA,2P,2PA,3P,3PA,FT,FTA,ORB,DRB,TRB,AST,STL,BLK,TOV,PF,PTS,FG%,2P%,3P%,FT%,TS%,eFG%,Pos,Team,-9999
1,George Yardley,1953-54,1959-60,25-31,472,,6,33.4,6.8,16.0,6.8,16.0,,,5.7,7.3,,,8.9,1.7,,,,3.0,19.2,.422,.422,,.780,.499,.422,F-G,DETFTWSYR,yardlge01
2,James Worthy,1982-83,1993-94,21-32,926,717,7,32.4,7.4,14.3,7.3,13.7,0.1,0.5,2.6,3.4,1.7,3.4,5.1,3.0,1.1,0.7,2.0,2.1,17.6,.521,.532,.241,.769,.559,.525,F,LAL,worthja01
3,Dominique Wilkins,1982-83,1998-99,23-39,1074,995,9,35.5,9.3,20.1,8.6,18.0,0.7,2.1,5.6,6.9,2.7,3.9,6.7,2.5,1.3,0.6,2.5,1.9,24.8,.461,.478,.319,.811,.536,.478,F-G,ATLBOSLACORLSAS,wilkido01
4,Jamaal Wilkes,1974-75,1985-86,21-32,828,245,3,32.9,7.5,15.1,7.5,15.0,0.0,0.1,2.6,3.5,2.0,4.2,6.2,2.5,1.3,0.3,1.5,2.8,17.7,.499,.501,.135,.759,.533,.500,F-G,GSWLACLAL,wilkeja01
5,Lenny Wilkens,1960-61,1974-75,23-37,1077,,9,35.3,5.7,13.3,5.7,13.3,,,5.0,6.5,0.1,0.3,4.7,6.7,0.2,0.0,,3.1,16.5,.432,.432,,.774,.511,.432,G,CLEPORSEASTL,wilkele01
6,Jo Jo White,1969-70,1980-81,23-34,837,,7,35.8,7.4,16.6,7.4,16.6,0.0,0.0,2.5,3.0,0.6,1.8,4.0,4.9,0.8,0.1,0.6,2.5,17.2,.444,.444,.167,.834,.481,.444,G,BOSGSWKCK,whitejo01
7,Paul Westphal,1972-73,1983-84,22-33,823,73,5,25.5,6.2,12.3,6.1,12.0,0.1,0.2,3.2,3.8,0.5,1.4,1.9,4.4,1.2,0.3,1.4,2.1,15.6,.504,.508,.275,.820,.558,.506,G,BOSNYKPHOSEA,westppa01
8,Jerry West,1960-61,1973-74,22-35,932,,14,39.2,9.7,20.4,9.7,20.4,,,7.7,9.4,0.0,0.1,5.8,6.7,0.1,0.0,,2.6,27.0,.474,.474,,.814,.550,.474,G,LAL,westje01
9,Chris Webber,1993-94,2007-08,20-34,831,827,5,37.1,8.7,18.1,8.3,17.0,0.3,1.1,3.0,4.7,2.7,7.0,9.8,4.2,1.4,1.4,2.8,3.2,20.7,.479,.490,.299,.649,.513,.487,F-C,DETGSWPHISACWASWSB,webbech01
10,Bobby Wanzer,1948-49,1956-57,27-35,568,,5,21.4,4.0,10.2,4.0,10.2,,,4.2,5.2,,,3.5,3.2,,,,2.2,12.2,.393,.393,,.802,.489,.393,G,ROC,wanzebo01
11,Bill Walton,1974-75,1986-87,22-34,468,117,2,28.3,5.5,10.5,5.5,10.5,0.0,0.0,2.4,3.6,2.4,8.2,10.5,3.4,0.8,2.2,1.8,2.8,13.3,.521,.521,.000,.660,.551,.521,C-F,BOSLACPORSDC,waltobi01
12,Ben Wallace,1996-97,2011-12,22-37,1088,912,4,29.5,2.4,5.0,2.4,4.9,0.0,0.0,1.0,2.5,3.2,6.5,9.6,1.3,1.3,2.0,1.0,1.9,5.7,.474,.477,.137,.414,.474,.475,F-C,CHICLEDETORLWASWSB,wallabe01
13,Chet Walker,1962-63,1974-75,22-34,1032,,7,32.4,6.7,14.2,6.7,14.2,,,4.9,6.2,0.2,0.6,7.1,2.1,0.1,0.0,,2.6,18.2,.470,.470,,.796,.540,.470,F-G,CHIPHISYR,walkech01
14,Wes Unseld,1968-69,1980-81,22-34,984,,5,36.4,4.4,8.7,4.4,8.7,0.0,0.0,1.9,3.0,2.1,5.1,14.0,3.9,0.6,0.4,0.6,2.8,10.8,.509,.509,.500,.633,.537,.509,C-F,BALCAPWSB,unselwe01
15,Jack Twyman,1955-56,1965-66,21-31,823,,6,31.8,7.6,16.9,7.6,16.9,,,4.1,5.3,,,6.6,2.3,,,,3.4,19.2,.450,.450,,.778,.502,.450,F-G,CINROC,twymaja01
16,Rudy Tomjanovich,1970-71,1980-81,22-32,768,,5,33.5,7.3,14.6,7.3,14.5,0.0,0.2,2.7,3.5,1.5,3.6,8.1,2.0,0.5,0.2,0.4,2.5,17.4,.501,.504,.262,.784,.539,.502,F,HOUSDR,tomjaru01
17,Nate Thurmond,1963-64,1976-77,22-35,964,,7,37.2,5.7,13.6,5.7,13.6,,,3.5,5.3,0.8,1.9,15.0,2.7,0.1,0.6,,2.7,15.0,.421,.421,,.667,.470,.421,C-F,CHICLEGSWSFW,thurmna01
18,David Thompson,1976-77,1983-84,22-29,509,69,4,32.0,8.3,16.4,8.2,16.3,0.0,0.2,5.5,7.1,1.4,2.3,3.8,3.2,0.9,0.8,2.2,2.5,22.1,.504,.506,.277,.778,.566,.505,G-F,DENSEA,thompda01
19,Isiah Thomas,1981-82,1993-94,20-32,979,971,12,36.3,7.3,16.2,6.9,14.8,0.4,1.4,4.1,5.4,1.0,2.6,3.6,9.3,1.9,0.3,3.8,3.0,19.2,.452,.468,.290,.759,.516,.465,G,DET,thomais01
20,Maurice Stokes,1955-56,1957-58,22-24,202,,3,37.3,6.2,17.7,6.2,17.7,,,4.0,5.8,,,17.3,5.3,,,,3.9,16.4,.351,.351,,.698,.406,.351,F-C,CINROC,stokema01
21,John Stockton,1984-85,2002-03,22-40,1504,1300,10,31.8,4.7,9.1,4.1,7.6,0.6,1.5,3.2,3.9,0.6,2.1,2.7,10.5,2.2,0.2,2.8,2.6,13.1,.515,.541,.384,.826,.608,.546,G,UTA,stockjo01
22,Jerry Sloan,1965-66,1975-76,23-33,755,,2,34.1,5.5,12.8,5.5,12.8,,,3.1,4.3,0.5,1.1,7.4,2.5,0.5,0.0,,3.6,14.0,.427,.427,,.722,.477,.427,G-F,BALCHI,sloanje01
23,Jack Sikma,1977-78,1990-91,22-35,1107,739,7,33.4,5.8,12.5,5.6,11.9,0.2,0.6,3.9,4.6,2.3,7.5,9.8,3.2,1.0,0.9,2.3,3.5,15.6,.464,.470,.328,.849,.540,.471,C-F,MILSEA,sikmaja01
24,Bill Sharman,1950-51,1960-61,24-34,711,,8,30.7,6.7,15.7,6.7,15.7,,,4.4,5.0,,,3.9,3.0,,,,2.7,17.8,.426,.426,,.883,.497,.426,G,BOSWSC,sharmbi01
25,Charlie Scott,1971-72,1979-80,23-31,560,,3,34.4,7.3,16.5,7.3,16.5,0.0,0.0,3.2,4.2,0.8,2.2,3.6,4.8,1.1,0.3,1.2,3.7,17.9,.444,.444,.182,.772,.487,.444,G-F,BOSDENLALPHO,scottch01
26,Dolph Schayes,1949-50,1963-64,21-35,996,,12,29.9,5.9,15.5,5.9,15.5,,,6.7,7.9,,,11.3,3.1,,,,3.4,18.5,.380,.380,,.849,.488,.380,F-C,PHISYR,schaydo01
27,Ralph Sampson,1983-84,1991-92,23-31,456,363,4,29.8,6.4,13.2,6.4,13.1,0.0,0.1,2.6,3.9,2.6,6.2,8.8,2.3,0.9,1.6,3.0,3.5,15.4,.486,.489,.172,.661,.518,.487,C-F,GSWHOUSACWSB,sampsra01
28,Bill Russell,1956-57,1968-69,22-34,963,,12,42.3,5.9,13.4,5.9,13.4,,,3.3,5.8,,,22.5,4.3,,,,2.7,15.1,.440,.440,,.561,.471,.440,C,BOS,russebi01
29,Dennis Rodman,1986-87,1999-00,25-38,911,573,2,31.7,3.0,5.8,2.9,5.4,0.1,0.4,1.2,2.0,4.8,8.4,13.1,1.8,0.7,0.6,1.6,3.1,7.3,.521,.542,.231,.584,.546,.529,F,CHIDALDETLALSAS,rodmade01
30,Guy Rodgers,1958-59,1969-70,23-34,892,,4,32.1,4.6,12.2,4.6,12.2,,,2.4,3.4,,,4.3,7.8,,,,2.9,11.7,.378,.378,,.721,.426,.378,G,CHICINMILPHWSFW,rodgegu01
31,David Robinson,1989-90,2002-03,24-37,987,985,10,34.7,7.5,14.4,7.4,14.3,0.0,0.1,6.1,8.3,3.1,7.5,10.6,2.5,1.4,3.0,2.4,2.9,21.1,.518,.520,.250,.736,.583,.519,C,SAS,robinda01
32,Oscar Robertson,1960-61,1973-74,22-35,1040,,12,42.2,9.1,18.9,9.1,18.9,,,7.4,8.8,0.1,0.2,7.5,9.5,0.1,0.0,,2.8,25.7,.485,.485,,.838,.564,.485,G-F,CINMIL,roberos01
33,Arnie Risen,1948-49,1957-58,24-33,637,,4,19.9,4.1,10.8,4.1,10.8,,,3.8,5.4,,,7.9,1.7,,,,3.8,12.0,.381,.381,,.699,.456,.381,C-F,BOSROC,risenar01
34,Mitch Richmond,1988-89,2001-02,23-36,976,902,6,35.2,7.5,16.4,6.1,12.9,1.4,3.5,4.7,5.5,0.9,3.0,3.9,3.5,1.2,0.3,2.6,2.6,21.0,.455,.474,.388,.850,.557,.497,G,GSWLALSACWAS,richmmi01
35,Willis Reed,1964-65,1973-74,22-31,650,,7,35.5,7.5,15.7,7.5,15.7,,,3.8,5.1,0.1,0.1,12.9,1.8,0.0,0.0,,3.7,18.7,.476,.476,,.747,.523,.476,C-F,NYK,reedwi01
36,Jim Pollard,1948-49,1954-55,26-32,438,,4,21.4,5.2,14.6,5.2,14.6,,,2.7,3.5,,,5.7,3.2,,,,2.6,13.2,.360,.360,,.750,.408,.360,F-C,MNL,pollaji01
37,Scottie Pippen,1987-88,2003-04,22-38,1178,1053,7,34.9,6.3,13.3,5.5,10.8,0.8,2.5,2.7,3.8,1.8,4.6,6.4,5.2,2.0,0.8,2.8,2.8,16.1,.473,.507,.326,.704,.536,.504,F-G,CHIHOUPOR,pippesc01
38,Paul Pierce,1998-99,2016-17,21-39,1343,1285,10,34.2,6.5,14.5,4.9,10.2,1.6,4.3,5.2,6.4,0.8,4.8,5.6,3.5,1.3,0.6,2.6,2.7,19.7,.445,.478,.368,.806,.568,.500,F-G,BOSBRKLACWAS,piercpa01
39,Andy Phillip,1947-48,1957-58,25-35,701,,5,21.9,3.3,9.0,3.3,9.0,,,2.5,3.6,,,3.4,5.4,,,,2.7,9.1,.368,.368,,.695,.430,.368,G-F,BOSCHSFTWPHW,phillan01
40,Bob Pettit,1954-55,1964-65,22-32,792,,11,38.8,9.3,21.3,9.3,21.3,,,7.8,10.3,,,16.2,3.0,,,,3.2,26.4,.436,.436,,.761,.511,.436,F-C,MLHSTL,pettibo01
41,Gary Payton,1990-91,2006-07,22-38,1335,1233,9,35.3,6.5,14.0,5.7,11.3,0.8,2.7,2.4,3.4,1.0,2.9,3.9,6.7,1.8,0.2,2.3,2.4,16.3,.466,.501,.317,.729,.528,.496,G,BOSLALMIAMILSEA,paytoga01
42,Robert Parish,1976-77,1996-97,23-43,1611,1134,9,28.4,6.0,11.1,6.0,11.1,0.0,0.0,2.5,3.5,2.9,6.3,9.1,1.4,0.8,1.5,2.0,2.8,14.5,.537,.537,.000,.721,.571,.537,C,BOSCHHCHIGSW,parisro01
43,Hakeem Olajuwon,1984-85,2001-02,22-39,1238,1186,12,35.7,8.7,17.0,8.7,16.9,0.0,0.1,4.4,6.2,3.3,7.8,11.1,2.5,1.7,3.1,3.0,3.5,21.8,.512,.514,.202,.712,.553,.513,C,HOUTOR,olajuha01
44,Shaquille O'Neal,1992-93,2010-11,20-38,1207,1197,15,34.7,9.4,16.1,9.4,16.1,0.0,0.0,4.9,9.3,3.5,7.4,10.9,2.5,0.6,2.3,2.7,3.4,23.7,.582,.583,.045,.527,.586,.582,C,BOSCLELALMIAORLPHO,onealsh01
45,Steve Nash,1996-97,2013-14,22-39,1217,1053,8,31.3,5.2,10.6,3.8,7.4,1.4,3.2,2.5,2.8,0.5,2.5,3.0,8.5,0.7,0.1,2.9,1.6,14.3,.490,.518,.428,.904,.605,.556,G,DALLALPHO,nashst01
46,Dikembe Mutombo,1991-92,2008-09,25-42,1196,997,8,30.8,3.5,6.7,3.5,6.7,0.0,0.0,2.8,4.1,3.2,7.1,10.3,1.0,0.4,2.8,1.8,2.8,9.8,.518,.518,.000,.684,.573,.518,C,ATLDENHOUNJNNYKPHI,mutomdi01
47,Calvin Murphy,1970-71,1982-83,22-34,1002,0,1,30.5,7.2,15.0,7.2,14.9,0.0,0.1,3.4,3.9,0.5,1.0,2.1,4.4,1.2,0.1,0.8,3.2,17.9,.482,.484,.139,.892,.536,.483,G,HOUSDR,murphca01
48,Chris Mullin,1985-86,2000-01,22-37,986,822,5,32.6,6.8,13.4,6.0,11.3,0.8,2.2,3.7,4.2,1.0,3.1,4.1,3.5,1.6,0.6,2.3,2.1,18.2,.509,.533,.384,.865,.594,.540,F-G,GSWIND,mullich01
49,Alonzo Mourning,1992-93,2007-08,22-37,838,686,7,31.0,6.1,11.6,6.1,11.5,0.0,0.1,4.8,7.0,2.6,5.9,8.5,1.1,0.5,2.8,2.6,3.4,17.1,.527,.530,.247,.692,.583,.529,C-F,CHHMIANJN,mournal01
50,Earl Monroe,1967-68,1979-80,23-35,926,,4,32.0,7.5,16.1,7.5,16.1,0.0,0.0,3.9,4.9,0.3,1.1,3.0,3.9,0.5,0.1,0.3,2.6,18.8,.464,.464,,.807,.517,.464,G,BALNYK,monroea01
51,Sidney Moncrief,1979-80,1990-91,22-33,767,513,5,30.2,5.4,10.7,5.2,10.2,0.1,0.5,4.7,5.6,1.9,2.8,4.7,3.6,1.2,0.3,2.0,2.1,15.6,.502,.513,.284,.831,.591,.509,G,ATLMIL,moncrsi01
52,Yao Ming,2002-03,2010-11,22-30,486,476,8,32.5,7.0,13.3,7.0,13.2,0.0,0.0,5.1,6.1,2.5,6.7,9.2,1.6,0.4,1.9,2.7,3.3,19.0,.524,.525,.200,.833,.596,.525,C,HOU,mingya01
53,Reggie Miller,1987-88,2004-05,22-39,1389,1304,5,34.3,5.9,12.6,4.1,7.9,1.8,4.7,4.5,5.1,0.6,2.4,3.0,3.0,1.1,0.2,1.7,2.0,18.2,.471,.516,.395,.888,.614,.544,G-F,IND,millere01
54,Vern Mikkelsen,1949-50,1958-59,21-30,699,,6,26.4,5.1,12.6,5.1,12.6,,,4.2,5.5,,,8.5,2.2,,,,4.0,14.4,.403,.403,,.766,.478,.403,F-C,MNL,mikkeve01
55,George Mikan,1948-49,1955-56,24-31,439,,4,19.0,8.1,20.0,8.1,20.0,,,7.0,8.9,,,9.5,2.8,,,,4.2,23.1,.404,.404,,.782,.483,.404,C,MNL,mikange01
56,Kevin McHale,1980-81,1992-93,23-35,971,400,7,31.0,7.0,12.7,7.0,12.5,0.0,0.2,3.7,4.7,2.4,4.9,7.3,1.7,0.4,1.7,1.9,2.8,17.9,.554,.558,.261,.798,.605,.555,F-C,BOS,mchalke01
57,Dick McGuire,1949-50,1959-60,24-34,738,,7,23.3,2.8,7.1,2.8,7.1,,,2.5,3.8,,,3.8,5.7,,,,2.3,8.0,.389,.389,,.644,.455,.389,G,DETNYK,mcguidi01
58,Tracy McGrady,1997-98,2011-12,18-32,938,703,7,32.7,7.2,16.4,6.0,13.0,1.2,3.4,4.1,5.5,1.4,4.2,5.6,4.4,1.2,0.9,2.2,1.8,19.6,.435,.461,.338,.746,.519,.470,G-F,ATLDETHOUNYKORLTOR,mcgratr01
59,George McGinnis,1975-76,1981-82,25-31,528,158,3,30.7,6.4,14.3,6.4,14.3,0.0,0.0,4.4,6.7,3.0,6.8,9.8,3.8,1.7,0.4,2.4,3.8,17.2,.448,.449,.080,.651,.498,.448,F-C,DENINDPHI,mcginge01
60,Bob McAdoo,1972-73,1985-86,21-34,852,1,5,33.2,8.7,17.3,8.7,17.3,0.0,0.0,4.6,6.1,2.1,6.5,9.4,2.3,0.9,1.3,1.4,3.2,22.1,.503,.504,.081,.754,.551,.503,C-F,BOSBUFDETLALNJNNYKPHI,mcadobo01
61,Slater Martin,1949-50,1959-60,24-34,745,,7,29.4,3.5,9.7,3.5,9.7,,,2.8,3.7,,,3.1,4.2,,,,3.0,9.8,.364,.364,,.762,.436,.364,G,MNLNYKSTL,martisl01
62,Pete Maravich,1970-71,1979-80,23-32,658,4,5,37.0,9.4,21.3,9.4,21.3,0.0,0.0,5.4,6.6,0.6,2.2,4.2,5.4,0.9,0.2,0.8,2.8,24.2,.441,.441,.667,.820,.500,.441,G,ATLBOSNOJUTA,maravpe01
63,Moses Malone,1976-77,1994-95,21-39,1329,784,12,33.9,7.1,14.5,7.1,14.4,0.0,0.1,6.4,8.3,5.1,7.1,12.2,1.4,0.8,1.3,2.9,2.3,20.6,.491,.492,.100,.769,.569,.491,C-F,ATLBUFHOUMILPHISASWSB,malonmo01
64,Karl Malone,1985-86,2003-04,22-40,1476,1471,14,37.2,9.2,17.8,9.1,17.5,0.1,0.2,6.6,8.9,2.4,7.7,10.1,3.6,1.4,0.8,3.1,3.1,25.0,.516,.519,.274,.742,.577,.518,F,LALUTA,malonka01
65,Ed Macauley,1949-50,1958-59,21-30,641,,7,28.2,5.8,13.4,5.8,13.4,,,5.9,7.7,,,6.7,3.2,,,,2.6,17.5,.436,.436,,.761,.522,.436,C-F,BOSSTBSTL,macaued01
66,Jerry Lucas,1963-64,1973-74,23-33,829,,7,38.8,6.9,13.8,6.9,13.8,,,3.2,4.1,0.1,0.4,15.6,3.3,0.0,0.0,,2.9,17.0,.499,.499,,.783,.544,.499,F-C,CINNYKSFW,lucasje01
67,Clyde Lovellette,1953-54,1963-64,24-34,704,,4,27.1,6.8,15.3,6.8,15.3,,,3.4,4.5,,,9.5,1.6,,,,3.3,17.0,.443,.443,,.757,.491,.443,C-F,BOSCINMNLSTL,lovelcl01
68,Bob Lanier,1970-71,1983-84,22-35,959,179,8,33.5,8.1,15.7,8.1,15.7,0.0,0.0,3.9,5.1,1.9,5.1,10.1,3.1,0.8,1.1,1.2,3.2,20.1,.514,.515,.154,.767,.559,.514,C,DETMIL,laniebo01
69,Bernard King,1977-78,1992-93,21-36,874,547,4,33.7,9.0,17.3,8.9,17.1,0.0,0.2,4.5,6.2,1.9,3.8,5.8,3.3,1.0,0.3,3.2,3.3,22.5,.518,.521,.172,.730,.561,.519,F,GSWNJNNYKUTAWSB,kingbe01
70,Jason Kidd,1994-95,2012-13,21-39,1391,1350,10,36.0,4.5,11.2,3.0,7.1,1.4,4.1,2.2,2.8,1.3,5.0,6.3,8.7,1.9,0.3,2.9,1.8,12.6,.400,.429,.349,.785,.507,.464,G,DALNJNNYKPHO,kiddja01
71,Michael Jordan,1984-85,2002-03,21-39,1072,1039,14,38.3,11.4,22.9,10.8,21.2,0.5,1.7,6.8,8.2,1.6,4.7,6.2,5.3,2.3,0.8,2.7,2.6,30.1,.497,.510,.327,.835,.569,.509,G-F,CHIWAS,jordami01
72,Sam Jones,1957-58,1968-69,24-35,871,,5,27.9,7.2,15.8,7.2,15.8,,,3.3,4.1,,,4.9,2.5,,,,2.0,17.7,.456,.456,,.803,.503,.456,G-F,BOS,jonessa01
73,Bobby Jones,1976-77,1985-86,25-34,774,138,4,26.1,4.4,8.0,4.4,8.0,0.0,0.0,2.7,3.5,1.7,3.8,5.5,2.4,1.4,1.3,1.6,2.7,11.5,.550,.552,.000,.780,.604,.550,F,DENPHI,jonesbo01
74,Neil Johnston,1951-52,1958-59,22-29,516,,6,35.5,6.4,14.4,6.4,14.4,,,6.6,8.6,,,11.3,2.5,,,,3.3,19.4,.444,.444,,.768,.534,.444,C,PHW,johnsne01
75,Magic Johnson,1979-80,1995-96,20-36,906,763,11,36.7,6.9,13.2,6.5,12.0,0.4,1.2,5.5,6.5,1.8,5.5,7.2,11.2,1.9,0.4,3.9,2.3,19.5,.520,.541,.303,.848,.610,.533,G-F,LAL,johnsma02
76,Gus Johnson,1963-64,1972-73,25-34,581,,5,34.7,7.1,16.1,7.1,16.1,,,2.9,4.2,,,12.7,2.7,,,,3.5,17.1,.440,.440,,.699,.476,.440,F-C,BALPHO,johnsgu01
77,Dennis Johnson,1976-77,1989-90,22-35,1100,673,5,32.7,5.3,11.9,5.2,11.5,0.1,0.4,3.4,4.3,1.3,2.5,3.9,5.0,1.3,0.6,2.2,2.8,14.1,.445,.455,.172,.797,.511,.448,G,BOSPHOSEA,johnsde01
78,Allen Iverson,1996-97,2009-10,21-34,914,901,11,41.1,9.3,21.8,8.1,18.1,1.2,3.7,7.0,8.9,0.8,2.9,3.7,6.2,2.2,0.2,3.6,1.9,26.7,.425,.448,.313,.780,.518,.452,G,DENDETMEMPHI,iversal01
79,Dan Issel,1976-77,1984-85,28-36,718,236,1,31.1,7.6,14.9,7.5,14.8,0.0,0.1,5.3,6.6,2.3,5.6,7.9,2.5,1.0,0.6,1.8,2.8,20.4,.506,.508,.253,.797,.572,.507,C-F,DEN,isselda01
80,Lou Hudson,1966-67,1978-79,22-34,890,,6,33.5,8.3,17.0,8.3,17.0,,,3.5,4.4,0.5,0.8,4.4,2.7,0.6,0.1,0.3,2.7,20.2,.489,.489,,.797,.532,.489,F-G,ATLLALSTL,hudsolo01
81,Bailey Howell,1959-60,1970-71,23-34,950,,6,32.2,6.9,14.3,6.9,14.3,,,5.0,6.6,,,9.9,2.0,,,,3.7,18.7,.480,.480,,.762,.544,.480,F,BALBOSDETPHI,howelba01
82,Grant Hill,1994-95,2012-13,22-40,1026,972,7,33.9,6.2,12.8,6.0,12.1,0.2,0.7,4.1,5.4,1.1,4.9,6.0,4.1,1.2,0.6,2.4,2.3,16.7,.483,.493,.314,.769,.551,.492,F-G,DETLACORLPHO,hillgr01
83,Tom Heinsohn,1956-57,1964-65,22-30,654,,6,29.4,7.3,18.0,7.3,18.0,,,4.0,5.1,,,8.8,2.0,,,,3.8,18.6,.405,.405,,.790,.460,.405,F-C,BOS,heinsto01
84,Spencer Haywood,1970-71,1982-83,21-33,760,88,4,33.7,7.6,16.4,7.6,16.4,0.0,0.0,4.0,5.0,2.0,4.2,9.3,1.8,0.5,0.8,0.9,2.9,19.2,.465,.465,.125,.800,.517,.465,F-C,LALNOJNYKSEAWSB,haywosp01
85,Elvin Hayes,1968-69,1983-84,23-38,1303,129,12,38.4,8.4,18.6,8.4,18.6,0.0,0.0,4.1,6.1,2.1,5.4,12.5,1.8,0.7,1.4,1.0,3.2,21.0,.452,.453,.147,.670,.491,.452,F-C,BALCAPHOUSDRWSB,hayesel01
86,Connie Hawkins,1969-70,1975-76,27-33,499,,4,34.5,6.0,12.9,6.0,12.9,,,4.4,5.6,0.7,1.8,8.0,4.1,0.5,0.3,,2.9,16.5,.467,.467,,.785,.535,.467,F-C,ATLLALPHO,hawkico01
87,John Havlicek,1962-63,1977-78,22-37,1270,,13,36.6,8.3,18.8,8.3,18.8,,,4.2,5.2,0.5,1.1,6.3,4.8,0.4,0.1,0.2,2.6,20.8,.439,.439,,.815,.492,.439,F-G,BOS,havlijo01
88,Tim Hardaway,1989-90,2002-03,23-36,867,770,5,35.3,6.5,15.1,4.7,10.1,1.8,5.0,2.9,3.8,0.6,2.7,3.3,8.2,1.6,0.1,2.9,2.3,17.7,.431,.469,.355,.782,.530,.490,G,DALDENGSWINDMIA,hardati01
89,Cliff Hagan,1956-57,1965-66,25-34,745,,5,29.2,7.0,15.6,7.0,15.6,,,4.0,5.0,,,6.9,3.0,,,,3.2,18.0,.450,.450,,.798,.507,.450,F-G,STL,hagancl01
90,Richie Guerin,1956-57,1969-70,24-37,848,,6,32.4,6.1,14.7,6.1,14.7,,,5.1,6.5,,,5.0,5.0,,,,3.3,17.3,.416,.416,,.780,.493,.416,G,ATLNYKSTL,gueriri01
91,Hal Greer,1958-59,1972-73,22-36,1122,,10,35.5,7.6,16.8,7.6,16.8,,,4.1,5.1,,,5.0,4.0,,,,3.4,19.2,.452,.452,,.801,.506,.452,G-F,PHISYR,greerha01
92,Gail Goodrich,1965-66,1978-79,22-35,1031,,5,32.5,7.2,15.8,7.2,15.8,,,4.2,5.2,0.4,0.6,3.2,4.7,0.5,0.1,0.4,2.7,18.6,.456,.456,,.807,.514,.456,G,LALNOJPHO,goodrga01
93,Tom Gola,1955-56,1965-66,23-33,698,,5,32.3,4.2,9.9,4.2,9.9,,,2.8,3.7,,,8.0,4.2,,,,3.9,11.3,.431,.431,,.760,.491,.431,G-F,NYKPHWSFW,golato01
94,Manu Gin√≥bili,2002-03,2017-18,25-40,1057,349,2,25.4,4.3,9.7,2.9,5.9,1.4,3.8,3.2,3.9,0.6,2.8,3.5,3.8,1.3,0.3,2.0,2.1,13.3,.447,.498,.369,.827,.582,.520,G,SAS,ginobma01
95,Artis Gilmore,1976-77,1987-88,27-38,909,476,6,32.7,6.3,10.5,6.3,10.5,0.0,0.0,4.5,6.3,2.9,7.2,10.1,2.0,0.5,1.9,2.6,3.3,17.1,.599,.600,.077,.713,.643,.599,C,BOSCHISAS,gilmoar01
96,George Gervin,1976-77,1985-86,24-33,791,377,9,33.5,10.2,19.9,10.1,19.6,0.1,0.3,5.7,6.8,1.5,3.1,4.6,2.8,1.2,0.8,2.7,2.9,26.2,.511,.514,.297,.844,.572,.513,G-F,CHISAS,gervige01
97,Kevin Garnett,1995-96,2015-16,19-39,1462,1425,15,34.5,7.2,14.5,7.1,14.0,0.1,0.4,3.3,4.2,2.2,7.8,10.0,3.7,1.3,1.4,2.2,2.4,17.8,.497,.504,.275,.789,.546,.501,F-C,BOSBRKMIN,garneke01
98,Harry Gallatin,1948-49,1957-58,21-30,682,,7,23.2,4.1,10.3,4.1,10.3,,,4.7,6.1,,,9.8,1.8,,,,3.1,13.0,.398,.398,,.773,.497,.398,F-C,DETNYK,gallaha01
99,Joe Fulks,1946-47,1953-54,25-32,489,,2,9.2,5.8,19.1,5.8,19.1,,,4.8,6.3,,,2.8,1.2,,,,3.6,16.4,.302,.302,,.766,.374,.302,F-C,PHW,fulksjo01
100,Walt Frazier,1967-68,1979-80,22-34,825,,7,37.5,7.4,15.2,7.4,15.2,0.0,0.0,4.0,5.1,0.5,1.8,5.9,6.1,0.8,0.1,0.2,2.6,18.9,.490,.490,.000,.786,.542,.490,G,CLENYK,fraziwa01
101,Patrick Ewing,1985-86,2001-02,23-39,1183,1122,11,34.3,8.2,16.3,8.2,16.2,0.0,0.1,4.6,6.2,2.3,7.5,9.8,1.9,1.0,2.4,3.0,3.4,21.0,.504,.507,.152,.740,.553,.505,C-F,NYKORLSEA,ewingpa01
102,Julius Erving,1976-77,1986-87,26-36,836,823,11,34.3,8.7,17.1,8.6,16.9,0.1,0.2,4.6,5.9,2.5,4.2,6.7,3.9,1.8,1.5,2.8,2.7,22.0,.507,.510,.261,.777,.558,.509,F-G,PHI,ervinju01
103,Alex English,1976-77,1990-91,23-37,1193,753,8,31.9,8.9,17.6,8.9,17.6,0.0,0.1,3.6,4.3,2.3,3.2,5.5,3.6,0.9,0.7,2.4,2.5,21.5,.507,.508,.217,.832,.550,.507,F,DALDENINDMIL,englial01
104,Wayne Embry,1958-59,1968-69,21-31,831,,5,26.2,4.8,10.9,4.8,10.9,,,2.9,4.5,,,9.1,1.4,,,,3.4,12.5,.440,.440,,.640,.484,.440,C-F,BOSCINMIL,embrywa01
105,Tim Duncan,1997-98,2015-16,21-39,1392,1389,15,34.0,7.4,14.6,7.4,14.5,0.0,0.1,4.2,6.1,2.8,8.1,10.8,3.0,0.7,2.2,2.4,2.4,19.0,.506,.509,.179,.696,.551,.507,F-C,SAS,duncati01
106,Joe Dumars,1985-86,1998-99,22-35,1018,944,6,34.5,5.9,12.8,4.9,10.2,1.0,2.5,3.4,4.0,0.7,1.5,2.2,4.5,0.9,0.1,2.0,1.8,16.1,.460,.480,.382,.843,.554,.498,G,DET,dumarjo01
107,Clyde Drexler,1983-84,1997-98,21-35,1086,950,10,34.6,7.7,16.3,6.9,13.9,0.8,2.4,4.3,5.5,2.4,3.7,6.1,5.6,2.0,0.7,2.7,3.0,20.4,.472,.498,.318,.788,.547,.495,G,HOUPOR,drexlcl01
108,Vlade Divac,1989-90,2004-05,21-36,1134,979,1,29.8,4.6,9.3,4.5,8.9,0.1,0.4,2.5,3.7,2.5,5.7,8.2,3.1,1.1,1.4,2.2,3.2,11.8,.495,.506,.235,.692,.543,.500,C,CHHLALSAC,divacvl01
109,Dave DeBusschere,1962-63,1973-74,22-33,875,,8,35.7,6.5,15.1,6.5,15.1,,,3.0,4.3,0.2,0.7,11.0,2.9,0.1,0.0,,3.2,16.1,.432,.432,,.699,.472,.432,F-G,DETNYK,debusda01
110,Bob Davies,1948-49,1954-55,29-35,462,,4,18.7,5.0,13.1,5.0,13.1,,,4.4,5.7,,,2.1,4.9,,,,3.4,14.3,.378,.378,,.759,.456,.378,G-F,ROC,daviebo01
111,Adrian Dantley,1976-77,1990-91,21-35,955,546,6,35.8,8.6,15.8,8.5,15.8,0.0,0.0,7.2,8.7,2.3,3.4,5.7,3.0,1.0,0.2,2.6,2.7,24.3,.540,.541,.171,.818,.617,.540,F-G,BUFDALDETINDLALMILUTA,dantlad01
112,Bob Dandridge,1969-70,1981-82,22-34,839,0,4,35.2,7.7,15.9,7.7,15.9,0.0,0.0,3.1,4.0,1.1,2.8,6.8,3.4,0.8,0.4,0.8,3.5,18.5,.484,.484,.167,.780,.524,.484,F-G,MILWSB,dandrbo01
113,Billy Cunningham,1965-66,1975-76,22-32,654,,4,34.3,7.8,17.5,7.8,17.5,,,5.2,7.2,0.2,1.1,10.1,4.0,0.2,0.1,,3.7,20.8,.446,.446,,.720,.503,.446,F-C,PHI,cunnibi01
114,Dave Cowens,1970-71,1982-83,22-34,766,89,8,38.6,7.5,16.3,7.5,16.3,0.0,0.0,2.6,3.4,2.1,6.7,13.6,3.8,0.8,0.6,0.7,3.8,17.6,.460,.460,.071,.783,.496,.460,C-F,BOSMIL,cowenda01
115,Bob Cousy,1950-51,1969-70,22-41,924,,13,32.6,6.7,17.8,6.7,17.8,,,5.0,6.2,,,5.2,7.5,,,,2.4,18.4,.375,.375,,.803,.446,.375,G,BOSCIN,cousybo01
116,Larry Costello,1954-55,1967-68,23-36,706,,6,30.0,4.4,10.0,4.4,10.0,,,3.4,4.1,,,3.8,4.6,,,,3.3,12.2,.438,.438,,.841,.517,.438,G,PHIPHWSYR,costela01
117,Nat Clifton,1950-51,1957-58,28-35,544,,1,26.4,3.8,10.6,3.8,10.6,,,2.4,3.7,,,8.2,2.5,,,,3.4,10.0,.361,.361,,.633,.409,.361,C-F,DETNYK,cliftna01
118,Maurice Cheeks,1978-79,1992-93,22-36,1101,978,4,31.6,4.5,8.5,4.4,8.3,0.0,0.2,2.1,2.7,0.6,2.2,2.8,6.7,2.1,0.3,2.1,2.1,11.1,.523,.529,.255,.793,.572,.526,G,ATLNJNNYKPHISAS,cheekma01
119,Wilt Chamberlain,1959-60,1972-73,23-36,1045,,13,45.8,12.1,22.5,12.1,22.5,,,5.8,11.4,,,22.9,4.4,,,,2.0,30.1,.540,.540,,.511,.547,.540,C,LALPHIPHWSFW,chambwi01
120,Kobe Bryant,1996-97,2015-16,18-37,1346,1198,18,36.1,8.7,19.5,7.3,15.3,1.4,4.1,6.2,7.4,1.1,4.1,5.2,4.7,1.4,0.5,3.0,2.5,25.0,.447,.479,.329,.837,.550,.482,G-F,LAL,bryanko01
121,Carl Braun,1947-48,1961-62,20-34,788,,5,23.4,5.0,13.0,5.0,13.0,,,3.6,4.4,,,2.7,3.7,,,,2.7,13.5,.383,.383,,.804,.452,.383,G-F,BOSNYK,braunca01
122,Bill Bradley,1967-68,1976-77,24-33,742,,1,30.7,5.3,11.8,5.3,11.8,,,1.8,2.2,0.3,0.9,3.2,3.4,0.3,0.1,,3.2,12.4,.448,.448,,.840,.486,.448,F-G,NYK,bradlbi01
123,Chris Bosh,2003-04,2015-16,19-31,893,881,11,35.8,7.0,14.1,6.6,13.1,0.3,1.0,5.0,6.3,2.2,6.3,8.5,2.0,0.8,1.0,2.0,2.4,19.2,.494,.506,.335,.799,.571,.506,F-C,MIATOR,boshch01
124,Larry Bird,1979-80,1991-92,23-35,897,870,12,38.4,9.6,19.3,8.9,17.4,0.7,1.9,4.4,5.0,2.0,8.0,10.0,6.3,1.7,0.8,3.1,2.5,24.3,.496,.509,.376,.886,.564,.514,F,BOS,birdla01
125,Dave Bing,1966-67,1977-78,23-34,901,,7,36.4,7.7,17.5,7.7,17.5,,,4.9,6.3,0.5,0.8,3.8,6.0,0.5,0.1,0.2,2.9,20.3,.441,.441,,.775,.502,.441,G,BOSDETWSB,bingda01
126,Walt Bellamy,1961-62,1974-75,22-35,1043,,4,37.3,7.6,14.7,7.6,14.7,,,4.9,7.8,0.3,0.5,13.7,2.4,0.0,0.0,,3.4,20.1,.516,.516,,.632,.554,.516,C,ATLBALCHPCHZDETNOJNYK,bellawa01
127,Zelmo Beaty,1962-63,1974-75,23-35,570,,2,32.2,6.0,12.7,6.0,12.7,,,4.1,5.4,0.2,0.4,10.4,1.5,0.1,0.1,,3.7,16.0,.469,.469,,.750,.530,.469,C,ATLLALSTL,beatyze01
128,Elgin Baylor,1958-59,1971-72,24-37,846,,11,40.0,10.3,23.8,10.3,23.8,,,6.8,8.7,,,13.5,4.3,,,,3.1,27.4,.431,.431,,.780,.494,.431,F,LALMNL,bayloel01
129,Rick Barry,1965-66,1979-80,21-35,794,,8,36.3,9.1,20.4,9.0,20.1,0.1,0.3,4.8,5.3,0.6,3.0,6.5,5.1,1.4,0.3,0.7,2.9,23.2,.449,.450,.330,.900,.510,.451,F,GSWHOUSFW,barryri01
130,Don Barksdale,1951-52,1954-55,28-31,262,,1,28.5,3.9,10.5,3.9,10.5,,,3.3,5.0,,,8.0,2.1,,,,3.6,11.0,.370,.370,,.660,.436,.370,F-C,BLBBOS,barksdo01
131,Charles Barkley,1984-85,1999-00,21-36,1073,1012,11,36.7,7.9,14.5,7.4,12.7,0.5,1.9,5.9,8.1,4.0,7.7,11.7,3.9,1.5,0.8,3.1,3.1,22.1,.541,.581,.266,.735,.612,.558,F,HOUPHIPHO,barklch01
132,Paul Arizin,1950-51,1961-62,22-33,713,,10,34.9,7.9,18.7,7.9,18.7,,,7.0,8.7,,,8.6,2.3,,,,3.9,22.8,.421,.421,,.810,.506,.421,F-G,PHW,arizipa01
133,Tiny Archibald,1970-71,1983-84,22-35,876,268,6,35.6,6.7,14.4,6.7,14.3,0.0,0.1,5.3,6.6,0.4,1.2,2.3,7.4,0.8,0.1,1.3,2.3,18.8,.467,.469,.224,.810,.543,.468,G,BOSCINKCKKCOMILNYN,architi01
134,Ray Allen,1996-97,2013-14,21-38,1300,1149,10,35.6,6.6,14.6,4.3,8.9,2.3,5.7,3.4,3.8,0.9,3.1,4.1,3.4,1.1,0.2,2.1,2.2,18.9,.452,.485,.400,.894,.580,.530,G,BOSMIAMILSEA,allenra02
135,Kareem Abdul-Jabbar,1969-70,1988-89,22-41,1560,625,19,36.8,10.2,18.1,10.2,18.1,0.0,0.0,4.3,6.0,1.9,6.0,11.2,3.6,0.7,2.0,1.6,3.0,24.6,.559,.560,.056,.721,.592,.559,C,LALMIL,abdulka01